time_s,mean_fidelity,minimum_fidelity,maximum_fidelity,mean_infidelity,F_trajectory_000,F_trajectory_001,F_trajectory_002,F_trajectory_003,F_trajectory_004,F_trajectory_005,F_trajectory_006,F_trajectory_007,F_trajectory_008,F_trajectory_009,F_trajectory_010,F_trajectory_011,F_trajectory_012,F_trajectory_013,F_trajectory_014,F_trajectory_015,F_trajectory_016,F_trajectory_017,F_trajectory_018,F_trajectory_019,F_trajectory_020,F_trajectory_021,F_trajectory_022,F_trajectory_023,F_trajectory_024,F_trajectory_025,F_trajectory_026,F_trajectory_027,F_trajectory_028,F_trajectory_029,F_trajectory_030,F_trajectory_031,F_trajectory_032,F_trajectory_033,F_trajectory_034,F_trajectory_035,F_trajectory_036,F_trajectory_037,F_trajectory_038,F_trajectory_039,F_trajectory_040,F_trajectory_041,F_trajectory_042,F_trajectory_043,F_trajectory_044,F_trajectory_045,F_trajectory_046,F_trajectory_047,F_trajectory_048,F_trajectory_049,F_trajectory_050,F_trajectory_051,F_trajectory_052,F_trajectory_053,F_trajectory_054,F_trajectory_055,F_trajectory_056,F_trajectory_057,F_trajectory_058,F_trajectory_059,F_trajectory_060,F_trajectory_061,F_trajectory_062,F_trajectory_063,F_trajectory_064,F_trajectory_065,F_trajectory_066,F_trajectory_067,F_trajectory_068,F_trajectory_069,F_trajectory_070,F_trajectory_071,F_trajectory_072,F_trajectory_073,F_trajectory_074,F_trajectory_075,F_trajectory_076,F_trajectory_077,F_trajectory_078,F_trajectory_079,F_trajectory_080,F_trajectory_081,F_trajectory_082,F_trajectory_083,F_trajectory_084,F_trajectory_085,F_trajectory_086,F_trajectory_087,F_trajectory_088,F_trajectory_089,F_trajectory_090,F_trajectory_091,F_trajectory_092,F_trajectory_093,F_trajectory_094,F_trajectory_095,F_trajectory_096,F_trajectory_097,F_trajectory_098,F_trajectory_099,F_trajectory_100,F_trajectory_101,F_trajectory_102,F_trajectory_103,F_trajectory_104,F_trajectory_105,F_trajectory_106,F_trajectory_107,F_trajectory_108,F_trajectory_109,F_trajectory_110,F_trajectory_111,F_trajectory_112,F_trajectory_113,F_trajectory_114,F_trajectory_115,F_trajectory_116,F_trajectory_117,F_trajectory_118,F_trajectory_119,F_trajectory_120,F_trajectory_121,F_trajectory_122,F_trajectory_123,F_trajectory_124,F_trajectory_125,F_trajectory_126,F_trajectory_127
0.0,0.9609279625536283,0.3942643654054665,0.999980431350868,0.03907203744637215,0.9852519344569081,0.9918504501371036,0.9926980720714709,0.9875559607432116,0.9614846050725026,0.8403231900339279,0.9816923107842357,0.9983641116653235,0.87223661186697,0.9998530028980898,0.9949544662358388,0.9734665621922223,0.9492290402245341,0.8507357058706946,0.9692096640780786,0.9895516751213524,0.8197789260874233,0.9945210828970211,0.9413703570358241,0.9975676756069316,0.9984638435630051,0.995027603967953,0.9973976351574558,0.9931809370999016,0.9841840084213043,0.9990749286386724,0.9682904538784871,0.9856186535394444,0.9825971861670754,0.9965354631099764,0.8524327550482478,0.9811119161199422,0.997038988115014,0.9981945133684382,0.9860607615764048,0.8859006305083876,0.9769141749889929,0.9909567873002862,0.9862902928419868,0.9983100085299625,0.9269690636055523,0.9869917175623374,0.9917512818146561,0.9961746905866322,0.9992109070422311,0.9995569679622076,0.9992189876048391,0.9738941680938181,0.9768555115096518,0.9771668908017406,0.9709709456924859,0.9987219255852513,0.9768505642899423,0.994902619319569,0.999980431350868,0.9974400983589478,0.9957760534845825,0.9877809668925357,0.9773646615659531,0.9907438007793867,0.9871141664037992,0.9997611675751151,0.9759653406723072,0.9997462737160048,0.953917340170858,0.9708409822572445,0.9664746635061439,0.9865775233823091,0.9911947245337667,0.9986906476741789,0.9980688250604338,0.9999091471273672,0.9970469082213207,0.994866817834634,0.9811575810233059,0.9844625187019437,0.9978596939990144,0.9959266392836753,0.9800148755906081,0.9986296255964086,0.9967522578738455,0.9973913659762993,0.9999291063435127,0.9969277922762168,0.5325472089161379,0.9978998855055025,0.9905524616987479,0.8888352794991297,0.3942643654054665,0.9988269604565471,0.9982608588453519,0.9948797323483506,0.9998756640407898,0.9867337635372995,0.9484781358278641,0.9969260717314261,0.9979527412018981,0.999474215829506,0.9965639678596738,0.8054847476522844,0.9912749690885103,0.9391128680624461,0.9722306593752703,0.9999117601544568,0.9961155404614933,0.9974053347101883,0.9565778007463998,0.9964853684668382,0.9973847676214312,0.9801681226812398,0.9956243785601209,0.9792426132079203,0.9807890196211652,0.8855663160853247,0.762256438427408,0.9660660183390083,0.9249252950513014,0.9971725466077018,0.9974985863292214,0.9694709659379483,0.9985186847526678,0.9897322159581986,0.998936365276716,0.4116047754212332,0.996367886712501,0.9767052838551804,0.7034722282136037,0.9977811510587892
0.005,0.9622685897620096,0.4518922939636104,0.9999651809663671,0.03773141023798987,0.9883660220484161,0.9909534705628257,0.9921183633624734,0.9890799347919017,0.9618925979153305,0.8386191436343768,0.9783510564039191,0.9983323404275352,0.8819153316951384,0.9998516454759239,0.9962692824121498,0.9798681788697665,0.9604862058928791,0.8108612291190787,0.9759447542707,0.9893439545176678,0.8564462775599089,0.9953987152302465,0.9501186462264757,0.996848499051269,0.9984870946984887,0.9951897515480075,0.9980611085548576,0.992598532607354,0.9832521037731637,0.9991510077366376,0.969221573223307,0.9871783967203149,0.9784197409608988,0.996689067698763,0.8380680699953266,0.9832073528033348,0.9977072347261501,0.998289228391703,0.9859961948882527,0.9078852375933155,0.9778585325745659,0.9916756887188911,0.9856916449753204,0.9986696431797103,0.9307473353865566,0.9851668469136021,0.9930277134849561,0.9964744825821054,0.9992082832291199,0.9996311378608713,0.9991863444947152,0.9666743338406688,0.977381776517705,0.982497375434961,0.9705452594231088,0.9987880822777631,0.9818869604170818,0.9957482652674884,0.9999651809663671,0.9977249410307653,0.9959636470052913,0.987625342308888,0.9763337935729897,0.9905243380519719,0.9868941828535911,0.9997861046123341,0.9776987299178698,0.9997374684804995,0.9564882868110344,0.9776461677519167,0.9702128413160325,0.982820765153303,0.9910799757781044,0.9988785804134215,0.9974151184137552,0.9999186306171796,0.9971263302752005,0.9948824296152012,0.9753832651888149,0.9873470312447297,0.997414650121464,0.9968389795950173,0.9806602382715759,0.9985426240566498,0.9957889494197684,0.9968891836071416,0.9999533668829623,0.9970878776218554,0.5294873859035696,0.9980396864324621,0.9927601865207033,0.8836937470796069,0.4518922939636104,0.998802410528446,0.9976791632459686,0.9960853578270458,0.9998645193082045,0.9880758612941891,0.9318798781822117,0.9965143340200048,0.9973032962740389,0.9995698376864289,0.9966781287153869,0.8268384681104415,0.990491639798577,0.941921316230142,0.9760851347392587,0.9999133982951923,0.9960004855789031,0.9965671398878005,0.9557878706830277,0.9970531432606989,0.9964750767981951,0.979962907154607,0.9961021961453166,0.9789289397178836,0.9816257334973068,0.8979651100194267,0.8008527245541364,0.9651326940056768,0.929076866933651,0.9971600509447008,0.9976589411435703,0.9735187950363197,0.9985705100396801,0.986833794352477,0.9992052262322835,0.4620893930195872,0.9968451253235974,0.9769809624639558,0.6421669757812536,0.9982867098850091
0.01,0.9617755557692107,0.38727154465974434,0.9999498241668877,0.03822444423078935,0.984648126372285,0.9909236486439028,0.9927219239385613,0.9882630351264042,0.9658437011007384,0.8711295277801674,0.9799410413182552,0.9983478091418474,0.8733151133667989,0.9998519618725569,0.9964062138186471,0.9791998126867957,0.9693386069762426,0.7637353169848606,0.9690222331946716,0.9881201430536403,0.8865709611925638,0.9963275935401538,0.951167186974986,0.9965448188878917,0.9981705907254825,0.9958558421058319,0.9981185734398786,0.992931454529635,0.9828400144461044,0.999325220089024,0.9610341177316083,0.9886357575161017,0.9738803250574976,0.9957765730670817,0.8218249147131689,0.986751327755365,0.9974729229257695,0.9982567305943248,0.9861894281377479,0.9081999180898511,0.9777348993506791,0.9924362400449784,0.9888694891897227,0.9987608675397552,0.9271259639543878,0.9812495876529017,0.9921040497095311,0.9968504313383972,0.9992595292355478,0.9996069906170297,0.9989094678562661,0.9695450777958381,0.9769403776906643,0.9823532827723673,0.9666188698629233,0.9987493038695896,0.9859519337569166,0.9960024166208181,0.9999398682489763,0.9976888377741878,0.9962384418262938,0.983554302857506,0.9760919294904943,0.9907679101320833,0.9825477663098702,0.9998164636705039,0.9792359743559489,0.9997401146143281,0.9609490075906498,0.9786498164752835,0.9767241309220289,0.9782471878538918,0.9901037317600481,0.9984654061076444,0.9975551670064333,0.999947228370277,0.996998324613538,0.9950099522102958,0.976819835967566,0.9868761557694301,0.9977036225992316,0.9975522298761328,0.9825229240334379,0.9981448728853084,0.9956173839843443,0.9961033598590734,0.9999498241668877,0.9969998502822508,0.5443026070051974,0.9976603592266453,0.993113321981296,0.9072843109174371,0.38727154465974434,0.9984366994051623,0.9976159734015049,0.9961860599266916,0.9998956120877894,0.9886658170824236,0.9101861624371927,0.99608139126229,0.9973612397529333,0.9996068188589047,0.9975037221685825,0.8499288832525322,0.9925826865476151,0.9330194708492177,0.9807765817573194,0.9999477044449648,0.9960429656963973,0.996280902655906,0.941906045118294,0.9970109225625161,0.9964472037940956,0.9734233263878698,0.9963747676443686,0.9803385388450264,0.9805275447216202,0.9117130737882913,0.8136730581566005,0.9681688201321835,0.9354633476410305,0.9961888569391256,0.9971655942021893,0.9774883181276646,0.9985585484974572,0.9861946092581404,0.999405819586995,0.39652843834695695,0.9973960906256178,0.9748109427145297,0.6681662441793568,0.9982573044425828
0.015,0.9616196964974644,0.33531215970125594,0.9999735102251608,0.03838030350253574,0.9851396286898861,0.9903859236306959,0.9929815486870118,0.9876066496371216,0.9566327297041901,0.887586583326213,0.9821209821504356,0.9987445925321818,0.9002092809495802,0.9999017269657373,0.996195827873352,0.979574506337519,0.9762696073328752,0.8083927645838679,0.9757833917342473,0.9894503331276392,0.8537625581006684,0.9962469569373439,0.9540260295598313,0.9967682573408085,0.9982629352468092,0.9947007353204845,0.9980106490702867,0.9910663498775933,0.9834557308186044,0.9991195929514807,0.9637196246316243,0.9910755429976013,0.9775168289942856,0.996317481560598,0.8110287762215752,0.9871444725997351,0.9973360305858099,0.9981064012611419,0.9868101669224827,0.8838691317708445,0.9828513557189965,0.990419625638144,0.9888503435536153,0.9983099313120642,0.9261794650700409,0.9851597806780402,0.989659497115158,0.9964104753122787,0.9992729411697329,0.9994622421371725,0.9991579367662772,0.9729496296809856,0.9693830696691788,0.983175431121756,0.9632424097795238,0.9989743591494727,0.9819845936067482,0.9954358495044114,0.9999377277457494,0.9977062489730757,0.9956712142306038,0.9840150807945776,0.9780783030191232,0.9877076057798518,0.9767873061384809,0.9997911368556254,0.9841100634348475,0.9997620393944973,0.957860330057227,0.9804128102340578,0.9778328915334865,0.9828555941656512,0.9925105561133917,0.9987337245749223,0.9976595371918057,0.9999475803015905,0.9971140612014187,0.9936019552559358,0.9751705589715065,0.9831261348102025,0.9972588616370173,0.9978261686011438,0.986149147464438,0.9981019532138119,0.9966152426628507,0.9960085582140883,0.9999735102251608,0.9970456867934879,0.6064303945093289,0.99820449682596,0.9930548433773023,0.9266703679570971,0.33531215970125594,0.9984965101082612,0.9968663255396603,0.9960317012050391,0.9998897248432999,0.9912495043786601,0.8820357328168283,0.9966008695869105,0.9972481261472488,0.9994422956688312,0.9981274670713368,0.8254956835513947,0.9924425101737945,0.9160682242919347,0.9846458195045458,0.9999404675645605,0.9962319663710021,0.9950753226337845,0.9386591709169205,0.9968098005796926,0.9952538072254232,0.9741852386873706,0.9958491042163105,0.9806254163890675,0.9799583040459648,0.915971131722006,0.8007617731821383,0.9719750187537425,0.9476607559909395,0.9967547024322874,0.9974146209603161,0.9811806751542654,0.9985490780396041,0.9867006823369522,0.9994200489202807,0.34492710470190024,0.9977948313630993,0.9670828300875789,0.7009261900688315,0.9977294954673076
0.02,0.9612185771260221,0.251056139441056,0.9999739959100645,0.038781422873977976,0.9848723336396109,0.9907894836577108,0.9937175650929169,0.9881776061612658,0.9500234561699668,0.9104428245120423,0.9849553454078234,0.9990462231650673,0.910103210325769,0.9999451683164492,0.9972028343148462,0.9844958080247737,0.9782536886746743,0.8464104771645746,0.9688102186031522,0.9895227133654567,0.8134696468039639,0.9963072408547414,0.961722508526263,0.9972751540694861,0.998387362357669,0.99514811844504,0.9980018668831508,0.9901256244656469,0.9846895666432444,0.9989978907789336,0.9594032252044052,0.9921153764290596,0.9727664752643962,0.9959570685368822,0.8495787079698545,0.9898199391129828,0.9973182125963502,0.9982470883783219,0.9859993473390817,0.8887989660063031,0.9841108728403101,0.9899057904253621,0.991356544089212,0.9984912738571218,0.9310538350702164,0.9842427296567074,0.9866288951818855,0.9972996353237252,0.9992424792167305,0.9992667511381632,0.9992338468805335,0.970738503764485,0.9708474806918269,0.9870121273763455,0.963809814890973,0.9992020797638449,0.9799299860815637,0.9962275651560243,0.9999668331975493,0.9975627649184081,0.9959681777148336,0.9851232463932174,0.9785664289041812,0.9905264041183531,0.9691718945287987,0.9998404636934102,0.9828698198918874,0.9997616279958921,0.9553675639386744,0.9791016732021316,0.9754213284922694,0.9851556060371871,0.992623484291769,0.9986596864886546,0.997865883777629,0.9999500488118022,0.9972372314717627,0.9918467958429147,0.9744888738031735,0.9862828442359731,0.996829795337339,0.9971059117623655,0.9878728427518599,0.9982714833340816,0.9960226959743415,0.9961600065483532,0.9999739959100645,0.9971490436603735,0.663051832282517,0.9981445133039444,0.993593909397914,0.9354084719913794,0.251056139441056,0.998524919698215,0.9967219404855412,0.9970449032738858,0.999897727336771,0.9922773015924686,0.8873727071891213,0.9963139597505863,0.9973018082248163,0.9994241169495549,0.9982659396076358,0.8032914106610325,0.992135144057241,0.9233274843456463,0.9833645039503313,0.9999393610405388,0.9960415771101329,0.993538674309939,0.9399257855339089,0.9973301138481301,0.995251557092751,0.9735141490526434,0.9957683235250246,0.9816070404143877,0.9799556707104906,0.9317731928304445,0.7600814989067881,0.9761195417162858,0.9442983847461448,0.9973231321735692,0.996881966416577,0.9849615110930207,0.998626254007852,0.9830666772810482,0.9992560703439022,0.30095156610594287,0.9982139699193904,0.9645986747506631,0.6702418463267358,0.9979495876386916
0.025,0.9621783325359851,0.33300869236926756,0.9999661339721075,0.037821667464014615,0.985358826051988,0.9902509809477817,0.9949989092294785,0.9875236102000557,0.9444773354376351,0.8981050812495143,0.9836513262827674,0.998729469658344,0.8856374211246816,0.9999454511487474,0.997188952852117,0.988247698130771,0.9712744968012057,0.8329599500176058,0.9727690515746309,0.9910057682361384,0.7978421838271723,0.996488528791272,0.9688988113328164,0.9964645881501251,0.9988620613124869,0.9959387440348666,0.997997691290466,0.9924625877142379,0.9880698594331884,0.9990665991168731,0.9686805716138249,0.9907551310397408,0.9694873076694352,0.9948951646416557,0.8573827013820903,0.9919803480995509,0.9974217599836974,0.9980958196511024,0.9859475788773089,0.8619390825839284,0.979104123125288,0.98969685046454,0.9921729333827396,0.998744719184116,0.9324743520152636,0.9858200593504921,0.9869532360296469,0.9965318457225478,0.9992950723252452,0.9992153244816435,0.9992752120802739,0.9748262262035975,0.9715669225455981,0.9881243200900147,0.9716671785777745,0.9994079501850331,0.9794845400548349,0.9961094862751785,0.9999535334963952,0.9978411661061677,0.9963176588934817,0.9802056396614822,0.980996506583892,0.9873784532682978,0.9716575555866699,0.9998240351944279,0.9780051170670888,0.999657811535056,0.9578411210060076,0.9838494539497153,0.968568781963673,0.9874375864939949,0.9929442606556841,0.9981835488050396,0.9982662904952271,0.9999477019626308,0.9966006563403171,0.9924556611865596,0.9748701269107254,0.9886112248207432,0.996461281887774,0.9969407089710399,0.9841347572247335,0.9983467542192767,0.9965705951261288,0.9965031593710398,0.9999661339721075,0.9979117618891029,0.7165432876378077,0.9977997560620611,0.9937046024047198,0.9448214813822984,0.33300869236926756,0.9986138835830836,0.996825411147185,0.997174392152703,0.999914440767219,0.9933848204717178,0.8841055218892024,0.9969105723919511,0.9973473864770762,0.9991977941946848,0.9986693297092473,0.7558893451916245,0.9924686058303437,0.9159170325503281,0.987009062926953,0.9999395875034958,0.9958867200229596,0.9947037575933104,0.9536631172833748,0.9973789158646055,0.9951190319937963,0.9742809310104253,0.9957634313210696,0.9805682685971712,0.9789466420900074,0.9370426046967097,0.7996506684679762,0.9732635619777257,0.9383065073976797,0.9977954616370014,0.99728339104577,0.9821945566084952,0.9982476977395436,0.9820341197802687,0.999183465982954,0.3860110437912436,0.9983148033354392,0.9638948170169099,0.6325640487127562,0.9979631477683564
0.03,0.9612249496195002,0.24907847820361173,0.9999668566393255,0.03877505038050017,0.9872262752961874,0.9902084967154983,0.9945029288473015,0.988083052061492,0.9278795295479825,0.8996781499206161,0.9815346170306942,0.9987342050094113,0.8932228538011622,0.9999504567260735,0.996991153747486,0.9881378377503977,0.9749326298248844,0.8685619706934096,0.978435598061531,0.9928205274177042,0.8402751308348699,0.995548128449128,0.97523799573329,0.9962134399876975,0.9986688418428235,0.996633637080519,0.997399337168516,0.9921362388943408,0.9892763943965994,0.9990822870452974,0.9666993350704557,0.9918700664742692,0.9740723819092548,0.9955858393904513,0.8494609127495076,0.9915007041169835,0.9976294766051337,0.9975002974830973,0.986354309558857,0.8422250518485699,0.9836820149082715,0.9898303745490922,0.9932192986415023,0.9989626428835761,0.9359790599608349,0.9869799270885317,0.9891936518028467,0.9969011357063186,0.9990781263462498,0.9989384636858145,0.9994056137402306,0.9699388940224086,0.9781512159594763,0.990690574493706,0.97009084691176,0.9993810899106516,0.9732905441212741,0.9957499946734161,0.9999668566393255,0.9981635083470138,0.995528997243152,0.9807310680775827,0.9836430546650384,0.987156353113921,0.9721430847962422,0.9997491272754692,0.9794670549972821,0.999654832894271,0.9621309918043971,0.9875400742123163,0.971302408808081,0.987747655722145,0.9924144413318777,0.9975386650744272,0.9976432050563281,0.99996552189415,0.9958714685418898,0.9916483059057526,0.9669835738748761,0.9908110617864179,0.9961442415512073,0.996777737312541,0.9851620165358291,0.9985097583683693,0.9967656499219224,0.9967679044725442,0.9999577794682923,0.9973721022429427,0.6773150272441736,0.9980610479050815,0.9943508226291409,0.9541061641227575,0.24907847820361173,0.9985967041660772,0.9968167035279062,0.9973166505867846,0.9999322641316172,0.9948014016708845,0.8485146146019406,0.9961212190461894,0.9974494201558592,0.9992977255158184,0.9986111511315647,0.7425326350407663,0.9899203796114491,0.928115596925887,0.9898802087415259,0.9999027137846446,0.9962706494458274,0.9932778363334095,0.9567433410002746,0.9972181004966948,0.9953594302707116,0.9661851621832542,0.9958281762799406,0.9799044503961727,0.9721087244429596,0.9308664857626899,0.830463450499396,0.970853955813405,0.943521324509126,0.998128661782208,0.9974744985800045,0.9857609080965227,0.9986880675376845,0.9770610702278462,0.999149635228582,0.3463542888017186,0.9982414373897739,0.9673943041884614,0.6027832388766847,0.9974433639758887
0.035,0.9611932453587997,0.18357850035874956,0.999978394002988,0.03880675464120045,0.9870219988689868,0.9902940466569528,0.9941754223699458,0.9906218006444139,0.9352057640770342,0.8894664381372411,0.9850729046352391,0.9986978198284244,0.9034264427713752,0.999952909881455,0.9970624642041175,0.9884333515973406,0.9751651747261265,0.8795625963707485,0.9753835237120435,0.9943168178865532,0.8480390017103416,0.9961354067043665,0.9742126488621781,0.9960289815185297,0.9987902884031671,0.997232002625246,0.9973018377380908,0.9929307269029376,0.9896185515830219,0.999165923724411,0.9745616875305263,0.9934979302286542,0.9787002312555401,0.9965378943780153,0.8649813460003637,0.9914023035734585,0.9979106848514322,0.9981049615442078,0.982200218349597,0.8636157424587569,0.9785351162717337,0.9881815380111789,0.9932571620784432,0.9989319473317038,0.9326186361642572,0.9838737538039825,0.9897940707572479,0.9964653323271405,0.9990397476678898,0.9989830324745804,0.9991884450294414,0.9685071679988554,0.9798700807213663,0.9927195702814133,0.9769787322496364,0.9994003913119281,0.9654674363023829,0.9966392579401331,0.9999628451268908,0.9980027401113206,0.9965136217116094,0.9798580843331415,0.9870311352180242,0.9871091100915073,0.9753316968389278,0.9996451093066491,0.9777570763821012,0.9995062066038086,0.9671757127030678,0.9880541915837737,0.9742192295954655,0.9902194137026807,0.9943218511791879,0.9975474200233354,0.9978600867737882,0.9999555331676295,0.9962584460884498,0.9937594202737431,0.966645959853468,0.9927668389417604,0.9958994983410167,0.9974895782308723,0.983687505277832,0.9980733664148306,0.9970926302560061,0.9961161445176181,0.999978394002988,0.9975869897908521,0.7345966474208186,0.9981983992367583,0.9934896459187859,0.9543145019964152,0.18357850035874956,0.9984161380985275,0.9975399115530857,0.9966039878346984,0.9999348738314702,0.9955922007665646,0.8033038241164606,0.9957429579498878,0.9967404235676962,0.9993242344619515,0.9986235044387786,0.7161116536594248,0.990837637370217,0.9130226337126227,0.9900414989394828,0.9999015560890252,0.9970271060753643,0.9933980060945842,0.9545477538159876,0.997173462208098,0.9957813247243152,0.9685862698248621,0.9947004301221358,0.9795870554951919,0.9724906059032111,0.9264152576654836,0.8589786735099042,0.977105592275082,0.9551440565065804,0.99842593255747,0.9976978508725113,0.9832075389923858,0.9988260957740868,0.9783124992592228,0.9991268623851324,0.3282221089404632,0.9986252109488866,0.9649116007075692,0.5826022523505854,0.9972220261193052
0.04,0.962008162715061,0.22255014370520732,0.999993335468557,0.03799183728493943,0.9890775189170775,0.9907856092002437,0.9954772307655625,0.9902065791056319,0.9387614450477677,0.8993208853105469,0.980486160897967,0.9987655890437733,0.92171914758112,0.999947000425573,0.9962344316347173,0.9888076864558674,0.9801379116948331,0.8700042971694828,0.9753255223702262,0.9926601063138157,0.8414886496864248,0.9964512273383729,0.9686646755397029,0.9955944626980487,0.9989131714805637,0.9977401813251313,0.997325213379741,0.9930237490700577,0.988784903349798,0.9991772821990204,0.9728886821220036,0.9924828506310357,0.9828793571124239,0.9970821844870577,0.8922698161925682,0.991561655729722,0.9978593475002995,0.9980200946351482,0.9814124421646296,0.8881567605445593,0.9832341883809701,0.9895371186670439,0.9910656360527278,0.9989173423619676,0.9317713417427491,0.9859457360961303,0.9885938057232428,0.9954865452080495,0.9987666443605082,0.9989504047197216,0.99889385998682,0.9680677276032998,0.9844001275540449,0.9924447658542577,0.9786170855324696,0.9993994641773016,0.9730703398529503,0.9973500928462673,0.999969874754436,0.9978709799418739,0.9962575681507205,0.9844020833835132,0.9836693679846575,0.9873963323479757,0.9803426029821224,0.9996732109596415,0.9768699630707824,0.9995087798837644,0.9635417919546143,0.990683009476116,0.9712553582882055,0.9906575225379941,0.9946710199927353,0.9974518659172542,0.9978101577174207,0.9999736991287054,0.9972125551496132,0.993446294199377,0.9746145928158132,0.9912359389686078,0.9964990786330417,0.997484636601907,0.9869119228215633,0.9975383276511613,0.9974440104483637,0.9965846717720201,0.999993335468557,0.9982211856203826,0.7674970981533077,0.9984039199819067,0.9933651192320978,0.9629656240588271,0.25510738624012386,0.9988383694338911,0.9977578181423218,0.9968608570052441,0.9999426513602495,0.9946350971384338,0.8122728079873281,0.9954367056281131,0.9963782804127096,0.9993817669882592,0.9987853009249508,0.7324285616843738,0.9877887723221814,0.9285568566375549,0.9922562939047391,0.9998493877006416,0.9969309425591211,0.9948048653881779,0.9575619322107475,0.9970416056219003,0.9960486296010862,0.9691570128239501,0.9949214806823573,0.9795131652341428,0.9725462166021028,0.9196379814279246,0.867023316786175,0.9777738015974783,0.964604092802575,0.9984461091740234,0.9982622425571854,0.9828943594186862,0.9986802648093875,0.976008836742357,0.9991366502120878,0.22255014370520732,0.998554329991031,0.9537625426976034,0.5424013777207339,0.9970764577604796
0.045,0.9625433553889993,0.18189557698677739,0.9999831500588924,0.03745664461100045,0.991054884754142,0.992857181276071,0.9958149262407174,0.9869957194200186,0.9516030876226754,0.910731827654933,0.9824948553067037,0.9990258016673165,0.9149387237389083,0.9999194532010395,0.9972021096282763,0.9884851499937558,0.9842123001198221,0.8689175093687348,0.9810051385346983,0.993788492653179,0.8490741017937431,0.9968323491787542,0.9685683378365758,0.995301944316697,0.9992370000354367,0.9979917896927956,0.9980167471420397,0.9922315862589484,0.9882686848453105,0.9992676120750309,0.9742783462865061,0.9915252925325725,0.9798315046166867,0.9976934166634593,0.9147115775606937,0.9935911197132533,0.9976882496995004,0.9973788542276067,0.9859362191154268,0.8968645237734584,0.9834508298512044,0.989975376158302,0.9926478521779623,0.9990350656908625,0.938399971236046,0.9832729913479537,0.9907760168256061,0.9942814224866826,0.9987416658346635,0.9985871065079158,0.998862025025544,0.969154265691245,0.9842822374376399,0.9926226658227852,0.9785119847145649,0.9995592351976836,0.9651854961464783,0.9964517476616104,0.9999676107183741,0.997198267792595,0.9971701232439191,0.9879415999421532,0.9863164438597363,0.983423052767557,0.9813873960875878,0.9995584324067367,0.9704047928435368,0.9995269376126243,0.9615072981975546,0.9875540509239246,0.9777443377748947,0.9886687001854837,0.9960206267705011,0.9965924033672625,0.9976814873772387,0.9999457406312965,0.9970863195311621,0.9936766620741568,0.9737790543879404,0.991345418593952,0.9962844088550418,0.9973914770676262,0.9861586801968629,0.9974569766803749,0.9971760527613276,0.9960019606379498,0.9999831500588924,0.9983105428326982,0.7174710080032387,0.9981888384127509,0.9915466204547131,0.9690137122766939,0.18189557698677739,0.9985081592412193,0.9977673579434565,0.9971570582625761,0.9999439702635863,0.9948582217569404,0.8263894127556617,0.994339848031652,0.9966363348795889,0.9994565788538491,0.9989782028880934,0.7846060767414311,0.987018096582343,0.9344723922312708,0.9930661814749853,0.9998505527284371,0.997625295416053,0.9937222597337465,0.9554087638391717,0.9971064961748103,0.9964757107163307,0.9710129611702331,0.9943848190537371,0.9800347812844796,0.9790466299996482,0.9169485348991835,0.8479198378539343,0.9771816951413165,0.9629281838470659,0.9978940147131736,0.9984021433356571,0.9832389022020399,0.9986019149742724,0.9742539807461996,0.9988734597373855,0.22567918709779378,0.9980724107753765,0.939390197175413,0.6227653230661065,0.9970234055283499
0.05,0.9621004114841224,0.12924429200998588,0.9999681209555094,0.037899588515877436,0.9925175439906703,0.9934581782217236,0.9963220330812469,0.9897904368231075,0.957167878008128,0.9295463309022151,0.9849399473339233,0.9990763601557643,0.9231271517549361,0.9999536028651022,0.9969915569342837,0.9881731762941317,0.9848124791735907,0.8629704431718739,0.9854493692938961,0.9938629697875809,0.8613834529638522,0.9963224362877705,0.9736026667799627,0.995549405625591,0.9991456033817478,0.997822545318367,0.9980987982836278,0.9929854397111453,0.9891996954580259,0.9991439876998633,0.9727462228493335,0.9907083832814917,0.9818626018156908,0.9974655202173335,0.8899208280295439,0.9938494026920798,0.9978130034898203,0.9974941294282964,0.9860283945836729,0.8849107433069578,0.987195050406436,0.9906890919922571,0.9938794280119608,0.9990677375024927,0.9401143353999682,0.9853715438611351,0.9902366419350095,0.9956321577456877,0.9984187441413197,0.9988650897435895,0.9991008986182663,0.9735885579911447,0.9849286243659724,0.9924251938500496,0.9793040255113747,0.9995702940517845,0.9553993825313061,0.9962762981303931,0.9999681209555094,0.9970654525128809,0.9970690065575025,0.9906898666720707,0.9889631366877221,0.9829229067271541,0.9799030771017467,0.9995658915837816,0.973665725147167,0.9993384119041264,0.9609493004466351,0.9884521597061267,0.9763157790361804,0.9865366404561217,0.9961141105420277,0.9967461766738459,0.9979117412276154,0.9999651688849117,0.9978851394434032,0.9953025669937509,0.9800517604015766,0.9924151976628793,0.996141921036201,0.9965154053277725,0.9870031029005139,0.9977294551548134,0.9976554805426981,0.996803175446,0.9999661224086557,0.998035397536886,0.6634023988813769,0.9980918463448369,0.992500712225051,0.9616666328573859,0.14294923514166546,0.9989036222454518,0.9976615547907367,0.9978613276063916,0.9999396258545006,0.9939447263205439,0.8628463813607814,0.99547231102859,0.9956249626850937,0.9994083192929608,0.9986625162583653,0.8019941570136548,0.9869153480822351,0.941507506644526,0.9945029110123413,0.9997845010963393,0.9976156685543656,0.992659555326816,0.9412947766421228,0.9974853304119553,0.9970710870179619,0.9698142591342256,0.9929491747720928,0.9810806522479358,0.9840282652766246,0.935260289469696,0.8307088495782033,0.9778403975663376,0.9711811454532805,0.998217146163196,0.9988262026830872,0.9866126153334308,0.9985529566292967,0.9764422760292903,0.9991665558086468,0.12924429200998588,0.9980518653390239,0.9461991635332435,0.6462608878025111,0.9967254479767563
0.055,0.9626139944603023,0.12787713942029555,0.999973823860348,0.03738600553969762,0.9914995714658861,0.9930466858616281,0.9969914169005295,0.9897743171750445,0.950922233459939,0.9449841933521527,0.9836845508525751,0.9992603023612553,0.9385541896109642,0.999922896668509,0.99711692055562,0.9884499674413756,0.9869235351974748,0.8217661290594179,0.9888955278226964,0.9949121261679814,0.8717658175020668,0.9959139467973113,0.9672277453998839,0.9959126476759589,0.9989529616307796,0.9977279080509996,0.9975231279720317,0.9909477394255652,0.9904946201553771,0.9989282992015384,0.9793291217641809,0.9920009895846341,0.9800551758873564,0.9967578341278633,0.9128110990187281,0.9937337785916204,0.9982328803413102,0.9976840171676553,0.9858480136288921,0.87560337269549,0.9871903265710237,0.9919163697262652,0.9950722874546768,0.9990582613993158,0.9474938067671387,0.9875585004781011,0.9895032371851495,0.9957438814104472,0.9980256088651865,0.9987498611840564,0.999059374263853,0.9683764529104513,0.9801322026779098,0.9941920383448793,0.980874481359543,0.9995855320399848,0.9435269831315816,0.9962572368498026,0.9999638323882534,0.9969909874575096,0.9972275958170106,0.9913507207731734,0.9912186237664363,0.9831866435317664,0.9817813707509808,0.9995689679783415,0.9770601879451855,0.9994637198741338,0.9614994971660115,0.9893994004404855,0.9786871563981979,0.9889925209500858,0.9971412572398397,0.9966983277232309,0.9982836292459368,0.9999571324667555,0.9984902454155031,0.9955614095941524,0.9803575944203677,0.9909061881267337,0.9958078902516904,0.9953456293278857,0.9896255111818563,0.9973123587467287,0.9975261520497166,0.9972904516753366,0.999973823860348,0.9981371507684319,0.6549321945142816,0.9984841057524118,0.9927136276986149,0.9541098480096527,0.18109276861582568,0.9989300540357416,0.9981964680303279,0.9984071182693229,0.9999496007493649,0.995020784450697,0.8656216413846972,0.9964256164986478,0.9943427228925277,0.9995318228352963,0.9989007603228628,0.7869752564580326,0.9864641932917296,0.948987916946992,0.9956542661273199,0.9997794394767711,0.9977171465130562,0.9917333189743002,0.9547317556406196,0.996610851057396,0.9974710000285425,0.9766789099119918,0.9936658258068451,0.9825195425688753,0.9839112992605588,0.9322805549278406,0.8633656606981519,0.9707996883453827,0.9734576900133219,0.9975893584630527,0.9991641112252517,0.9842226700363743,0.998634598346275,0.9790119553346993,0.9991826314701678,0.12787713942029555,0.9985021966193773,0.9474389857601313,0.6254189011659916,0.9968072124453435
0.06,0.9622490267694391,0.05639326096056596,0.9999617187080593,0.03775097323056084,0.9905837870784036,0.9907275091705394,0.9975513369980497,0.9919639668010679,0.9565115763260494,0.957400757980891,0.9865019324625217,0.9994087553206386,0.9457702772787752,0.9999617187080593,0.997369788484138,0.9892442143702334,0.9894219363635455,0.8194853229973749,0.9897979132391814,0.9958648477052889,0.8386588412122612,0.9963791051447891,0.9725139518052114,0.9963441165153458,0.9988200706705097,0.997946695581511,0.9974616976469103,0.9884371176699436,0.9903853982740555,0.9986951713598424,0.9803059646855192,0.9933799485849533,0.9788204250152281,0.9974005528993118,0.9313893709986608,0.9941453121845518,0.9985765091505823,0.9970068576079611,0.9862978347646252,0.8864443728209983,0.9873033907483117,0.9911100694075277,0.9961626957617364,0.9990933553286631,0.9468837432462337,0.9865931826857791,0.9900629787895888,0.9952901990248281,0.998071157518614,0.9983367914783036,0.9991168457607198,0.9678615552143336,0.9823119411427138,0.9943126954968041,0.9828385243030948,0.9996024667400145,0.9439841812324667,0.9961790173045953,0.9999546182168667,0.9976869487977235,0.9971261245962957,0.9932078745846151,0.9899476824068102,0.9841780736453839,0.981016879017543,0.9996301828436951,0.9778639707840827,0.9994568180563054,0.9667115722669207,0.9887769072340504,0.9782450921128174,0.988138090631227,0.997906718972996,0.9967699955654551,0.9984284662214468,0.9999575544847242,0.9989358061245864,0.9953536486250494,0.9738802168412428,0.9908307504553732,0.9962569757970158,0.9937846387956135,0.9905434882730613,0.9965515564045812,0.9974641878244221,0.9967126726779467,0.9999540182371148,0.9982642086149996,0.6000933837390587,0.998648008082916,0.9943463271378988,0.9627874201149763,0.1426585089618786,0.9988631110567703,0.9983712893267106,0.9981779264276044,0.9999458177129759,0.9959677657786478,0.8583857646078844,0.9963215034491234,0.9927409160062223,0.9993453977784298,0.99855268448744,0.8054482759192165,0.9819612396691465,0.9579981271774636,0.9954542877320133,0.9997716921039057,0.9977608445319326,0.9910718173416228,0.9577018292432369,0.9965460041474332,0.9977595244941706,0.9780690624260658,0.994149261432758,0.9777567473380332,0.9840380950701777,0.9356522712162089,0.8785773479274296,0.9742346703235487,0.9792175760785018,0.9980513327416288,0.9991984273013169,0.9799768299360445,0.9985901487665991,0.9800984251276416,0.9993708473277939,0.05639326096056596,0.9985249675974366,0.9582273658333824,0.6485515313638641,0.996892304518713
0.065,0.9628790473963169,0.0867946447367749,0.9999688738348507,0.03712095260368283,0.9907393733356186,0.9903865194082743,0.9976600445270438,0.9937027200542832,0.9655759436692052,0.9451860226229785,0.9877011786021398,0.9994835084214138,0.9536525128609002,0.9999589803965472,0.9973434161694629,0.9856262784015236,0.9915071762859134,0.8234457587279272,0.9921838038346243,0.9961067566995309,0.8261388416529188,0.9969372236313072,0.9734559408302206,0.9970531653083002,0.9985902606550252,0.9979096381075494,0.997534363725669,0.9901815626475171,0.992323633776512,0.9984636696585768,0.9791700024048995,0.9947052478667373,0.9757628370698244,0.9979293430005941,0.9107338628824736,0.9942162803217436,0.9987281498634029,0.9977028977474719,0.9869792983794112,0.8582258694271331,0.9886004428935403,0.9906974056932077,0.9970947935069093,0.99924331546207,0.9482980598097617,0.9859539434733862,0.9909191434913238,0.9940474673803121,0.9978324470161403,0.9986168324869577,0.9990759280585292,0.962648178675911,0.9838283593284073,0.9924562896724862,0.9815192107101992,0.9994348747337434,0.9299339565225756,0.9949553547421464,0.9999688738348507,0.9978647310484645,0.9978858039596571,0.9939327652552647,0.9902761749344989,0.9789396312451449,0.9751943836995626,0.9996196244707358,0.981040813839721,0.9994611095974159,0.9573058241054598,0.9911274547053326,0.9750686429857309,0.9887663557987233,0.9980378146462516,0.9967210791750668,0.998692001498408,0.999937828665804,0.9989555347874087,0.9954812535775166,0.9744900972859961,0.9886675696825684,0.996476565827605,0.9941001598209336,0.9923929620829917,0.9963941636940604,0.9975859234992375,0.9962299880482725,0.9999495323273199,0.9984050630148801,0.6642778021198029,0.9988040790515939,0.9956540355500265,0.9549562766715797,0.1803302396803893,0.9989696593611577,0.9977885464867308,0.9986306477636951,0.9999321702926507,0.9967907902589772,0.855460747432041,0.9967136234277196,0.9943390174003939,0.9993057360301631,0.9984922887554221,0.7973574136419956,0.975974129335417,0.9496125513775601,0.9954417196954036,0.9998332152513739,0.9979262880389861,0.9916021359532446,0.9571932712277772,0.9963478845641465,0.9976533262467431,0.9799556182694691,0.9932616791681916,0.971977290583147,0.9839218010065415,0.9499861074148771,0.8661771815622983,0.9667393910341828,0.9805098208502642,0.9974198245228637,0.9992876020396037,0.9752654050209673,0.9986354450268236,0.9826281149284137,0.9994290274333844,0.0867946447367749,0.998889934963781,0.9603833182396956,0.7141344373867401,0.9966060131784213
0.07,0.9649418350437253,0.07099056072417087,0.9999837537670793,0.035058164956275034,0.990044995617235,0.9871713924432903,0.9978420893070272,0.9937428842092254,0.9612295207199939,0.944924522331884,0.9892066663116811,0.9995625701017812,0.9578980126625305,0.9999837537670793,0.9979042627036827,0.9857696358221726,0.9909174690294662,0.8626567016315296,0.9923112399530544,0.9953067083228156,0.846957485380866,0.9974877858114751,0.9691114861832358,0.9969747186155271,0.9982820814895973,0.9972412038493623,0.9968861594196765,0.9901351572974111,0.9917931321638813,0.9986021931535867,0.9842345418738319,0.9954396238113041,0.9773763802836595,0.9978823265924402,0.9101922466143757,0.9957222200597076,0.9989426133987688,0.9979487915621702,0.9881688736208665,0.8756730414573888,0.9910830524045688,0.9927679981743058,0.9974063739299526,0.9992214410030047,0.9355638464276208,0.9885081016586734,0.9927720821743972,0.9925463673053885,0.9984451897292027,0.998508905341553,0.9987560950584152,0.9580214151733842,0.9792545753757603,0.9923702315899445,0.9835614040865687,0.9994756067281251,0.9414544780142541,0.9949337721148952,0.9999637585642366,0.9971490079960765,0.9980030826281323,0.9948052319826036,0.9877000593127233,0.9811159237609317,0.9786337809062161,0.9996002092205962,0.9840078605584222,0.9992450411646683,0.9654392754001023,0.9930134360730981,0.972556232234389,0.986637114875927,0.9978303364985319,0.9975239334651043,0.998851981213126,0.9999386755791706,0.9989856384014938,0.9966553090001261,0.9758847091285816,0.9889828603743945,0.9971725983857821,0.9954090845153103,0.993236500462445,0.9971155666456109,0.9973181304326532,0.9964386123918753,0.9999516904387411,0.9988581504846367,0.72251001047726,0.9989896926828982,0.9966820610958484,0.9568691667051938,0.2519083689173507,0.9991800994571032,0.9978799490623054,0.9982374375531272,0.9999284700422842,0.996059272793852,0.8571950234952594,0.9967196684296412,0.9939986133303232,0.999314135505815,0.9987896166734641,0.7958016171695008,0.9768057738468183,0.9569492360047356,0.9964733473624858,0.9998373817765575,0.9980988178801704,0.9908532127899021,0.9667180529968732,0.996408143912977,0.9980136414610594,0.9744090662442106,0.9925931727900364,0.9755612241680419,0.9844095092612303,0.9522062261593176,0.8575947353962349,0.9719560446371373,0.9825121449572652,0.9966541730780121,0.9995063519727824,0.9806787045016235,0.9990115566737364,0.9864700095975325,0.99951695657972,0.07099056072417087,0.9988045187200495,0.963655384657311,0.7359942688110028,0.9956102492852721
0.075,0.9662762747842742,0.10009653066967361,0.9999880205172446,0.033723725215725926,0.9898295077014,0.9871078220789004,0.9971353712020984,0.9939835328233549,0.9651052543873214,0.9574937206568501,0.9880060132880331,0.9993895160716284,0.9655054113424205,0.9999880205172446,0.9972012151645382,0.9856428411318008,0.9928879952629428,0.8696547588242467,0.9926488809111439,0.995791222289245,0.8690395924404575,0.9980310422995493,0.9714099817339986,0.9969432135691024,0.9983996829260767,0.9978023289636891,0.9970943091431923,0.9878933662288053,0.9914726219617266,0.9986274870878965,0.9849141905678904,0.994591946291559,0.9751175970127812,0.9972086138867056,0.9107423179085485,0.9945992766233943,0.9991055114601467,0.998211888528615,0.9906184850882442,0.8939763767829683,0.9904270485534211,0.9944494790129226,0.9974188704045133,0.9993495645661921,0.9346774607211376,0.9884250095087213,0.9936043809226914,0.9943529063558826,0.9984865339164258,0.9980006248796159,0.9988606305406869,0.9676199049302799,0.9778046077374503,0.9899737553499012,0.986712074922147,0.9996191058024436,0.9294767260939489,0.9949890681413546,0.999970449806561,0.997237299096934,0.9985221127489834,0.9944459345070316,0.9885648300989026,0.9798480532057442,0.9728124467266224,0.9995131019620866,0.984970434006818,0.9994252430752811,0.9710413322733502,0.9929301293774722,0.9731105885273026,0.9894753236139453,0.9979568477606029,0.9974269712740716,0.9989832591694198,0.9999447863408101,0.9990249337042715,0.9968006121705146,0.9778877078278713,0.9905925476030617,0.9970998753871226,0.9954220386893744,0.9941724661986777,0.997452429629783,0.9977466227302062,0.9971794165219324,0.9999282201091183,0.9985515788960073,0.7737655361528006,0.9989320582107879,0.9957501276754579,0.9601133823564565,0.3066450820050618,0.9991600439610684,0.99715528712707,0.9983173347855465,0.9999111585547477,0.99625891160184,0.8651035702261699,0.9960512435557056,0.9938339889675801,0.9993682440840957,0.9987989871091288,0.7444751527612308,0.978414193579397,0.9521016445310765,0.9952688167527208,0.9997804554962441,0.9979418491724782,0.9931013009293632,0.9672540700805015,0.9952017690291245,0.9979697896043324,0.9797621628663983,0.9916620961631097,0.9702583126492988,0.979437817863872,0.9559284499504626,0.8661638714450244,0.9768944422431594,0.9859708022558354,0.9962713146991891,0.9996674140776688,0.9851316077132429,0.9989088669198929,0.9834573302688643,0.9995839738869797,0.10009653066967361,0.9988768378376425,0.9682217792690961,0.7150137837623064,0.9959255199772447
0.08,0.9688065945052935,0.12712897520134958,0.9999897129967993,0.031193405494706346,0.990027148677863,0.9872264671000193,0.9974692782001252,0.993842642324105,0.9695024639165204,0.9538017426811379,0.9870823507358751,0.9993719644692474,0.9615853825343874,0.9999897129967993,0.9975507432253704,0.9873060295179454,0.9927387625915429,0.8988477409606309,0.9933728738222388,0.9956516760424906,0.8906740017391865,0.9985209238865492,0.9677275798438745,0.9969688483198009,0.9985674473179339,0.9978171957607341,0.9971068586552202,0.9880233593243266,0.9886206736081086,0.9990023147616189,0.9855213037749267,0.9938468688951522,0.9681150269274077,0.9977300646505652,0.9297327533172601,0.9960056487216634,0.9992854340785793,0.9982133598424063,0.9900928862155691,0.8772528358663604,0.9912737880637156,0.9945068889147096,0.9966796228891521,0.9993392839099512,0.9452159364362234,0.9887360970381714,0.9948346437290142,0.9949186009744206,0.9985578186226624,0.9983930477659113,0.998825031875916,0.9704990424755192,0.9717773114991012,0.9902125978047042,0.9856560484845536,0.9996326875443167,0.9297693715843958,0.995182833302977,0.999958973801096,0.9971934461638284,0.9984765001630228,0.994410024375669,0.9896485557119828,0.9842669259392965,0.9777639390891733,0.999424497211509,0.9874234485558497,0.9994168243507978,0.9668545381811263,0.9930688180514293,0.9725568049495746,0.9918195314578495,0.9980072792006753,0.9980694986583305,0.9989901463699631,0.999970719378605,0.9989100478251087,0.9965216380944022,0.9829266291877949,0.992087826421307,0.9973301705996355,0.9955800853770592,0.994815589144885,0.9973923807677938,0.997576047350298,0.99660504789097,0.9999303445513492,0.9982539464135559,0.8177113559564891,0.9991759637312272,0.9946012209111404,0.9642645459212456,0.37870659595767375,0.9991597616870633,0.9973907204134372,0.9984164456802465,0.9999030461587359,0.9969657048395943,0.8948558045210598,0.9970193700178657,0.9953657705299589,0.9991319127625489,0.9984611888774402,0.7947707666877928,0.978405715121315,0.9575082058993225,0.9963407369533231,0.9998593186458115,0.9980760433850482,0.9948115722748587,0.9688815071761521,0.9954723604141825,0.9983299319861942,0.982057826036441,0.9936941575759223,0.9706709908827476,0.9729539246950094,0.9593543568415339,0.8931464170958225,0.9762895516627542,0.9872223549390412,0.9962108157242223,0.9996481341334773,0.988692383119765,0.9988856026632835,0.9858706638035946,0.9995722874981381,0.12712897520134958,0.998859550514322,0.9652750440126524,0.6998841905131373,0.9947880598017482
0.085,0.9698431050850134,0.177739839492411,0.9999927753393894,0.030156894914986555,0.989838168631786,0.9902100207471161,0.9971135338453829,0.9942832714593934,0.9740071920605654,0.9542842837909467,0.9850394640223307,0.999498832243946,0.9574618093679004,0.9999927753393894,0.9967775654037626,0.9862881210116332,0.993543871364556,0.9005774888071559,0.9941992558759635,0.9961063612186709,0.8979926627616511,0.9989351603349991,0.964662673638626,0.9977010315768922,0.9984060221288711,0.9976315036569471,0.9978862358378534,0.9902176395010991,0.9912723932801073,0.9990226589490814,0.9848016101565866,0.9942842077649261,0.9654836554078703,0.997000653841814,0.9295263627361138,0.9961571020197069,0.9992790336922115,0.9979228309286139,0.9867592045770966,0.8512578988270665,0.9923502537191329,0.9935939820157667,0.9975327022587912,0.9994827098558454,0.9462094289759448,0.9886658946517985,0.9958552848860092,0.9945183635751564,0.99899664364365,0.9986442444581968,0.9990862402626824,0.9771730764771402,0.9769352151628347,0.9926494081094202,0.9886408087511317,0.9997423149159698,0.9303495847138036,0.9937081239411942,0.9999558139254421,0.9975363242729636,0.9985470932816893,0.9944527885516696,0.9879434254702901,0.9877447599659895,0.9749218629713812,0.999425113304969,0.9858019215793447,0.9994423148410047,0.9722141518639599,0.9934018966557234,0.9730741690328832,0.9913072988764636,0.9975579640158709,0.9980755166200909,0.9991028069702415,0.99996424886584,0.9989139626649111,0.996275121302062,0.986895437956715,0.9924784866101122,0.997602882271417,0.99585619478502,0.9956427218843863,0.997571133563944,0.9980316131516049,0.9959955964876227,0.9999420699674926,0.9981169834449578,0.819559089553138,0.9992219891535135,0.9945602662454328,0.9688628549404094,0.4598445550609316,0.9991564248814456,0.9965804098487134,0.9983468094859628,0.9998894517444149,0.9964585319136104,0.8989387227699109,0.9962757199502011,0.9965300185935052,0.9991999773997984,0.9983818502784294,0.7759920310606547,0.9767425359567388,0.9528052903474811,0.9971714491850695,0.9998605548817157,0.9974510102589406,0.9950619002690576,0.9717736195132924,0.9940700994188801,0.9977281545428132,0.9844947778364075,0.9934152958649312,0.9644521648433291,0.9751384085270888,0.9562223759961097,0.9023336634964262,0.9769440413607843,0.9887484240166067,0.9962730727010106,0.9996363102379383,0.9892666391324804,0.9985148703346703,0.9868548573292191,0.9996559471354611,0.177739839492411,0.9989547433153871,0.96790411941974,0.6935263461860031,0.9960297240624926
0.09,0.9715432806073783,0.2355997892747821,0.9999950153811217,0.02845671939262181,0.9893601414717937,0.9906244720029196,0.9975020479487163,0.9937344396906294,0.9782932056865884,0.9649712385524464,0.9876819071305609,0.9994857947333315,0.9547191052639197,0.9999950153811217,0.9964777726439741,0.981749032741725,0.9914041502830566,0.899211588824859,0.9932417194560145,0.9959680101713669,0.9080628272239982,0.9990133338653688,0.9613165591272443,0.997977856900354,0.9988049627131622,0.9978810494557676,0.99757970881931,0.9918447850896341,0.9912336424226164,0.9990459955902149,0.9847194873703334,0.9935218123914513,0.9639908920425861,0.9966693371597116,0.9370726634559494,0.9963958956181421,0.9994599366299722,0.9981883061109806,0.9877360687642529,0.875479892465209,0.9925796814297867,0.9928474570932824,0.9981990779564618,0.9992861937364256,0.9457156989191224,0.9889635108301689,0.9962059700559608,0.9931369449674655,0.9988092575522554,0.9989137554813877,0.9987700344808862,0.9824451794061932,0.9804020934413742,0.9929714604771526,0.9896844861961991,0.9997256646343355,0.9182733526785097,0.9939870052321585,0.9999539171482907,0.9980240289622799,0.9983131953692919,0.995543999757728,0.9865808164630956,0.9836470316964572,0.9764042108747835,0.9992853886533468,0.9881773495850318,0.9992206180504639,0.9649335022183259,0.9914404691874867,0.9745730418687829,0.9924450964877555,0.997708786380568,0.9981410502043836,0.9992508920206112,0.9999310420066773,0.9990047711631085,0.9961893558918956,0.9868871828429644,0.9937545281718073,0.9978933547324054,0.9962461349956637,0.9962762133369604,0.9969455879420654,0.998407345029514,0.9952963300196964,0.999951664830417,0.9986554642474543,0.8419270187497618,0.9993351976593877,0.9946895889887474,0.973503255186886,0.5425647472613564,0.9991641149870076,0.9972117672288435,0.9988016669952513,0.9999385346313651,0.99669982373144,0.9058817511638442,0.9971801137520374,0.996693145532815,0.9992730549623218,0.9979486733354613,0.7641068131612705,0.9822565203190841,0.9608312505310758,0.9971295021049776,0.9997989377605019,0.9977193293175513,0.9962934899575822,0.9752866203810467,0.9949336872391866,0.9969247314302796,0.9875779115988547,0.9950026214873233,0.9663430163484794,0.9754811020995735,0.9595774971804631,0.8767749734369041,0.9706281789986536,0.988199450018402,0.9968082100215557,0.9996528180586748,0.9918972318099091,0.9985953853199706,0.9846878379076915,0.9997238743162586,0.2355997892747821,0.9985969843244209,0.9600799039343965,0.7200143917783612,0.9957915535529271
0.095,0.9732888426636543,0.1767092848949412,0.9999956298040995,0.026711157336345614,0.9900791085033986,0.9904308632260199,0.9974437490819063,0.993414634191474,0.9779578327550094,0.9673606271962645,0.9899476848671911,0.9994713962364039,0.9508235561515863,0.9999956298040995,0.9953564680738888,0.9807350392453468,0.9915787973780602,0.9068287242422656,0.9928048461369536,0.9964739741238631,0.9236538016156578,0.9991053683469517,0.9587737973663518,0.9976894059825209,0.9989464052352888,0.9983562845317587,0.9976904202463354,0.990098918885399,0.9914215733800348,0.9990722100950934,0.9852718343273112,0.9949168077616546,0.9638412219720959,0.9967794541482438,0.95009698482483,0.9955866289057985,0.9994697366713858,0.997886137643606,0.987080670602599,0.8901237587236771,0.9918203265177357,0.9923819638951933,0.9981930100195592,0.9994639019571543,0.947340093583833,0.9897309048414085,0.9960330306202373,0.9941217637440757,0.9986032704782459,0.9990691431913803,0.9987507571172664,0.9840545262478778,0.9838743467800596,0.9910444188035915,0.9917342348603206,0.9997407396617393,0.918602069799376,0.9935437703574215,0.999960739004571,0.9980930033923943,0.9983893164172876,0.9940272381812838,0.9879348151440369,0.987266109481446,0.9786962825062385,0.9992691138456341,0.9866809522606848,0.9989360995840634,0.971744308049216,0.988973855427679,0.9768314285762728,0.9935881104384099,0.9983500800123565,0.9981028961460321,0.9992018228030987,0.9999448558359332,0.9990030712345398,0.9962486123654878,0.9880065779555124,0.9949693452905135,0.9979034950796176,0.9967615012509562,0.9952203682572919,0.9963084400983123,0.9978319447669756,0.9962277551617736,0.9999569632477617,0.9983773926855999,0.849307132910301,0.9993077486267541,0.9946602464826313,0.9778868256974113,0.6211496600205406,0.9988739603143049,0.9963404785488938,0.9985431616648672,0.999935167515535,0.9960771301426575,0.9131416287878054,0.9972844286115045,0.9966118263940346,0.9993483930511037,0.9979744767646126,0.8149929718955462,0.9864890847632227,0.9673451338826929,0.9972327950770008,0.999798875673813,0.9980105831565231,0.9962477303802107,0.979023813605877,0.9953966855963619,0.9969157975131516,0.9893157640111057,0.9946941583113486,0.9692347972704393,0.97321652642146,0.9639219122834181,0.8922554547419985,0.975868649651781,0.9891601930356247,0.9965603042494046,0.9996807109820057,0.9939396102118637,0.9981117966935046,0.9826287214952207,0.9997624201445662,0.1767092848949412,0.9981635917859363,0.9557763580976585,0.7520197983592587,0.9945829517710852
0.1,0.9736396591834078,0.23648447334151523,0.9999918950020498,0.026360340816592158,0.9911060539219895,0.9908520740488393,0.9966266767159163,0.9933777996102988,0.9786538272214037,0.9647018351756544,0.9918570433031745,0.9994940034978347,0.9556900448258644,0.9999918950020498,0.99629545705956,0.9743048078077645,0.9888848604067395,0.8806638763444827,0.9931125202586657,0.9968397825579206,0.9378728513821448,0.9990281105932806,0.9623566529297144,0.9979544358039448,0.9986799284732637,0.9982364664729614,0.9973558221227861,0.9920326366510774,0.9915849916645784,0.9993529471853528,0.9845139405228567,0.995218214628841,0.9670130416495482,0.99707358851108,0.9465144237167185,0.9967308356595712,0.9994589993759598,0.9976156780324824,0.9867252604371309,0.8775677040943822,0.991256956489564,0.9922747268992445,0.9983093231812613,0.9994644803900816,0.9565814900818097,0.9913289321756369,0.9959578230913111,0.9950772970880212,0.998242514985931,0.9990600806375567,0.9990380638647701,0.9796944542483103,0.9816908617264911,0.9916371887677633,0.991509472685251,0.9996286288589106,0.930283729163923,0.9938666077945596,0.9999589695966384,0.9982816380327312,0.9988157800888918,0.9948892536474557,0.9906619020590007,0.9875611280807316,0.9814844026059868,0.9992493157452579,0.9878857897214133,0.9989510255301417,0.9762293609227898,0.9900689936055579,0.9821224620326491,0.992341644089356,0.9984505097521641,0.998096860650905,0.9992941229492814,0.999947901840436,0.9990988437692732,0.9972287313042995,0.984819338362165,0.993711560124744,0.9974444773189585,0.9970102312663811,0.9939868941736617,0.9970405739993219,0.9977398016964122,0.9954792296601945,0.9999434196571259,0.9980627141761719,0.8777252943381372,0.9992497678566729,0.9947736682142014,0.9754749414105387,0.5396470027563525,0.9988654373322307,0.9961676961551525,0.9986256334770612,0.9999327190047758,0.9955269294540444,0.9224599343944224,0.9968910815712985,0.9963956529336139,0.999089739812611,0.9984412517432376,0.7617940053305924,0.9897273527871866,0.9733941552053114,0.996341762231682,0.9998174965020731,0.9979487292820463,0.9964904480404541,0.9805042721604389,0.9947851347141077,0.9974294740727396,0.9909958433373509,0.9930138707329856,0.9642504276367377,0.9647579849456038,0.9676731774051411,0.9033143207081687,0.9797468725174447,0.9904704690648528,0.9971747707194573,0.9996493395731882,0.9954992495980338,0.9983084281509299,0.9858856249379473,0.9997783784029951,0.23648447334151523,0.9981817705714763,0.9639696483714225,0.7982261225514025,0.9948974258722386
0.105,0.9748230891613918,0.2963996592945686,0.9999905001220771,0.02517691083860821,0.9913827947704188,0.9908531214597391,0.997100083471477,0.9949155740711708,0.9783898070907261,0.9633953556493172,0.9930567007206387,0.9993312041668252,0.9547738596452655,0.9999905001220771,0.9968056100460624,0.9744772549210995,0.9886399820500656,0.8943687671428767,0.9939623487187502,0.9972330531983372,0.9447900127119172,0.9991472698135296,0.9603056142833827,0.9979876706155805,0.9984033782410998,0.9981668023770102,0.9980716031719319,0.9907645168098198,0.9913908396591432,0.9992054485637858,0.9881310221438405,0.9943926264837125,0.9706702577347268,0.9975666228254754,0.9583829559869741,0.9970115566275588,0.9994820711105183,0.9969939286892971,0.9897615023780638,0.8679613642002584,0.9886371106403083,0.9925422700168203,0.9987832348464741,0.9994665263415421,0.9640410692962064,0.9910720391674556,0.996866403854134,0.9952702891206632,0.9979073198105622,0.999033260814471,0.9991238397624883,0.974434608763937,0.9841619109056097,0.9937138587588579,0.9925238105393203,0.9996350307279193,0.9327310829407763,0.9934353236575267,0.9999458494513125,0.9985228983297506,0.9989300234735707,0.994524212794461,0.9901117131930458,0.9883167748280874,0.9766882445833944,0.9992304857576204,0.9898818083407833,0.998937636609255,0.9802832999885148,0.9896419965215205,0.9771239400678132,0.991111872865991,0.9980838664322187,0.9985733103010765,0.9992466139640381,0.9999352425066383,0.999045940204505,0.9973333620159187,0.9826535220426221,0.9951429616380049,0.9978603886518562,0.9968306688748735,0.9951164244100492,0.9976430135557038,0.9969504494688313,0.9963284269801587,0.9999315162054949,0.998217512579592,0.9018941582367208,0.9989566054742847,0.9954188997817133,0.9693550359369492,0.5141432730176436,0.9984882335055029,0.995032823580372,0.9987162970881448,0.9999325553058444,0.9962282006334933,0.9386425450680326,0.9970939907113505,0.9972889308421681,0.9991970064020199,0.9985615986821795,0.7636806043039972,0.9902739896939878,0.9721801997050828,0.9963857812399275,0.9998880007395137,0.9982269715414387,0.9955951930992177,0.978077453504119,0.9957295478694222,0.9974761848514941,0.9892795750285284,0.9934198724879154,0.9719334445604286,0.9667563828625312,0.971915276072797,0.89007461350115,0.9792962649995112,0.9919495255601064,0.9972935783423238,0.9996926331338658,0.9942863615141654,0.9977241706942834,0.9881034984763784,0.9998284178255382,0.2963996592945686,0.9983492171417053,0.9695866812145056,0.8379703637759892,0.994245747082987
0.11,0.9756116351877159,0.36369588981156054,0.999994674821865,0.024388364812284215,0.9907223409717885,0.9906631314104539,0.9976212597049549,0.9952404835316404,0.9823382434661799,0.9515357753319112,0.9935836143823009,0.9991165310996688,0.9508673456379324,0.999994674821865,0.9958337179731233,0.9755384952404013,0.9889182504246659,0.9088761658420272,0.9948331219458988,0.9977181245481581,0.9524439103423645,0.9992037594153955,0.9688080785615105,0.9977176305986065,0.9988641877290706,0.9975855586804082,0.9981127139574251,0.988129307940375,0.9915738478845182,0.9991226956438793,0.9885567084765509,0.9949079499361431,0.9745283252150961,0.9973998499546305,0.9571656613402358,0.9964375213569666,0.999270691475354,0.9968509148310394,0.9921088622185246,0.862435846804116,0.9881702367210813,0.9942188645284555,0.9988514274974765,0.999426708469037,0.9562945805931153,0.9916437866164445,0.9968860571005227,0.9944750252771732,0.9984967890661343,0.9991776222819919,0.9991448073280688,0.9682733834219104,0.982030938384646,0.9932301743527723,0.9928345744976584,0.9994830340643132,0.917881091984938,0.9949466147663852,0.9999409518635588,0.9987504475016341,0.9992000311341724,0.9953115823707519,0.9911880427674623,0.9894162052257431,0.9805132702318251,0.9992182788579583,0.9909956213563762,0.9991957042881193,0.9838442487845146,0.9903483748169906,0.9748232403479351,0.9887461401314392,0.9982502706490606,0.9989307561471703,0.9993114565306858,0.9999042300899182,0.9990479330630025,0.9974690219268004,0.9778233036895733,0.9954450202502806,0.9979131961813167,0.9963891590165482,0.9961665765159892,0.9973598429512833,0.9958936500265357,0.9970706515806619,0.9999173478719806,0.9980647965169982,0.898508648690356,0.9991104188123054,0.9956017435242338,0.9746376790827533,0.5425163730700986,0.9986126663741262,0.9955619804558217,0.9986957504064596,0.9998986014782871,0.9956877156569632,0.9355103446524773,0.9967483519651054,0.9974229321229403,0.9992024904923003,0.9982689700404451,0.7638768658445979,0.9925701883333719,0.9662788983175219,0.9972861295465415,0.9998379172271179,0.9984258922142085,0.9957795444324403,0.9760181371561073,0.995324780650973,0.9979874623126691,0.9902388416486794,0.9934654558379898,0.9748855030071872,0.9699069033273418,0.9688806334638195,0.8792716683085724,0.9797839650028349,0.99343714082041,0.9976914661021494,0.9995953249755862,0.994682373185612,0.9977695830801002,0.9869586023526326,0.9998362158216269,0.36369588981156054,0.9987336923911427,0.9718566605255954,0.857614930475099,0.9940736026958662
0.115,0.9770037556119877,0.4330575634121704,0.9999981676654225,0.022996244388012253,0.9905547393899812,0.9910965687200934,0.9978679529360702,0.9957561681938293,0.9857559202712883,0.9534434566616518,0.9946471675801107,0.9991181317529008,0.9483770168025829,0.9999981676654225,0.9965728696777004,0.9678616291840766,0.9855309225102322,0.9117635886205144,0.9950829582515078,0.9980328945272552,0.943259010563119,0.9993103307466652,0.9670649964991925,0.9971975693075702,0.9986593750763356,0.9968228295606717,0.9979839553659923,0.9898351957857549,0.9934795789936138,0.9989626083807648,0.9912760887160804,0.993978146695846,0.9799531781449617,0.9978920446558186,0.9572324874853352,0.9968749753010699,0.9992100686188816,0.99651564335931,0.991989929934006,0.8412877927568779,0.9910455681229376,0.9946446007994508,0.9988915383074636,0.9994087834345023,0.9558083303168159,0.9929989922802243,0.9966414658319602,0.9955442137420699,0.9985996191221872,0.9993028708443058,0.9993020467149695,0.9613323002679902,0.9815260620899359,0.9913141573555736,0.9934377338494388,0.9992856104608221,0.9323716639921977,0.9954119668842633,0.9999231925816349,0.9983483691984191,0.9991664109126739,0.995527854136392,0.9932997216327029,0.9902888863702517,0.9839160617787334,0.9993888309085106,0.9926954829171368,0.9991830300684176,0.9845036525761378,0.9924615861411319,0.9676525501171466,0.991248064943685,0.9980133929315426,0.9991987332852276,0.9992859838160515,0.9998657137881986,0.998672147312083,0.9975585682453877,0.9719157766499135,0.9946154599534481,0.9982908505930199,0.9966789417825418,0.9956854822196777,0.9979211592379105,0.9958457596708269,0.9972191570158989,0.9999223753826466,0.9979776123439135,0.9117979821695363,0.998810101974942,0.9962218507949909,0.973026790352183,0.5792794805955653,0.99861232078104,0.9953229652131401,0.9987066205834594,0.9998927203163231,0.9965829918960024,0.9435034282743181,0.9970104606733967,0.9973545512962781,0.9993275592685704,0.9983635149324979,0.7760662020600381,0.9927655807563387,0.9711291016516939,0.9974934610685161,0.9998434188079273,0.9987146967794965,0.9961430043245797,0.9745655124685603,0.9940099862173554,0.9983026003139586,0.9887129088810316,0.9949743435092534,0.9727102075302986,0.9723896868222369,0.972998456947802,0.902331348107725,0.9769970789685912,0.9948175177891923,0.9980490022894427,0.9995793147281592,0.9941905127647909,0.9981043927304467,0.9852723958199016,0.9998583531303874,0.4330575634121704,0.9990610009984725,0.9692411128743061,0.8855136265658359,0.9923906992722226
0.12,0.9777220910255229,0.4821521782140519,0.9999990560394194,0.022277908974476866,0.9915325680811047,0.9911642828225271,0.9973265646343922,0.9963789423222864,0.9881256328650188,0.9532446606391465,0.994180779111782,0.9993534898347187,0.960277572439113,0.9999990560394194,0.9972546600889761,0.9708499620473888,0.9851421281607925,0.9177310648152827,0.9962018054207572,0.9975995544770206,0.9341248762687248,0.9991819157935414,0.9687130086255025,0.9965989562412382,0.9985037415875271,0.9968007834440513,0.9979514429957451,0.9880278635650525,0.991262953199294,0.9990485922505172,0.9885392528332562,0.9949947828732549,0.9844417808769231,0.997825701221433,0.9574655274687377,0.9972961013241475,0.9989008464180518,0.9967884219667418,0.9921292282814816,0.8396568051165998,0.9905697828939584,0.9928485950183145,0.9985695176196242,0.9993940432148215,0.9569733489894469,0.9941952758682006,0.9967365630502014,0.9944636956880947,0.9987241265458354,0.9992944623199018,0.9992907781850306,0.9620613377560132,0.9824568763771041,0.9905697649398876,0.9929346996186456,0.9992789473738252,0.9304127309789236,0.9960318185201923,0.9999309898080085,0.9981672293908607,0.9990724121763417,0.994136545165047,0.9917321339352093,0.9914697415777979,0.9823503468131485,0.9992699459554791,0.9917057018417441,0.9991918521447686,0.9801699347847406,0.9932855637850441,0.9703345253556881,0.9889204346393383,0.9976042014193252,0.999204474824292,0.9993272870233043,0.9998276172150569,0.9981873734283624,0.9977155604825526,0.9718811143808196,0.9938527290501356,0.998238042422615,0.997375129670416,0.9949472951566812,0.9972398162351821,0.9962880933778351,0.9968895260623823,0.9999209147579328,0.998166365871163,0.9291965416479171,0.9990310778320889,0.9955985015820386,0.9744726160543156,0.544533958167604,0.9986023271599007,0.995189741297336,0.9990973001289832,0.9999436385411618,0.9971610372458178,0.9553014102364855,0.9965794732339589,0.9973473542508723,0.9990663227324452,0.9984719040901465,0.7825228767292332,0.9933244517769527,0.9652560823154144,0.9967641457964386,0.9998314275031541,0.9983910799608624,0.9956227690030324,0.9774152906716758,0.9924696001013057,0.9981283480205803,0.9902938318640827,0.9961427115218133,0.9788692227938689,0.9754371604473808,0.9702635189013731,0.9217795811522834,0.9706802350518473,0.9939789336075554,0.9973932765889393,0.9997232742999435,0.993662631325355,0.9981893940747487,0.9838393720566956,0.9998550497478395,0.4821521782140519,0.9988185617918426,0.9715568264705686,0.9089299699249284,0.9917180754912777
0.125,0.97774450880482,0.43276791789675895,0.9999973769377993,0.0222554911951799,0.9918508188507552,0.9931269536942692,0.9976845126131173,0.9970073287634093,0.9903562291104729,0.9514860995896055,0.9948449057656147,0.9993494141272267,0.9610324332628285,0.9999973769377993,0.9978502496473856,0.9688369949374847,0.9879535343624354,0.9303202810726797,0.9964174672312879,0.9979685533477509,0.9224153029056202,0.999138100955202,0.9679867754123133,0.995929820960279,0.9982547729226141,0.9967639238525886,0.9978552446143071,0.9880446444971078,0.9911964443840162,0.9988879800657988,0.9892870147382983,0.9960231889465334,0.9808466482932434,0.9982868451521482,0.9438538020726731,0.9974708160944863,0.9988749550847362,0.9968437801473384,0.9919314405449648,0.8196398123250704,0.9905452992636292,0.9937112289726311,0.9983422168105204,0.9993871798759048,0.9637359270546202,0.9951390679870649,0.9966106054893124,0.9936655787054521,0.9986240365030831,0.9992727786968043,0.999298987329375,0.9639152144983555,0.9773217298614586,0.9929213522205261,0.9937560451407518,0.9993835364438791,0.9182139534287319,0.9968074961746511,0.9999266276944373,0.9983759912349243,0.9990534536460689,0.9950903189021126,0.9900916517133938,0.9909239420761803,0.9844555439024575,0.9991267136667512,0.9928156819722006,0.9989246587015584,0.9774115879021265,0.9920333829991849,0.9734036631989124,0.9905102144538549,0.9977897158973171,0.9989521248485865,0.9990659442238637,0.9997780407897984,0.9980134809059261,0.9978396579083165,0.9731164862035788,0.9953999855799239,0.9985443018571092,0.9966134918236736,0.9955355614299307,0.997568349913041,0.9963391854234436,0.996422141197393,0.9998925778368141,0.997871222295054,0.9395551387798209,0.9992447563240984,0.9958570915456741,0.9790722487361811,0.5813140080115077,0.9986312715162565,0.9951770260070706,0.9988858245936951,0.9999411552728379,0.9969712993449784,0.9495057820922524,0.9963777906763899,0.9979736736790559,0.9990250217294048,0.9982376129444466,0.7953029296973912,0.9927326294077459,0.9590639314434717,0.9958488000848771,0.9998547255586594,0.9985754963486486,0.9943215656756047,0.9822365956012487,0.9939582421004551,0.9984755125882996,0.99185899827759,0.9970436682500798,0.9736870467565549,0.9801377128601708,0.9756262616016258,0.9276499655445117,0.9759032775479034,0.9947497264111699,0.9975743181932794,0.9998237177907913,0.9939454350050424,0.998296345166352,0.9828044063113739,0.9998633964730362,0.43276791789675895,0.9988465023804168,0.9678710686595978,0.9203521633102293,0.9892026668822683
0.13,0.9776347776836971,0.49736051623730493,0.999998492990202,0.022365222316303054,0.989295384158026,0.9934558739724486,0.9975840892285088,0.9971140294722108,0.9904900772816894,0.9532383701017688,0.9957343000831739,0.9993290795517492,0.9634204042780282,0.999998492990202,0.9974186179651942,0.9593103760695096,0.9899535926779615,0.9370733345002418,0.9958175766685938,0.9983401028822203,0.9337124765959097,0.9992901308133982,0.9752920516667929,0.9953564624353841,0.9983044731810644,0.9975452515797946,0.9978987972801882,0.9897690449909221,0.9932721786115036,0.999214242608888,0.9890787856685597,0.9952483490210574,0.9813803858885339,0.9984462356975944,0.946461061846475,0.9978352763682141,0.9991724546897327,0.9959320591835613,0.9919607662717078,0.7731334544336596,0.9908242712280428,0.9930832731316812,0.9982839788209362,0.9995343510867801,0.9660787907335682,0.9959244122932267,0.996780356644628,0.9929416062172718,0.9983259253330932,0.9992342768633714,0.9990520890095042,0.9573712491900955,0.9764782621369729,0.9927848228991419,0.9918638656804795,0.9993720142173642,0.9348692953210438,0.99658359065424,0.9999224322589506,0.998597803760402,0.9990667975587667,0.9935571944101977,0.9886229780475603,0.9920802383236264,0.9828868112885585,0.9989738617983711,0.9939153327884498,0.9988711542810949,0.9749587229506127,0.9909866720468712,0.9758423250126186,0.9903231732117287,0.9984121512833768,0.9989307875440958,0.9991642961647924,0.9997662966913134,0.9984509307588599,0.9984470312149532,0.9662745596496654,0.9957313335056502,0.99860415242417,0.9964743275687502,0.9960037576446044,0.9979539584451637,0.9960836857578191,0.9972454170590188,0.9999101832370886,0.9984598141437863,0.941343485548536,0.9992452766334878,0.9961805407055381,0.9778570406867026,0.506056953840329,0.9989297881202633,0.9962144590647996,0.9987333743777917,0.9999403238073235,0.9963054238231005,0.9449916427713222,0.9965146092809776,0.9980868494404077,0.9991547784773616,0.9977710048185123,0.8128466982005009,0.9903719006532257,0.952971844167508,0.9956706202412319,0.9998418472895002,0.9983358068962609,0.9947271690463375,0.981816051789682,0.9945315815525827,0.9985247197720395,0.9914296143606587,0.9969339567428377,0.9756562548592087,0.9747570652149138,0.9794116985914955,0.9221480565445213,0.980408617695041,0.9954883602212241,0.9978006471950293,0.9997946099430821,0.9955103167360714,0.9984131627592802,0.9841734336894311,0.9998734578270444,0.49736051623730493,0.9988395784523777,0.9713725124083449,0.9224650980589837,0.988668541964209
0.135,0.977584264672189,0.43385426122683357,0.9999953207684922,0.02241573532781115,0.9860847066626666,0.9933184084961462,0.9979810617070662,0.9973386689350323,0.987945825316189,0.9643162174861005,0.9964958397842305,0.9993175493023412,0.9716647398421141,0.9999953207684922,0.997689791578195,0.9681842475930181,0.9886959603202915,0.947365188866511,0.995132187724745,0.9982534315915869,0.9441949511624745,0.99945035741048,0.9809775063286632,0.9944389892914349,0.998814565193138,0.9975425043996896,0.9978158820190988,0.9873553305940675,0.993417514877102,0.999452663006522,0.9892186653871626,0.9944870747065964,0.978355405031186,0.9986518281086753,0.9300928043795051,0.997597685705534,0.99909025805303,0.9954178590006326,0.9921896755554995,0.8020591698645018,0.991115090837156,0.9945358749736429,0.9983666993932504,0.9995093239424999,0.9590211182762748,0.9966408100689341,0.996912338870703,0.9935100735930433,0.9983444008793727,0.9992690473045364,0.999202401008335,0.9549438097277859,0.9699257894707463,0.9905086531144969,0.9912531796927325,0.999488181540085,0.9436348644044944,0.9954428583415048,0.9999605513141135,0.9988247379018128,0.9990819752953244,0.9941277796250259,0.9914089661197806,0.9934512407330517,0.9861630028050116,0.9992393024881304,0.9925776842676558,0.9988139560223943,0.9730917174729582,0.9919310086377361,0.981082323977155,0.9905513097491174,0.9985222800110722,0.9989812556277085,0.999227058470358,0.9998160537975112,0.9988572037823932,0.9982141114177807,0.9732222258209227,0.9960771821955591,0.9987628234787684,0.9959987292781098,0.9964779689666889,0.9980999007211085,0.9959189171903023,0.9973503537914468,0.9999405566119155,0.9984543346189663,0.9451633880110897,0.9993981744275642,0.9969746229884158,0.9726539166152037,0.43385426122683357,0.9990779134726888,0.99627012150636,0.9987154002955339,0.9999745308514253,0.9969862045433138,0.9284435872491641,0.9967119546671153,0.9974206203796212,0.9993117482483604,0.9982632555160073,0.8257105749720838,0.9902518906053935,0.9600473587402427,0.9957474162369425,0.9998277714057735,0.9981293475252654,0.9954681984442741,0.9819532029870388,0.9957158083011763,0.9985854431538189,0.9893832579457471,0.9971313727406224,0.9781996316566375,0.9781744231776507,0.9784138477940285,0.9294576813711567,0.9786245948440035,0.9963858351204103,0.9980445640873253,0.9997663195961535,0.9957663912900719,0.9980721527126646,0.9856422359749698,0.9998845436997517,0.4677391984079713,0.9987373262748324,0.9755352555286674,0.9274895866572802,0.9914300831103273
0.14,0.9782605752264576,0.38234707905312415,0.9999961100064966,0.021739424773542394,0.9882432197971827,0.9936206970047019,0.9974801836955982,0.9977457389943591,0.9850350017810621,0.9728452595434992,0.9962665326254103,0.9993214177343228,0.9705205015015294,0.9999961100064966,0.9972137704031505,0.9584645982949195,0.9908554757352711,0.9354118499440295,0.9945119446660667,0.9984233540096071,0.954137156470382,0.99961396554599,0.9818238934713047,0.9954015129366124,0.9987084778168477,0.9975911622248469,0.9971114075913653,0.9896138754247849,0.9938873747481461,0.9994033013351188,0.989695645238225,0.9951711746382739,0.9797724834786617,0.9988923206385285,0.9325371937133831,0.9978005257675184,0.9991552626168501,0.9958216517731631,0.9920419058949678,0.8071944392571134,0.988575951247799,0.9956944953737283,0.9979615669533262,0.9993385187551541,0.956940057005215,0.9969025734614994,0.9961707258006524,0.9941462309273241,0.9980448622715266,0.9992344416882573,0.9993305931012972,0.9572638991427309,0.962088388850375,0.9906450272024652,0.9903690166034109,0.9994328893444743,0.9524568955726983,0.9960234025750185,0.9999468412475112,0.9987462556141007,0.9990723543892668,0.9935839945537014,0.9907477612837698,0.9914633906866808,0.9888793228069803,0.9992249000346971,0.9936913884884828,0.9987809621315542,0.9756452663643771,0.9913386189803786,0.9766193012520982,0.9904325272336402,0.9986305766858199,0.9989616525185544,0.9989423762223334,0.999809118629087,0.9992013114995787,0.9978413602773635,0.9664172404832729,0.996479297622478,0.9989213523213196,0.9969132073112489,0.996093676711301,0.9982746328626311,0.9960786340492827,0.9969882189266834,0.9999338946958478,0.9982044832157152,0.9542352382231721,0.9995314565676786,0.9974471173424164,0.9722168509366244,0.38234707905312415,0.9990381309946766,0.9960953397437956,0.9983565181033195,0.9999616667669555,0.9964436544095545,0.9345942113923449,0.9969629598430434,0.9975487270640984,0.9994737226148614,0.9983860263131182,0.8612063709340427,0.9896892689576345,0.9497979921355839,0.995363245357472,0.999817021613897,0.9983878310671372,0.9962443168805258,0.9772057637552457,0.9951506523584291,0.9986546656411801,0.9915028130767451,0.997210915103277,0.9808087707173824,0.9771292299649024,0.9781994029051815,0.9434332556886114,0.981361612223029,0.9961457417270446,0.9984206860896585,0.999739811139086,0.9960157965351617,0.9977019740014674,0.9842054504666459,0.9998960542287201,0.5359802517275262,0.9984090627403338,0.9797155179342624,0.9378645270179944,0.9916430863336126
0.145,0.9781920193783578,0.3288357417510066,0.9999968742523864,0.021807980621641937,0.9903300721499249,0.9941998213608214,0.9969236089527114,0.9981351622656038,0.9881010924175625,0.9642780587861084,0.9969968093479992,0.9995346000844427,0.9774554425673642,0.9999968742523864,0.9978800910272331,0.9461902086146297,0.9911272030992198,0.9230642546356737,0.9950856662997392,0.9981250128636917,0.9598069139060008,0.9996497273980446,0.9811913070138392,0.9963422912954931,0.999092241685431,0.9975989861677661,0.9971694399519165,0.9872580060284134,0.9936342393802078,0.999377758694211,0.9906335517127235,0.9958672675011089,0.9817112345622969,0.9989960930981098,0.947919801176193,0.9982621938190048,0.9993785775553347,0.996274972377946,0.9894842082179894,0.8364617696002975,0.9880630466013207,0.9956521851335204,0.9985081393376705,0.9994116067658423,0.9470078102688005,0.9972828918800597,0.9964934082722887,0.9937391009240985,0.9976506605612085,0.9991978320889181,0.9992958002195294,0.964555336306366,0.9642411329538799,0.9878640783698928,0.9874161140914977,0.9994142435377337,0.960751389126807,0.9961657067499992,0.9999384709677441,0.9986743931544859,0.9993730380686688,0.9917691969856168,0.9911392359618205,0.9928122735565602,0.9853565167979994,0.9990623565672224,0.9921761039924673,0.9988885128960419,0.9806381796075394,0.9909797375428636,0.979293541320589,0.9919431527913659,0.9983074851426831,0.9990387946082573,0.9990361506057905,0.9997954308770755,0.9991993261726914,0.9979561256201607,0.9585494298807558,0.9973860022134865,0.9990950817900629,0.9971424748896107,0.9956698522176034,0.9981816383943225,0.9960336251615696,0.9974079706213175,0.9999234561203292,0.9982676582982085,0.9627620415813953,0.9995059346779251,0.997605927852026,0.9664808367321684,0.3288357417510066,0.9991836750821496,0.9961313504606275,0.9988138192751848,0.9999652151873085,0.9965007821648866,0.9166520206050885,0.9966673852789674,0.9966880841460583,0.9994741308417793,0.9986037460269866,0.8747771804430727,0.9902254345358622,0.9486511673512426,0.9955681383240984,0.9997422105373653,0.9982626229151423,0.9958079025688913,0.9823387548352264,0.996315070202091,0.9984128141420503,0.9894513497870259,0.997115888577173,0.9774569506875758,0.9808113172585753,0.9784489583996153,0.9550113125045984,0.9849465711175935,0.9970353208572146,0.9985827371562851,0.9997203423688746,0.9955342544990127,0.9973248228867659,0.98629374966692,0.9999254015569133,0.5249950866660128,0.9984927300257453,0.976697532720151,0.9437449977345953,0.9937369125587996
0.15,0.9786282374237494,0.37935539892300896,0.9999933155602075,0.02137176257625129,0.9922199383017003,0.9947497005334541,0.9974887974169353,0.99799970072245,0.9886149040443457,0.9728154038557371,0.9959575233212262,0.9994195674173653,0.9701539961113552,0.9999933155602075,0.9984029363416604,0.9516103203487446,0.9917226577459549,0.9151827863792095,0.9962500242661199,0.9978342930499325,0.9648476293618873,0.999626047645049,0.9806393179103646,0.9956694239816363,0.9991094821615756,0.9977018015302852,0.9971704447279218,0.9875688261113036,0.9941086447092717,0.9993071415696742,0.9893518799588359,0.996840067666951,0.9857299313415276,0.9991413485209356,0.9600028888561523,0.998525309519801,0.9994537398547592,0.9971026506176806,0.9898849392259857,0.864447222377321,0.9845810191098263,0.9954361697090515,0.9984531543710555,0.9992073582990707,0.9364228271237961,0.9971300857502098,0.9962003477571948,0.9943522830807622,0.9979450696965426,0.9992496303850008,0.9993179887375072,0.9712505396161049,0.9676204972937434,0.9874742365507098,0.9897297242786743,0.9995424295086403,0.9531994590774306,0.9967979268146486,0.9999395711384845,0.9988437693596967,0.9993644139437555,0.9933820157095254,0.9917261139890368,0.9941611025204549,0.9845006528498397,0.9993104331418988,0.993325739009301,0.9985142941655435,0.9789277284146986,0.9916991781911996,0.9817006856165001,0.9935055325907552,0.9984022197392193,0.9992771315363672,0.9989748201333367,0.9997339877191345,0.9994698795254943,0.9976514456694613,0.9649919782871742,0.9975639074823421,0.9990565691633954,0.9970631196077517,0.9943715665196233,0.9984858119291231,0.9960889348992135,0.9970848455951301,0.999927910662451,0.9982002832181157,0.9557669347432591,0.999459918485471,0.997339905120023,0.9673809675353,0.37935539892300896,0.9993642906208833,0.9956785870398863,0.9988344370758763,0.9999635027416729,0.996005287477196,0.8950560124527351,0.9975310668094816,0.995535517022903,0.999456731339632,0.998290080786972,0.8608850252667987,0.9906083373195729,0.9367955349640663,0.9960139425205067,0.9997426035807925,0.9985577623268729,0.9955694538402434,0.9845019545271967,0.9960738394579022,0.9982598255666433,0.9891655537046675,0.9961268802953519,0.9729582284680768,0.9841890341912521,0.9795282025614772,0.9590565854716829,0.9838234835077365,0.9965879661449261,0.9984996237161431,0.9996897574865006,0.9952434546632329,0.9976729675886087,0.9885266558395688,0.9999237986558255,0.5312572214195671,0.9980969372630066,0.9794464379588783,0.9314768084006531,0.9953168828044721
0.155,0.9790658564475839,0.3287768850880124,0.9999885249408021,0.020934143552416174,0.9928913897029561,0.9957080252807352,0.9973368183781823,0.997879138007836,0.9903938715571813,0.979356863765451,0.9967515234923473,0.9996053956958139,0.9718047996965246,0.9999885249408021,0.9980212024780811,0.9614750091578605,0.9892633518707679,0.9314871233140466,0.9959987261944656,0.99827040624812,0.9711820472282954,0.9994558428187567,0.9851922140485876,0.9953272990021323,0.9991278842875015,0.9975212150279514,0.9970576364928369,0.9900239542597006,0.994822000697747,0.9995230637686743,0.9887798304537522,0.9969533834744306,0.9825275535381179,0.9992774387531078,0.9694053291897313,0.9983861846132795,0.9994496892440753,0.9977603789469198,0.9868234308607415,0.8862723783738835,0.9845547833505064,0.9955130764614377,0.9985229935993136,0.999402870567369,0.934788324590323,0.9963304076073201,0.9965145547879051,0.9932763737450953,0.9982328100035984,0.9993444511771976,0.9992750520671219,0.9759274206273364,0.9651308029587434,0.9868077497184009,0.9916670329142313,0.9995029552867758,0.9541987609407201,0.9966084560798558,0.9999236160889866,0.9987881012993665,0.9993630222531112,0.9924833136076429,0.9907132921992997,0.993461003647391,0.9877103875437789,0.99950020527997,0.99437412265155,0.9980543860139391,0.9779143572303574,0.991611986522817,0.9854604027131817,0.9937489836761325,0.9981464687276841,0.9992152307020724,0.9991988133787473,0.9997249640309089,0.9994883282012288,0.998324375466673,0.970940768453554,0.9971640713381856,0.9990190447633772,0.996270577984143,0.9937646275171768,0.9984182185343591,0.9963075562441892,0.9969335946086515,0.999924266139035,0.9983992533453867,0.9632236087380421,0.9996008775781591,0.9978593026872169,0.9736248277398486,0.3287768850880124,0.9993533511871805,0.9961516427648894,0.9988631748401668,0.9999446928721357,0.9961691817740841,0.8810305564324852,0.9969290620685486,0.9959914484417391,0.9994760486155393,0.9983693719066701,0.873475415485234,0.9914137369564275,0.9376970273379595,0.99654029429414,0.9997320901126139,0.9986521109480456,0.9943698663886462,0.9808184492124348,0.9954483246339024,0.9983437987817528,0.9869724172910345,0.9969510845837511,0.969095270677525,0.9871659482582811,0.9785336979782597,0.963531151584811,0.9857065862926164,0.9974069476599667,0.9988071646779442,0.9997531279940404,0.9956809959686389,0.9981745432386544,0.9906862925093995,0.9999355238308241,0.5255794579425548,0.9986047326020026,0.9760641207300912,0.9423746575798098,0.9965036154971068
0.16,0.9802637009348965,0.38416933613027104,0.9999785136706453,0.019736299065103952,0.9943331060833147,0.9954909465628007,0.9978566240929645,0.9982590823390485,0.9883955903724295,0.9803083559732003,0.9971632405575527,0.9997345116145815,0.9730544061965595,0.9999785136706453,0.9977571009113765,0.9598448266655528,0.9904217891254457,0.9408085562268576,0.9963919592840124,0.9984436342423526,0.9748636628850819,0.9994602027739504,0.988681793562731,0.996260985586198,0.9994127383482903,0.997454151451551,0.9971168313029116,0.9898015797173041,0.9951552916488009,0.9996747163699891,0.9915813229381846,0.997735469266171,0.9842072844800821,0.9993681440175282,0.976669127726136,0.998270895469603,0.9995338307111508,0.9979887927308146,0.9878246782225436,0.8919743468917591,0.98831767361319,0.9954268745613697,0.998462345732009,0.9993735179910432,0.937467517333384,0.9954407225306485,0.9960027217050228,0.9927337326607193,0.9984969284314592,0.9994609211100252,0.9992657465704216,0.9805581283249025,0.9636191396411863,0.9825941425042051,0.9932700120865559,0.999649862849551,0.9538743646135122,0.9965915064132687,0.999906694848417,0.998973144221426,0.9992387601075816,0.9920067886256199,0.9930268246891502,0.9944403621345888,0.9874613832654295,0.999452389218213,0.995115001234459,0.9982389378350909,0.9777362675440343,0.9905207445843321,0.9838068996946505,0.9946948064462144,0.9983548849268673,0.9992597679558867,0.9992756046675255,0.9997849974611789,0.9994712067174639,0.9979494158620885,0.9735081014509505,0.9974480207729625,0.9991652180994567,0.9967058281289018,0.9945348517874769,0.9986080211673758,0.9973188079269515,0.9960748608615536,0.99989029517797,0.9981780612591654,0.9611561034717584,0.999692256779738,0.9982276563153336,0.9682160871682234,0.38416933613027104,0.9993345017266063,0.9956933330489145,0.9986153798154394,0.999945946838839,0.9957853861265485,0.906504746482309,0.9977251068640773,0.9946630040332949,0.9996132678430445,0.9982403265122171,0.888325791157276,0.9932172518817498,0.9408176348161607,0.9970871927134809,0.9997185321997882,0.9982362307575988,0.9945177852536707,0.9808105934449829,0.9956125823720586,0.9984331699768105,0.9848137587387911,0.9968782827870585,0.964035370886366,0.9838944199672567,0.9795961636679181,0.9685826747606653,0.9845751948837296,0.9967668583802132,0.9991055481604538,0.999718256648875,0.9961738765140913,0.9986239457402893,0.992245645674609,0.9999478834171603,0.5319159686049921,0.9984134882647698,0.9730946883624307,0.9523355449466328,0.9966460481652664
0.165,0.9809883684983283,0.33099536934647455,0.9999818846606152,0.01901163150167167,0.995048147319835,0.9958904673438694,0.998113618550933,0.998190598460767,0.9909810204000251,0.9792298142598617,0.9969449494286428,0.9997620983669419,0.9719371955645968,0.9999818846606152,0.9971607506886194,0.9686131996595927,0.9917108916497422,0.9302652066605349,0.9955090308745977,0.9983409608524861,0.9784750871110488,0.9995098269537861,0.9913548771945888,0.9970594610113591,0.9993879438109721,0.9966157620685873,0.9971468132463361,0.9899626111154056,0.9959209380278807,0.9997799986770856,0.9918516060032914,0.9972873491881296,0.9860413369759912,0.9991361617950641,0.9760741933743137,0.9986287656729553,0.9993670421587009,0.9982205597405409,0.9907970068349907,0.9005364958729656,0.9848499190281474,0.993906714063765,0.998496812836625,0.9991980913803058,0.9358500073550347,0.9951581704397212,0.9964596879006368,0.9934824936197444,0.9985256643266335,0.9995278811244669,0.9994097769233475,0.9816072244752903,0.9574814273322648,0.9868048179088852,0.9941298204036508,0.9996325978794168,0.9631734303144492,0.9967546586205033,0.9999424062375692,0.9991300229894854,0.9991296808252234,0.9932650063717415,0.9933859709009167,0.9954773367547062,0.9875912661543309,0.9994116489356183,0.99471536702654,0.9984328042335545,0.9779238513615134,0.9897878281087231,0.9875021547718856,0.9946805078191366,0.997996546370911,0.9994478179038382,0.9992479899042239,0.9997608472058952,0.9993264032957937,0.9985503490756912,0.967313775076277,0.9981102684272495,0.9992646384749084,0.9971358042236624,0.9938383908865798,0.9987928542178198,0.9966422279233652,0.9969462147462342,0.9998521880526927,0.9982376929615266,0.968194076756273,0.9997768523452318,0.9986346111770859,0.9750690768387187,0.33099536934647455,0.9991183448568871,0.996031025671362,0.9990353254635529,0.9999461988685661,0.9960762248073146,0.911498032159186,0.9977995702334622,0.9942692087999035,0.9996511516251259,0.9979622601966586,0.8977097490955316,0.9937057374424221,0.9503120894642104,0.9977292374734267,0.9996005128884888,0.9985314533139156,0.9936843119023531,0.9838088325404477,0.9967473625348879,0.9983084196413103,0.9829054608805745,0.9970999106799149,0.9682133979767272,0.9865535941333586,0.9833407828115717,0.9719586705275395,0.9855456075267622,0.9970026145615465,0.9991658996953773,0.9998114694905919,0.9962172096751694,0.9989965372577763,0.9920356869996044,0.9999443986323461,0.5956801005494907,0.9984504129016301,0.9777953230552526,0.9489474506533003,0.9965288755885379
0.17,0.9822131270575135,0.4192807910537292,0.9999737836107124,0.017786872942486178,0.9960617773108615,0.9956517089430028,0.9977691483501505,0.9981018974849867,0.9888883817609512,0.9801156767868705,0.9973326461073724,0.999834829687238,0.9704705581431028,0.9999625899320922,0.9971306418930355,0.9704880419023837,0.9930082391391359,0.9445164364078134,0.995396465268989,0.9985458656393134,0.9766039436420022,0.9995160563031853,0.9916338453833202,0.9975329249701584,0.9993123772924837,0.9968246212914992,0.9972479820583552,0.9882786089966462,0.9967101916901492,0.9997754316408911,0.9923350622178897,0.9968100222118087,0.9879779139951088,0.9990557944025238,0.9764149707038862,0.99854149081251,0.9993219108790656,0.9981711051512072,0.9910866734147433,0.8827621273512851,0.986026669444338,0.9938181909919279,0.9985543113309242,0.9991664164188968,0.9489399539510449,0.9941631082994781,0.9969461099084431,0.9943780126476058,0.998347289286592,0.9993521140113188,0.9995260503694404,0.985427728939765,0.9516942984960698,0.9870952351767246,0.9936095861880408,0.9995007753160262,0.9709146416847726,0.9957432910634978,0.9999545571258952,0.9990536241191649,0.9994304850966336,0.9931334481385239,0.9932602755549771,0.9960706704997451,0.9903302292803517,0.9993745415478391,0.9955659902697114,0.9988001670190162,0.9769672179920699,0.9902811771379166,0.9904794787265079,0.9948812275877099,0.9976749378367445,0.9994093000323621,0.9993040556057832,0.9998394086688085,0.999328004274627,0.9984324519641886,0.9725509742422291,0.998256766028937,0.9989909068203825,0.9971039945117014,0.9932762027783111,0.9984763448597174,0.996765321843464,0.9973776020254133,0.99981788799183,0.9983481042362302,0.9678561060938375,0.999844144968487,0.9984348678854714,0.9782285269072163,0.4192807910537292,0.9990241931922054,0.996546284260918,0.9990667413336838,0.9999457062450666,0.9958541630702757,0.9309481778682598,0.998409431251743,0.9949273180521436,0.9996569601068269,0.997840348271677,0.9179450192643918,0.9945060049345146,0.9480049632841746,0.9972022346571107,0.9995812354317366,0.9984603888635759,0.9948880905279842,0.9806243666520752,0.9966004580617446,0.9987077752521691,0.9829979963331636,0.9969889709507156,0.974826049501554,0.9875886650276184,0.9858252323924076,0.9684933175869915,0.9810522021410419,0.9964548733946037,0.9989854403123082,0.9998826626868851,0.9964686861429006,0.9989153914978206,0.9921879638160995,0.9999737836107124,0.5934949475900066,0.9985268949396758,0.9796437339336753,0.9471108862921782,0.9965511712126747
0.17500000000000002,0.9839634381227526,0.4674555294475444,0.9999647007600464,0.01603656187724734,0.9969057300955517,0.9965259065335684,0.9976394078715061,0.9982526067446402,0.9865372149473904,0.9849398544277302,0.9977772473297705,0.9998345593157876,0.9702176572445952,0.9999593710637329,0.9971533090049886,0.9735463649360796,0.9942248805996199,0.949615377876802,0.9966044448219287,0.9988418232402217,0.980424793416966,0.9993542012703196,0.9920886575124591,0.9975225262508052,0.9991569121026843,0.9972065583526241,0.99740850217779,0.9888010893387474,0.9958105616589101,0.9997787281764469,0.9904316117712375,0.9970088647491914,0.9903679428848235,0.9990247242988508,0.9764925674426398,0.998676375458901,0.9994184753239633,0.9978216524059034,0.9908750833813522,0.8995347863678842,0.9823310626604478,0.9939686258131175,0.9986366263490405,0.9994100429679024,0.9416584837655816,0.9939101143022565,0.9970243293587173,0.9937463907503217,0.9986122002684673,0.9991191780168486,0.9996198235715216,0.9875658374036234,0.9617349351764124,0.9876612638862057,0.9948492449465428,0.9994758978892879,0.9715401739942555,0.9963884179900098,0.9999647007600464,0.9987405277352779,0.9996383282022276,0.9932744112439844,0.9914228948224824,0.9949667765859519,0.9914512879308862,0.9992325642556309,0.9963412134310197,0.998817366447934,0.9822867330554711,0.9905350087367348,0.9894950932438641,0.9957126275611883,0.9982664240814125,0.9994333137075782,0.9992548310364207,0.9997887858708984,0.9992133451543308,0.9989060601496771,0.9758944385801533,0.9979170858237026,0.9989513474425241,0.9977870004962288,0.9929194587224892,0.9986624190624954,0.9960286760304732,0.9979378511268785,0.9997689219592054,0.9981378565109622,0.9732099747021602,0.9998887352038027,0.9986872408821484,0.9742522572799773,0.4674555294475444,0.9989938394185164,0.9962936224448493,0.9993710410622842,0.9999466252917018,0.9969008638585144,0.9465623619446419,0.9988618295736235,0.9955491567040005,0.9997547598549061,0.997291133227101,0.9351655457131252,0.9954313268565638,0.9578263500243949,0.9978000177635277,0.9996246366697966,0.9986814871328482,0.9959012400347484,0.9841950655813178,0.9957773063864632,0.9988971103866705,0.9780791723630892,0.9976946766816961,0.9803932837111711,0.9896945569675076,0.9880939201909336,0.9658378747178304,0.9833818037500364,0.9968625338911005,0.9992738156692285,0.9998568014261969,0.9963275979326793,0.9989989160235435,0.9935674718741235,0.9999581658610148,0.6565372204719655,0.9985945996773744,0.9750656791677641,0.9555337610527987,0.997468801561955
0.18,0.9852047726467773,0.5082416054951754,0.9999770672488107,0.014795227353222758,0.9961169486174182,0.9968505893995637,0.9975218682332594,0.9984318702357684,0.9856227145305103,0.9858349142792958,0.998220037863182,0.9998163379172995,0.9718560271183259,0.9999678878970546,0.9974020135193071,0.9769164487844066,0.9953083714337804,0.9555247447712454,0.9975380962445974,0.9985299570814264,0.9838201173736686,0.9992729763234497,0.9926241160377451,0.9980764759680398,0.9989736457741814,0.9977568320811503,0.9974084046360776,0.9913057981916918,0.9956080512419022,0.9998523943528399,0.9913846586415831,0.9974932656581127,0.9888192504622945,0.9991087541446756,0.9761629671613313,0.9984427343849124,0.9995163377672521,0.9983645638901913,0.9882750989028531,0.8905167292594465,0.9843736910029192,0.9954056346478272,0.9986354001034662,0.9995972671948875,0.9546025108081319,0.994538619478535,0.996447416994415,0.9943261496202497,0.9984193133732306,0.9992291058965611,0.9996953857994029,0.9852063911048384,0.9641146323234268,0.9882328811555579,0.9958641856019007,0.9994409552829018,0.9682347782148989,0.996706238740517,0.9999770672488107,0.9983311693168566,0.9997773382665952,0.9946039993268802,0.9936199833565327,0.9946350309169418,0.9907043284303791,0.9993356393745292,0.9970185719669452,0.9987591812626064,0.98218567762959,0.9911815513258581,0.9920743394222382,0.9960880286327005,0.9979799987384391,0.999267806535091,0.998977707963581,0.9997629423879979,0.9990331482998234,0.9986344813198136,0.9795505202427067,0.998068493960417,0.9989209056203435,0.9973969766773022,0.9942587726241812,0.9983167908918925,0.995664000212085,0.9983830649907077,0.9997449363289178,0.9985750761400167,0.9739939499388448,0.9998690870084562,0.9986076600204687,0.9758429658080529,0.5082416054951754,0.9986581833327552,0.9951277909729704,0.9992291795870344,0.999948556450768,0.9977179210616498,0.9589111086208535,0.99892133799946,0.9962456004417315,0.9997331851986883,0.9971986695229801,0.9494040367800864,0.9961853669397491,0.9492922136115571,0.9981824131601854,0.9997307808836506,0.9989003115199243,0.9957774354666882,0.9873662835316506,0.9960419696589006,0.9989391882147314,0.9759556722800645,0.9977217538400744,0.9823052444450879,0.9912788055398899,0.987714695810629,0.9684135197384452,0.9787127213849544,0.9973007569078068,0.9995074928316849,0.9998987596850951,0.996791778105048,0.9986329524939077,0.9917680658144948,0.9999360894083742,0.7144169359078754,0.9984769188982202,0.9701717285564053,0.9636179247969285,0.9973821941811989
0.185,0.9852435210622954,0.4381278466483961,0.9999716141159856,0.014756478937704933,0.9955877694305053,0.996678587724622,0.997771203369375,0.9979040213626562,0.988583352875596,0.9892948713883584,0.9981706072136757,0.9998422873207821,0.972141861626469,0.9999649762026829,0.9970374348688482,0.9791216965934628,0.9945740390585602,0.9519647426400001,0.997660401627786,0.9984344042873403,0.9850859249150112,0.9993495134855858,0.9933611939100637,0.9984004452403437,0.999319769066205,0.9977637609639719,0.9974169793682739,0.9924584683704669,0.9945158661144857,0.9998496114715666,0.9920714812249766,0.9980786577260454,0.9875102755891142,0.9992468619234274,0.9772368021371691,0.9986180210329727,0.9994526828827294,0.9981543563016807,0.9911399143855383,0.885057544952991,0.9879370394526137,0.9957255772446476,0.9987336067960672,0.9996095413704953,0.964903599684055,0.9958239667090453,0.995839863743193,0.9939373004530987,0.9984374761666127,0.9991509493947863,0.9995882534323678,0.9884732738816838,0.9677081006505035,0.9890898882001575,0.9966912646216055,0.9992489033203146,0.965779668292367,0.9965322183120406,0.9999599296915747,0.998301848122304,0.9997710948807207,0.9939108725452138,0.9918868221114558,0.9949649606956609,0.9927793098083709,0.9992779693219421,0.996829395743963,0.998706539301852,0.9863319107402211,0.9907602064792232,0.9898022123101872,0.9967367840961587,0.9976388538614532,0.9993242610217801,0.9992064158318725,0.9997410419562938,0.9990708861391033,0.9983104031498546,0.9767988076938008,0.9982387835164759,0.9989942963888755,0.9976954750457628,0.9938279483308051,0.9979381136940602,0.9960830572471049,0.9979155109127414,0.9997219260927376,0.9984065813781811,0.9675603727599857,0.9998286017671906,0.9984222256523879,0.9699066801604884,0.4381278466483961,0.9988676727775977,0.9957562281002693,0.9992735994570346,0.9999485679201471,0.9971792830037668,0.9685642308698567,0.9989504146498497,0.9968660385292578,0.9997771136152209,0.9975219039411938,0.9464131391407394,0.9969477157414267,0.9490644453291974,0.9985310516919345,0.9996228236880575,0.998829659640753,0.9953354624535526,0.9879805975563025,0.995468487322146,0.9991412307027748,0.9757287781572739,0.9976970559053485,0.9841200924088275,0.9894458393822476,0.9877877719622594,0.9646219339289671,0.9821691352182873,0.9974831012601177,0.9994816247405435,0.9998419715691138,0.996719008371258,0.9985688171196723,0.9921412063360279,0.9999716141159856,0.7659358288885104,0.9988729338646685,0.9746287749452339,0.963730527424885,0.9973761887662673
0.19,0.9855187495924295,0.4989368359495767,0.9999575235642093,0.01448125040757027,0.996307420679534,0.9964746226030625,0.9973278442581731,0.998220016874459,0.9910741947939905,0.9885619033612637,0.9976083042209054,0.9998803227150809,0.9747834059416908,0.9999575235642093,0.9964447149785791,0.9758307581046829,0.9931189488038803,0.9409038770519758,0.9976988135858723,0.9987712787300519,0.9875451827075922,0.9992745232292407,0.9926470131597348,0.9981070780350879,0.9992786297158348,0.9978330405246001,0.9974122535757878,0.9906940773161149,0.994884646009861,0.9998094299479806,0.9929701623186515,0.9981380148718139,0.9903478846430244,0.9994111205612324,0.9777944611100016,0.9987224963498686,0.9996230084149824,0.9982383940626596,0.9903274398256515,0.8644938868553691,0.99080246535711,0.9958736544612465,0.9987376280909424,0.999746501492724,0.9623788236232339,0.9962424198407384,0.9968460205105265,0.9952827709884473,0.9982511455512451,0.998848854962695,0.9996020953865685,0.987910043476416,0.9588378142181995,0.9862704014913259,0.9965793090461541,0.9992891610224081,0.9738423066908614,0.997215021077525,0.9999325052671892,0.9986386612147214,0.9997750001969451,0.9921598890135055,0.9897752662291479,0.9954290077926051,0.9904777023348719,0.9991085962035507,0.9971323842466254,0.9986555718538954,0.9867424830036978,0.98802332140308,0.9891938295980489,0.9960247595516597,0.9971180126104598,0.9993829721044384,0.9991600974444459,0.9998016803910712,0.99893452129932,0.9981560034803366,0.9744036162473763,0.9978214025681903,0.9986604101662637,0.9979868849823142,0.9946155351510788,0.9974442332850647,0.9959654359713644,0.9973390078569804,0.999703654575819,0.9986587834845608,0.9603727991876961,0.9998046541864289,0.9987106815757221,0.9681219336990976,0.4989368359495767,0.9991354730308916,0.9953668711648241,0.9990998824481174,0.9999325186517957,0.9973870732173061,0.9681321731828338,0.9988219494760916,0.9967076445888803,0.9998499213651574,0.9969180508320247,0.9519680228929146,0.9973834492473715,0.9373964052801624,0.9988267913464471,0.9995851262366844,0.9987286556870029,0.9954158916293837,0.9855481577685448,0.9944139353725833,0.9991522503072684,0.9814381562821574,0.9978963557267184,0.9860238192631733,0.989083180072309,0.9900622717023883,0.9712946749360373,0.9809278408196473,0.9980774688575437,0.9994017890350974,0.9998830209211773,0.9975018416791828,0.9989929939650902,0.9915850068637927,0.9999463200471695,0.7743895362586053,0.9987811602356266,0.9788451189264943,0.9698759605674118,0.9973819230270783
0.195,0.9862128137291611,0.555680084922722,0.9999493324573089,0.013787186270838707,0.9970335689837266,0.9952826277149687,0.9972495536450652,0.9984740013502051,0.9923554277066076,0.9890683635276073,0.9969266221123422,0.9999050369109737,0.9757888059272534,0.9999493324573089,0.9957662310993244,0.979118484811507,0.9925365879286552,0.9501919182596246,0.9983579853980552,0.9986764558259982,0.9867141497877226,0.9992215960259222,0.9933679006535149,0.9978092352010084,0.9991119513166185,0.9976716016205057,0.997426675150787,0.9900978523233387,0.995417394351679,0.9998124902254742,0.9938915151529746,0.9978554112202411,0.9914124566810707,0.9995740390491231,0.9796301154428096,0.9984058699721584,0.999676936325591,0.997721251977674,0.9873640793877452,0.8442519366676411,0.9911938442870122,0.9967501047205602,0.9983337986382111,0.9998414252196363,0.96266465690245,0.9961964841394492,0.9976525180729173,0.9957414353042212,0.998088477246977,0.9987493183581189,0.9994617427665969,0.9879208138473554,0.9665350168309937,0.9895241243527227,0.997315968187544,0.9994870480251229,0.9735558556915024,0.9974725454277816,0.9999257455651094,0.9986269685324957,0.9997127740911305,0.992641207908958,0.988189175975509,0.9943298704902607,0.9899431880354846,0.9993283581454652,0.9963710984052089,0.9988931499270715,0.9863188265915798,0.9890650070407282,0.9898581483844312,0.9965578383101079,0.9973134774498944,0.9992395917693514,0.9988690032070684,0.9997734579862503,0.9992797112854823,0.9976796423718215,0.9775867122297244,0.9980376714686732,0.9984904903210221,0.9979701537479454,0.9949001548786248,0.9979266123074799,0.9964122737179839,0.9978748112950828,0.9997977887209887,0.9987822344782092,0.9685476735444525,0.9998889501913638,0.9985897313535577,0.9606823902025594,0.555680084922722,0.9992359522553942,0.996218100894894,0.9991043788846395,0.9998732550909402,0.9969925565569586,0.9703187580452637,0.9988976097631611,0.9966154417634728,0.9998182934256159,0.9976659059428217,0.9580854456695654,0.9970924273706087,0.9475138303985985,0.9987960160393534,0.9996111566219912,0.9983007561861827,0.9950893536210075,0.9886577864078229,0.9945877084649605,0.9990191067598957,0.975648967409359,0.9979227747784242,0.9834063649740465,0.9871057722718501,0.9904297470851546,0.9690949368852423,0.9803514907506545,0.997708267465102,0.9994205273472356,0.9998606874693432,0.9970474431892684,0.9987202818417675,0.991409643261705,0.9999417932121777,0.790303018508887,0.9986755436129525,0.9765224969652544,0.9709401439717759,0.9965518011035027
0.2,0.9872183356815668,0.6059254541796163,0.9999524061361601,0.01278166431843319,0.9963241681731861,0.9951248070154277,0.9975725700539001,0.9979595169287567,0.9935799008474838,0.9917776348967947,0.9970360584730757,0.9998775460550264,0.9774854075099197,0.9999438074588127,0.9952128990165762,0.9768201005771845,0.9921070493392959,0.9394048349081289,0.9983371440966132,0.9984740598773895,0.9876655837779933,0.9994420359237155,0.9940723343604343,0.9982861405651872,0.9990857868654468,0.9982218802282813,0.9974131131142101,0.9921488375550609,0.9945860459414931,0.9997636174656243,0.9933039691584239,0.9983524357557485,0.993378224698919,0.999429280875165,0.9785817049838941,0.9980393612555917,0.9996285628340948,0.9979291282708543,0.988218716497381,0.8744707484970901,0.993300974571864,0.9970899789575849,0.998407390716437,0.9998268767628591,0.9715548845849321,0.9953978814780939,0.9982764149916312,0.996222401434699,0.9983580275593922,0.9989879697800885,0.9994471239944395,0.988524158114532,0.9709675487620506,0.9905881604154188,0.9971948790641313,0.9996505364311724,0.9739802776834977,0.9967865750538908,0.9999312665744907,0.9989209596734634,0.9996341122454744,0.9933303905010977,0.9883906033201653,0.9931425213768672,0.9867130456288872,0.9991615155595035,0.9961389042768826,0.9988344209075612,0.9895066338026345,0.9875928427305668,0.989672634237416,0.9959686544895799,0.9975457689235703,0.9994311489385597,0.9989812649610204,0.9997471976541955,0.9995219922324855,0.9983425540301023,0.981169206924081,0.9981982645484714,0.9983425246537494,0.9975768370303288,0.9944812448454772,0.9983262293637655,0.9955268826815601,0.9972832191877401,0.9998624459510456,0.9990825529847895,0.9633632635075265,0.9999128033906315,0.9988889194323077,0.9533027411903429,0.6059254541796163,0.999260710009848,0.9959252561732393,0.9991949030430403,0.9998726076610208,0.9962351369170295,0.9708091907843422,0.9986915318069942,0.9965921770653466,0.9998815986853471,0.9972390109005761,0.9511261973678046,0.997606140017112,0.9566322778409065,0.9990409927097538,0.9995872642740626,0.998238310474954,0.9961889380903752,0.989982252736076,0.995030512145138,0.9988913130240009,0.9759505195887963,0.9982158030254692,0.98710411007928,0.9880775063263536,0.9910819075338054,0.9677573724474189,0.9775093511546202,0.9973702285800107,0.9996176457496961,0.9998324181403409,0.997115184070483,0.9987860439790506,0.9915113809318892,0.9999524061361601,0.8287819994097012,0.9990407598813238,0.9746193873309685,0.9728014099407368,0.997427115062626
0.20500000000000002,0.9877402018928744,0.6603490686372147,0.999983343954617,0.01225979810712563,0.9971829506517377,0.9949712684863373,0.9969566179397763,0.9982053420078648,0.9920987050639744,0.9922462368303403,0.9962795577240093,0.999902774442628,0.9796778557416146,0.999974993726117,0.9947850233343749,0.9813838144240732,0.9901234542670955,0.9268459496078474,0.9979907771560087,0.9986407909750594,0.9900192865910424,0.9993782288840753,0.9923352865342427,0.998601458811593,0.9991174614197282,0.9981226469878317,0.9974410121907862,0.993370123264827,0.9953766101295847,0.9997583858857957,0.9948439238368164,0.9987825210892349,0.9925200519486026,0.9993808160254598,0.9804107792566028,0.9984157748184828,0.999581819557876,0.9976313776543075,0.984909365009554,0.8617268943376952,0.9938367658975841,0.9975077496162927,0.9979647795005323,0.9997963967308654,0.9709311857921628,0.9965691550098602,0.9981195058352204,0.9967035639135642,0.9979151709412372,0.9989246250941184,0.9995581614325025,0.9909614180342864,0.976202304680572,0.9917526540577055,0.9973405916310479,0.999630973841287,0.9757145546710454,0.9971134738558018,0.9999246476809343,0.9991496606604993,0.9995354649571755,0.9925797451817316,0.9893652666191861,0.9946035539238295,0.9865533164953227,0.9990481768996667,0.9952230563533325,0.9984249184686242,0.9897969438192116,0.9865624327860287,0.9898751782314663,0.9966817020890089,0.9978815884524828,0.9994970854358675,0.9992151924197319,0.9996366166820901,0.9995428724708902,0.9982935090466599,0.98452996092001,0.9978155936497152,0.9985598255212588,0.9974474612260139,0.9949819497362439,0.9978753103545946,0.9956014505024161,0.9978156482786208,0.9998328180142901,0.998983556156737,0.9676561538516103,0.9999007725229918,0.9985270528220481,0.9595830044815755,0.6603490686372147,0.9994673650293299,0.9964651064334663,0.9994463565385558,0.9998574143058734,0.9964496482681491,0.9705356453594061,0.9987182184619218,0.9954964729225124,0.9998706020444045,0.9975541982947439,0.938674066084151,0.9980399544088634,0.9645674933365895,0.9989789237124962,0.9995421251422345,0.998370089871804,0.994840262026188,0.9908728846371485,0.9942415798359613,0.998780412330736,0.9746543684265682,0.9976114240698707,0.9842364972787002,0.9863862673120461,0.989074480460578,0.9581951468957903,0.9782350617821947,0.9969724215400013,0.9995929472543911,0.9997765782072127,0.9973434867928116,0.99853603105715,0.9932675021527194,0.999983343954617,0.8452191927041431,0.9990722688127429,0.9797904289668998,0.9775641703458344,0.9980818827313477
0.21,0.9876329690483346,0.6257486384250767,0.9999748498419057,0.012367030951665196,0.9966548613180521,0.9949622186651921,0.9968103696109155,0.9985391955916754,0.9922984336346737,0.9915232820861282,0.9961922218816964,0.9998940873576857,0.9822195108722597,0.9999566408357655,0.9951317928566022,0.9838126939362892,0.9921751151057706,0.9398529550863334,0.9976103129063151,0.998796636383335,0.9894112997233272,0.999570596984192,0.9914008156309516,0.9988843633247524,0.999102980572761,0.9981162859662183,0.9968601311210195,0.9921443546868285,0.9963006071118362,0.999694641676813,0.995493811443794,0.9985828460250871,0.9931927213309123,0.9991887112741091,0.9743149088384605,0.9980459965158889,0.999547645315103,0.9978612097850259,0.9885367985856901,0.8607941805284733,0.9942827346840495,0.9977574636548363,0.9981336015191646,0.9997835485651521,0.9715165013749962,0.9968642082674574,0.9979375708359041,0.9963444475707296,0.9977134736103295,0.999004841290986,0.9995015958162893,0.992933893256452,0.9798606912568627,0.9936676942213699,0.9979276265666395,0.9996092974701297,0.9813515142703093,0.9974421723581416,0.9999051468746866,0.9993273595852222,0.9994130398961801,0.9935471776216889,0.9904773212233002,0.9937467053348569,0.9861836219322788,0.9990325142117059,0.9956647516945175,0.9983333503704324,0.9905189580527335,0.9875031125505144,0.9904265528015975,0.9972071228068676,0.9984360897251889,0.999400470573911,0.9992618097548264,0.9997019187421113,0.9995074973127503,0.998768975408489,0.9875198333414642,0.9979924959203117,0.998458593734499,0.998105728291312,0.9947127744858674,0.9977372579881684,0.9955333740448126,0.9975763552297009,0.9998045643546456,0.9989202279303191,0.9666230128987828,0.999880836425812,0.9988316756111016,0.9583639986670319,0.6257486384250767,0.9994349615530885,0.9961751147472543,0.9993348422811782,0.9998458361406742,0.9973322097558136,0.9715184787028157,0.9988530051564437,0.9940793938303226,0.9998798805032576,0.9969567659576248,0.9517560477542899,0.9981588950815267,0.9596379309163138,0.9989857255223413,0.9993717352222213,0.9986032961756847,0.9947785174765407,0.9920270774687225,0.9939182394189743,0.9986648135677179,0.980785711122044,0.9980141234431386,0.9877538108412551,0.9879783084571311,0.990554484018099,0.9632870869664198,0.9723555859291969,0.9963419272687878,0.9995676830714223,0.9997385105853068,0.9972097343472912,0.9984583932209232,0.9920737054911992,0.9999748498419057,0.810114605342153,0.9988681493182198,0.9775638072207241,0.9817679975039396,0.9980178219823926
0.215,0.9883730852373002,0.6881586308222907,0.9999803797415292,0.01162691476269985,0.9961578300258223,0.9933621171046432,0.9971959803147235,0.99841114222797,0.9935075165116536,0.9936495722346117,0.9953704149313413,0.999867616495033,0.985006555707636,0.9999586032710769,0.9954716956894337,0.9864365684570476,0.9938676447311814,0.949311755037136,0.9976762317505582,0.9990722419733765,0.9917039254682302,0.9996078628988401,0.9906942451862362,0.9988924407835985,0.9994204495479861,0.9980985671313146,0.9968264174758348,0.9909511210585171,0.9969191920673894,0.9996159616720157,0.9947844876733978,0.9986232762057038,0.9934961081705425,0.9990673294034266,0.9759488088244226,0.9978718219992685,0.9994243838645839,0.9980102449026954,0.9913517541568382,0.8750223703928308,0.9949316024933328,0.9976005877009182,0.998342412286887,0.9997652978779807,0.9730548051858823,0.9969360488717417,0.9981230931766562,0.9970300128358228,0.9973837666497773,0.9989550343112508,0.9993282583883253,0.9922412524045715,0.9748198163835726,0.9927563111545707,0.9983872112546394,0.9995075169233228,0.9813057281001929,0.9971195130960284,0.9998683385340671,0.9991132514839677,0.99940439769806,0.9944846640023832,0.9927966485862862,0.9945815092074428,0.98947448090845,0.998930826804134,0.9963941243233543,0.998660231788951,0.9902509180758831,0.9903650386243967,0.9928037066627353,0.9970109429283234,0.9988954757448261,0.9993320379782725,0.9993215153545412,0.999762630020766,0.9994940997651888,0.9991157324429958,0.9889691116170782,0.9975604947707674,0.998677024208105,0.9986084900591048,0.9958267339369089,0.9976284945845041,0.99560036003275,0.9968529018374568,0.9997112190073084,0.9989016801052026,0.9676982228057424,0.9998544901446272,0.9987473491920346,0.9670595935166697,0.6881586308222907,0.9994636784081246,0.995953512002061,0.9994256385458378,0.9999266965991938,0.9976409309875057,0.9736012052694284,0.9987435510199016,0.9942812585148526,0.9999254684644024,0.9976889027691354,0.9455068773666858,0.998490896195605,0.9553642171669672,0.998759397542893,0.9994427248464693,0.9987051273169114,0.9959851886644177,0.9903888913564604,0.9944131186734112,0.9981989577617043,0.9854638981454296,0.9973367185750173,0.9906458588395056,0.9898082515379969,0.989364411943406,0.968638316349841,0.9713578130574306,0.9968555771620471,0.999589356377785,0.9996746408609825,0.9974993412488329,0.9981121021637428,0.9919206565288174,0.9999803797415292,0.7714140922793999,0.9987593275929392,0.9824349242276651,0.9848286067495591,0.9980065055025565
0.22,0.989545957388556,0.745114374480722,0.9999927001857047,0.010454042611443703,0.9958311721958235,0.99126885712854,0.9971093273297065,0.9979278388982616,0.9937616415253037,0.9952540888746632,0.9955385618055396,0.9998743219421583,0.9817959023376047,0.9999402214006987,0.9965760868980681,0.9888086369637338,0.9945513053561804,0.9579891807565827,0.9972740779509043,0.9991761030502818,0.9901571932748011,0.9995608995896977,0.9913694836600492,0.9986900164233721,0.9993888353484451,0.9974812819542335,0.9976872918093384,0.9885170428951295,0.9964364874663996,0.9996248600828572,0.9956262354206641,0.9984530813036252,0.9942256973435094,0.999110240457548,0.9808588901514218,0.9981577782818529,0.9996306143436225,0.9984425263710888,0.9935095789535595,0.8911586478212894,0.9953472751536316,0.9980194027128118,0.998124400361511,0.9997125279278235,0.9739363819169848,0.9971580133373472,0.9979402379668902,0.9969468549378647,0.9975373796272374,0.9989153905215121,0.9994591100193121,0.9940007505540159,0.9788858000770967,0.9920132669383126,0.998334304849357,0.9994682309141125,0.982982638311045,0.9975458541176607,0.9999212609112639,0.9990459464039687,0.9992326584133486,0.9940907770669497,0.9916081981870655,0.995100710820132,0.9898628907644889,0.9986153023844002,0.995735822644468,0.9986193793021853,0.9897680923301737,0.9899021524550272,0.9933605467566746,0.9975269602310742,0.9986967193440298,0.999262570006305,0.9994868349090661,0.9996919728208968,0.9995026809749455,0.9991010570013579,0.9911526543063355,0.9981967016752307,0.9982252747150263,0.9982591010925164,0.9957234188813971,0.9970386760618638,0.996764312379543,0.9968516780788549,0.9995992037376897,0.9984556473309746,0.9747890320469208,0.999929845157124,0.9987521664388231,0.9672894250687623,0.745114374480722,0.9994871346099445,0.9963117802995897,0.9993881177471483,0.9999260927763215,0.9977328143195519,0.9792181931102593,0.9984552862576654,0.992647959181072,0.9999078796516504,0.9977925909778878,0.9445852385019666,0.9987739706259231,0.9606286747237415,0.998968105836747,0.9994044208740319,0.9989666012345669,0.9963947983089071,0.9916370867460812,0.9958025060626503,0.9980503018373348,0.9859035861667245,0.9971707541360995,0.9898981347703195,0.9889292825422487,0.9911229432488894,0.9612381326536413,0.976516988430171,0.9963334295057689,0.9995706176249258,0.9996318007430307,0.9969108583730466,0.997664700575421,0.990677404723038,0.9999927001857047,0.808302007380242,0.9991145585442022,0.9842290108220976,0.9858580868563321,0.9973721219795726
0.225,0.9897668384528117,0.7716364762714378,0.9999768186573633,0.010233161547188088,0.9962719678975362,0.9915473667909765,0.9965134658630611,0.9977934348174498,0.9926603495730627,0.9953902649653719,0.9966331238868594,0.999893087042723,0.9838744966151294,0.9999275684781118,0.9967886306643399,0.9875282718917096,0.9950447676405243,0.9512430317173303,0.9968644674278522,0.9992238774915126,0.9885320417134706,0.9997026618069658,0.9922469153318704,0.9983590110487097,0.9996265994396408,0.9980627316698615,0.9973440675516833,0.9869674706537463,0.9971124199816899,0.9996298063053141,0.994342481838575,0.9986809847177104,0.9937612769975643,0.999056704654066,0.9831098334206974,0.9985037927118504,0.9995623598067875,0.9986927829632708,0.9935213812425391,0.8941563908206005,0.9949654958412381,0.9979200452662763,0.9983228012390769,0.9997223159381559,0.9755587621020972,0.9965574322362507,0.9973633936753703,0.9961027279320525,0.9981040048799864,0.9988421272712258,0.999271172913393,0.9945339177682867,0.9825029634060978,0.9916173069245913,0.9983049095562273,0.9994775420959676,0.9849902622768858,0.9979758627372747,0.9999278597261531,0.9989805837099538,0.9992012690158397,0.9949912451293819,0.9893739793599232,0.9960755522484109,0.99218957569911,0.9982146918642575,0.9945760156541363,0.9985306607108095,0.9895843449836594,0.9867298267098968,0.993782773321642,0.997931051431966,0.9984431193445963,0.9990779913443655,0.9996362112931817,0.999808003159474,0.9994854120167902,0.9991295535839712,0.9922576244384651,0.9987193364771666,0.9984704247267964,0.9982842592518776,0.9958664988410657,0.9964597695314896,0.9968781837862438,0.9975604251781074,0.9995447600245361,0.9988946793513667,0.9777344733179786,0.9999185752496014,0.9990614878248364,0.9686362808845224,0.7716364762714378,0.9996514299181033,0.9970783722986096,0.9993377784279863,0.999866440822775,0.9975464616374282,0.9729666078823466,0.9986007307561271,0.9906624644854732,0.9998830977571709,0.9980149153610078,0.9571974916159927,0.9988598215560207,0.9663778296059997,0.9987221399815325,0.9994689186695273,0.9986468713239464,0.9964698795985173,0.992992973216113,0.9952461408808505,0.9983292745117268,0.9894129592659084,0.9962132298143812,0.9905737140456112,0.9896748188909053,0.9903854494085769,0.9608346330083046,0.9727028108929743,0.9968292359627051,0.9994997876378656,0.9995711239008978,0.9973453617695659,0.9978288673884743,0.9907959556729898,0.9999768186573633,0.7919121444241991,0.9991617225549676,0.9853471434150751,0.983734195865478,0.9965398021127979
0.23,0.990374775346758,0.7813104873750645,0.9999860765571066,0.00962522465324204,0.9967398864317633,0.9922278713100489,0.9971634061234047,0.9980518597957484,0.9941219703181404,0.9965892003664375,0.9974861884390218,0.9999215224263365,0.9868828796023124,0.9998979389886863,0.9962306693459801,0.9894219250317794,0.9957407680713882,0.9381308122384221,0.9959703007583722,0.9991110415987803,0.9908135850679306,0.9998243752136909,0.9913179658853138,0.9982955383210911,0.9997862543006281,0.9974324197297486,0.9966614389188202,0.987513325293911,0.9965841715074958,0.9995232126931569,0.9941090463470067,0.9983672775567539,0.9925846368861104,0.9991334768310602,0.98174094088338,0.9982038133860794,0.9994818723131382,0.998336922413685,0.9939445977079724,0.914299913103624,0.9954992859618771,0.9983324287432566,0.9980801637226846,0.999827311604974,0.9741315040194019,0.997345769315162,0.9971818084960251,0.9962435852028296,0.9979712929724924,0.9991518845752877,0.9990189095016946,0.9948524999349517,0.9777582048170232,0.9937006974717028,0.9982417962849456,0.9994824275533075,0.9850218457289796,0.9983960770833281,0.9999413623116816,0.9989381755182476,0.9994596685138009,0.9941649804574861,0.9892171496054851,0.9969424810696097,0.9928130588761893,0.9977125696645323,0.9942327881041259,0.9980442283253335,0.9862153887900543,0.9899169610582921,0.9929998130752488,0.9977705460096721,0.9988934726857815,0.9990186928430869,0.9996088487634143,0.9997702590404685,0.9994755056033768,0.9990624029944266,0.9915403549596855,0.998748999238539,0.998366086234986,0.9980272075235298,0.9955411648680208,0.9969257130776553,0.9970596320136664,0.9979216797536131,0.999528576238489,0.9987415431927813,0.9807063816811964,0.9999623043234426,0.9987804724994875,0.9755558412213327,0.8149672139543804,0.9996465075357802,0.9976906589076187,0.9991984029534701,0.9998464943274018,0.997077579381055,0.9755100424964058,0.9989906878485287,0.9924219877638237,0.9998516787643252,0.9984912936932853,0.9671339917035637,0.9985202038463369,0.9573877892216666,0.9989200572478683,0.9994038957920313,0.9989938824907424,0.9972110121951807,0.9941337320879713,0.9948211212614517,0.998193304113623,0.9897618980768206,0.9960170851153236,0.9913474354882967,0.9906503384876635,0.9920448622929198,0.9679769651235832,0.9776479438038209,0.9973140772489701,0.9994773204426283,0.999636279030967,0.997559920054571,0.9977862862797451,0.9911883216991345,0.9999860765571066,0.7813104873750645,0.9994256711372416,0.9839763939865427,0.9864456796560597,0.9965218366081655
0.23500000000000001,0.9905958874453397,0.7708605717231117,0.9999848396410288,0.009404112554660256,0.9966642748941703,0.9898028091857779,0.9975868049956643,0.9984880817081687,0.9954085401432178,0.9965528216899342,0.9976242898898479,0.9998978655234565,0.9846419146914922,0.9998798915239926,0.9959718181304925,0.9882111565256146,0.9961605925045933,0.9440961705472557,0.9962884522331236,0.9991856222340602,0.9928207703035686,0.999829171341889,0.992968812384732,0.9986399126434147,0.9997447271017643,0.9975197801934192,0.9962521921970418,0.9904489300347012,0.9960453612241637,0.9993881468499812,0.9950605034764998,0.9980579322123718,0.9941901171812776,0.9992428074332097,0.9806579038799426,0.9986442700873481,0.9994135843752194,0.9986373244598169,0.9955230950774931,0.9312954850085813,0.9959315467012388,0.9984287821505983,0.9977993286260015,0.9998527607487234,0.9764571048709241,0.9976513706689671,0.9972104489534972,0.9953055199897292,0.9977289228128006,0.9991268783177448,0.9990474243447232,0.994623398502929,0.9817275160902097,0.9941331134290375,0.9977203598420704,0.9993188190483763,0.9850531995765798,0.9987707854249217,0.9999257742403068,0.9986013123102895,0.9994286316543888,0.9949481999069735,0.9877128031181047,0.9965368688375434,0.9904818914997006,0.9974548901606033,0.9932202731324261,0.9985084327279572,0.9865991956801516,0.9923535873018571,0.9923603747498817,0.9978459932949778,0.9987709594886829,0.9988024177951439,0.9995843675425852,0.9997285075168865,0.9994096239976981,0.9987887148584275,0.9925166545487556,0.9985230912084805,0.9985817487908759,0.9978223775974946,0.9959171430896403,0.9973783871535653,0.9966444735185512,0.9977035957704214,0.9996777821420977,0.9989056961576923,0.9835520863097479,0.9999598377497069,0.9988005085777516,0.9785588315555216,0.7708605717231117,0.9997754421864836,0.9981788917949657,0.9992105593297259,0.9998334618424898,0.996566462813396,0.9784143493724566,0.9989966076897712,0.9918657983684613,0.999863837178497,0.9988652805780309,0.9651276407506999,0.998721533278377,0.9575321724896778,0.9986523159351104,0.9992117937843543,0.9990724610464445,0.9962035099547217,0.9948232777610954,0.9961570296432262,0.9985137212620316,0.989469369199591,0.9968910968421432,0.9934746616135278,0.9884767905965419,0.9936327557687044,0.9620377451220765,0.9784538124881222,0.9967678221505567,0.9995417392550937,0.999623726060503,0.9980785157946342,0.9979865921490888,0.9918005286191419,0.9999848396410288,0.812744582627145,0.9993986006585037,0.9828157367163591,0.9888897405069814,0.9974239704393555
0.24,0.9907390244029968,0.7441015824295083,0.9999973734456448,0.009260975597002848,0.9974737922686878,0.9895034694984308,0.9969894180041826,0.9986052702585122,0.9945855072328754,0.9966185701387681,0.9978126669378191,0.9999178972103565,0.9820578484613592,0.9998358187717621,0.9962461579046294,0.9872380332698047,0.996874594304693,0.9363379664178125,0.9957652900730466,0.9992704143345145,0.9914913599074644,0.999915173178925,0.9943392125279835,0.9989083946846061,0.9996986630122667,0.9973568468581807,0.995228659250186,0.9878576777139815,0.9955442866125355,0.9994176230144864,0.9951097297818099,0.9977931135002188,0.9949636256336871,0.9993634136878291,0.9802952190635814,0.9983132397670529,0.9996017469433707,0.9984918402747885,0.9955922238328723,0.9353735735187425,0.995629164058243,0.9987039819573569,0.997481574030516,0.999911494475257,0.9761647326177576,0.9974941065587345,0.9979964340934582,0.9963705021534137,0.9976466313930723,0.9988810305948097,0.9991040450754103,0.9958424067055254,0.9834424501934791,0.9942123940588524,0.9977670792938045,0.9993486363302626,0.9857844391813745,0.9988566342455911,0.9999385526954881,0.9989593126267745,0.9992894029699614,0.9957167668143567,0.9887009911616779,0.9961393052506891,0.9925353101569738,0.9980701147806421,0.9938644101696427,0.9980133373272678,0.9868617200440871,0.992254845435941,0.992939125506819,0.9979636651199459,0.9991353532158,0.9985628132959967,0.9995644362044862,0.9996910290037233,0.9992592474798765,0.9984409544543228,0.9910202339504108,0.9985630514702803,0.9984725463672319,0.9971691205985375,0.9963845370205072,0.9967716025366941,0.996346441525442,0.9970570024468659,0.9995776180211912,0.9989180231396957,0.9832616001695061,0.9999509774937715,0.9988362025814901,0.9739122674474342,0.7441015824295083,0.9997554031572147,0.9982899667933589,0.9992353237107083,0.9998297443566468,0.9963524402700408,0.9807162771441077,0.9988343970169454,0.9909603157353947,0.9998666638110344,0.9987735540538094,0.9668981449170907,0.9990263923654517,0.9592019209417569,0.9989665800101695,0.9993591498932087,0.9991412967560807,0.9961265906837555,0.9957216403878894,0.9971592794596928,0.9979859597875324,0.9896321983063358,0.9958445549653469,0.991946724008079,0.9905670541720623,0.9945031266954922,0.9676546785325739,0.9800067415674028,0.997584807421907,0.9996771960439094,0.9997016809715688,0.9983356237497444,0.9985553732924808,0.9925615819372153,0.9999973734456448,0.8447520689418642,0.999331984864112,0.9866092485122778,0.9910117617940905,0.9974507273278564
0.245,0.9908514277421885,0.731760119547517,0.999997339957746,0.009148572257811342,0.9981133490368034,0.9896611345628639,0.9972522212370122,0.9985216877692228,0.9934056758522869,0.9967414933114735,0.9979436421572567,0.9999380315280395,0.9796615113576082,0.9998327384188285,0.995582040466184,0.988432715929022,0.996381575579343,0.9447820368790941,0.9962631486369082,0.9992228745208395,0.9933641404808553,0.9998963328626834,0.9951820399485423,0.9987199786058129,0.9998308494626695,0.9974461958029198,0.9939771935961156,0.9867230559303997,0.9951863182577684,0.9992359211634962,0.9959054443288229,0.9978200680411174,0.9948464420818118,0.9992915299114558,0.9792426982144404,0.9984408484698747,0.9995630778925084,0.9988080696495456,0.9957766920536698,0.9321025692672229,0.9960652672051137,0.9982694597130755,0.9980911468182231,0.9998715219375327,0.9731954673766261,0.9969647389443459,0.9980248771572675,0.995715466642365,0.9977758786699885,0.9985746684190341,0.998811396379959,0.9961649982828383,0.9799462429276029,0.9947274718633431,0.9977595075860687,0.9994031584337975,0.9853785374073032,0.9986983639633776,0.9999584943158752,0.9992258462086024,0.9991894617019763,0.9964022873444673,0.9858117903237291,0.9969222529373877,0.992112470764593,0.997938232637698,0.9946889180367589,0.9981777319877104,0.9876637755649548,0.9921334333085541,0.9933536616695929,0.9978379482965801,0.9990921912717721,0.9988005642018227,0.9995469514161378,0.9997730546359685,0.9990771555552987,0.998003305431185,0.9920610969753442,0.9983816547526185,0.9987297166271548,0.9963385093093668,0.995975744114102,0.9970100344947275,0.9962150468736873,0.9975110734484706,0.9994872355986463,0.9990708749831801,0.9835713347461206,0.9999480579523954,0.9987813191096848,0.9687594248226679,0.731760119547517,0.99966730241858,0.9981834398689429,0.9989745238272295,0.9997266670576386,0.9968051921523817,0.9762120235249983,0.9989665496534041,0.9902291658430241,0.9998632839411011,0.9985115967079367,0.9746999877864894,0.9989189316406463,0.9574156200781512,0.9987776269130011,0.9994545404393429,0.99903653556076,0.9961654246911416,0.9962375275973002,0.9972085495954753,0.9978473318208578,0.9892325915342975,0.9957256306732981,0.9939328940596944,0.9893251420591459,0.9956617409918858,0.9740073471116125,0.9820819676854049,0.9979009251691658,0.9996659048268786,0.9996613161595113,0.9985125560670196,0.9986704036109566,0.9938967378343063,0.999997339957746,0.873170124688043,0.9992889024082878,0.9824693097882476,0.990394034839737,0.9966417764577764
0.25,0.9913437412801637,0.7855099749169971,0.9999961833877414,0.008656258719835894,0.997655397937018,0.9902439493209766,0.9976052543596802,0.9989092862569884,0.9923371108577184,0.9965920324935599,0.9978535689148209,0.9999285067037037,0.9837145258450253,0.9997929802277761,0.9954673294584427,0.9878578595010876,0.9959544094271352,0.9534792982810234,0.9957521500950631,0.9991616511515226,0.9921093418853129,0.9998825835291997,0.9937138040487121,0.9985372123761449,0.9998150833322237,0.997328984867128,0.9945076821590558,0.9859996431387692,0.9950333203521544,0.9994249113664062,0.9965978194383367,0.9974574644193955,0.9939458316451257,0.9993115373203725,0.9810253677117359,0.9982310330722927,0.9995063127426348,0.9984673887473682,0.9947509960100956,0.9132762971819325,0.9969608576271488,0.997698917694004,0.9976544520334888,0.9998257914051895,0.9735063785166114,0.9976675176402529,0.9981407287604294,0.9967582258853896,0.9972643385389689,0.9986267262380232,0.999027069757672,0.9965065766232366,0.9825464357716538,0.9946176439021817,0.997853211163995,0.9993583202603264,0.9833973826522197,0.998988595711145,0.9999547520833065,0.9993169302211545,0.9989774801946536,0.9970019278363051,0.9824269343641842,0.9976189517861387,0.991921204811272,0.9973154389584049,0.9943634193293893,0.9984321386664289,0.9838890580393692,0.9922869311041348,0.9950320695369737,0.9972732068497722,0.998911818231046,0.9986873643921315,0.9995204334229453,0.9997375140560035,0.9990964563851885,0.9979588954996019,0.9930336688450347,0.9980916682136224,0.9986669511689921,0.9952961938774093,0.9958512686099904,0.9968627252691568,0.9972395931799359,0.9974115906361827,0.9994786010533732,0.9992071355278319,0.9808115559533787,0.9999533901139924,0.9988521870258081,0.9730836622811225,0.7855099749169971,0.9997030466348712,0.9975720613093336,0.9987790503686871,0.9998503183691005,0.9972370359153646,0.9742128698654902,0.9988753973232667,0.9924475814513292,0.9998522295907367,0.9988992079193334,0.9764766408022822,0.9988110837704688,0.9652274314529983,0.9990789605552911,0.999546347297516,0.9990958083318184,0.9949862506589399,0.9967363486806777,0.9979210300726327,0.9980962926916536,0.9859393632403292,0.996742765025034,0.9935598476474591,0.9915629007273498,0.9950965384360086,0.9698289385023225,0.9784777654337956,0.9977497752541357,0.9996994009389155,0.9996203497687586,0.9982383467588515,0.9982420662486994,0.9951717129185723,0.9999961833877414,0.8976674042801198,0.9992440638712399,0.977182024794824,0.9922917686996041,0.9955824860663454
0.255,0.991176180103925,0.7840567095346972,0.9999909313010112,0.008823819896075143,0.9982465592672354,0.9895969347319008,0.9980481807219711,0.9992241040867564,0.9914551252616423,0.9966140021614563,0.9978137501409737,0.9999028610799058,0.9806279958948554,0.9997727298286616,0.9955683316738242,0.9887696885486904,0.9967896592083343,0.9495199509974319,0.996699122461571,0.9993031695154229,0.9909051859461202,0.9998102507842562,0.9949108678608329,0.9985049235958723,0.9998163204237355,0.9974968637177596,0.9945060022233818,0.9867558337562915,0.9958271668389944,0.999400308647322,0.9954747981901342,0.997840809460526,0.994089495875528,0.999260424451931,0.9799731779406409,0.9979323100087354,0.9994871351117599,0.9985259658328359,0.9941329104722546,0.9185070836643234,0.9976973541567837,0.9981080126131027,0.9973688161201922,0.9998246297486953,0.9798755856753733,0.9978458410154779,0.9978940351866233,0.9966604774781022,0.9973301749752738,0.9985864551956295,0.9989686927933955,0.9955345184151269,0.9852263328981077,0.9932404723564763,0.9973493521421684,0.9993104259741303,0.9817807367771653,0.9992367531797232,0.9999751519035189,0.999256970690984,0.9987191521576398,0.9968114415953961,0.9826231155634538,0.9973038040455104,0.9922045347653706,0.9979969431298509,0.9952705844739712,0.9987067449336193,0.9849452768842909,0.992357632153038,0.9946808237331652,0.99661542264133,0.9987362337220587,0.9983832406530875,0.9994826788957538,0.9997112090055839,0.9990524350114012,0.9978273318419999,0.9917535764824215,0.9986428389039004,0.998770736013955,0.9947462186624538,0.9955322275999282,0.9961381487768388,0.9972573058873822,0.9970870538611472,0.9993078731844952,0.9994301052343827,0.9804141321404847,0.9999720581741731,0.9988298951736151,0.9748235746480148,0.7840567095346972,0.999746604421105,0.9974352501807197,0.9991348958926235,0.9998539971685643,0.9978505103748508,0.9685455190458157,0.9988617131510396,0.9900482872673556,0.9998112021545154,0.9986598050069143,0.9787582630628157,0.9989763341307277,0.9664712370853169,0.9990133109469003,0.9996136716545553,0.9991586286925253,0.9934967614019277,0.9972874365137759,0.9978637750255499,0.9979670593539536,0.9817127393679717,0.9967128457993474,0.9934294183945305,0.9922417436229971,0.9945347704587464,0.9737652214009904,0.9749737846020508,0.9977441360861821,0.9996723025386757,0.9995720896434255,0.9979652330636386,0.9982698519347158,0.9955586411892259,0.9999909313010112,0.8863731902117754,0.9994798238842701,0.9705236840666102,0.993569020900966,0.9955355131393684
0.26,0.9917423008624194,0.8298135985195767,0.9999964610817247,0.008257699137580347,0.9983560696044286,0.990611740300076,0.9983123306616972,0.9991948121536809,0.9934931282444357,0.9957111306233635,0.9973907174480268,0.9999065079470006,0.9845011852417985,0.999749619453336,0.994696446318359,0.9900770075191412,0.997465422456782,0.9471813739372883,0.9959378031546724,0.9994131722746701,0.9916344143713127,0.9997998253155557,0.9942451623731449,0.9988812488922366,0.9997878146574312,0.9980870275193834,0.9950596668293394,0.9899676459352166,0.9950180606043039,0.9994237467359547,0.9940561548524008,0.9981994591811628,0.9950162294257752,0.9991816540047225,0.9734260511164489,0.9976557647043965,0.9994598062243015,0.9988967383363357,0.9944820031373884,0.9096963591483119,0.997995928268273,0.9983133253500874,0.9975594972535483,0.999804397858401,0.9797398532051693,0.9977657340677679,0.9984850409118939,0.9966667913705289,0.996698664147464,0.9986706765908271,0.999165311459803,0.9959958986648314,0.9879590653439884,0.994832656309774,0.9972340319053313,0.9992595056403921,0.9859716474040439,0.9992785843123769,0.9999704825290191,0.999346865306195,0.9991248826324433,0.9966676407360172,0.986594513683513,0.9974939165575744,0.9939965526554514,0.9979175777870223,0.9951083127728665,0.9989499583624939,0.9881803874440029,0.9926464454233598,0.9933190230395699,0.9958818264638808,0.9991272231451854,0.9980591031198343,0.9995574802825411,0.999594230676157,0.9990978810538464,0.9984228592029087,0.9905803074151439,0.9987089977449509,0.9989809337786624,0.9951843205856037,0.9966106975235173,0.9969637477011464,0.9974576033169206,0.9971537474683774,0.9991727469204708,0.9994923916803541,0.9776280660596525,0.9999815618754433,0.9991718391154918,0.9771487768788535,0.8298135985195767,0.999850041218379,0.9976035413882208,0.9988850002989679,0.999837652615162,0.9978007290706286,0.9738646946061033,0.9991743462228695,0.9905852258275974,0.9997912771735057,0.999003195100879,0.9731532616746067,0.9986372373263392,0.9722364195008982,0.9989034786641283,0.9996778264320955,0.9990213257561958,0.9938792354127808,0.9970300631315987,0.9978687303426099,0.997269187518574,0.9806525470174481,0.996715143680706,0.9939671758691992,0.9931683972233055,0.994382776256255,0.9695532129248934,0.9785101897655136,0.9973191144497888,0.9996872017049018,0.9995229116612717,0.9978192252629485,0.9978391999689183,0.9959968637996903,0.9999964610817247,0.8985500673792202,0.9993674438738108,0.9680523499872036,0.9926797201387745,0.9966856288355713
0.265,0.992165366708651,0.8670915222762265,0.999996134935691,0.00783463329134857,0.9985419231097055,0.9918375343734618,0.9984779765133085,0.9991763530510083,0.9918693479637122,0.9959264028220649,0.9969274453767033,0.9999293323539613,0.9878863093477482,0.999762717620676,0.9937293685131858,0.9915933567644991,0.9979102245269507,0.9497998687928141,0.9952468430771492,0.999370985077688,0.993617728498869,0.9997742847532198,0.9952343587454469,0.9991674833201846,0.9997485327963272,0.998319021982528,0.9940744009701028,0.9893443835791855,0.9938224676721357,0.9994012778168897,0.9923072270374926,0.99783426124841,0.9936479928342999,0.9993943451297146,0.9727033699145916,0.9979874411732489,0.9994646068000772,0.9990133486293418,0.9959465765896275,0.9185453147675451,0.9976828952703014,0.9978142412107431,0.9977736674176996,0.9997745666455637,0.9812363322664307,0.9983314146483943,0.9986090226402599,0.9968704718455165,0.9961249116455821,0.9986554769816591,0.9988791960006445,0.9967818467442662,0.9864273700311958,0.9941433524775741,0.9968518423254621,0.9992073086023278,0.9859370024774549,0.9993690268296146,0.9999568321606586,0.9994653624572046,0.999411200993766,0.9973816172163087,0.9843248824671433,0.9972572366968646,0.9942994508561867,0.9980162187369089,0.9952947670233186,0.9990894569520699,0.989236696818136,0.9925436056432633,0.9917075166818995,0.9951098115055869,0.9990223535057995,0.9983081746882353,0.9995577166556832,0.9995249186550328,0.9990725943483807,0.9983803031883305,0.9925088736315842,0.9983662150130613,0.9989332513987851,0.9956881150442546,0.9964945667599595,0.9976376236327262,0.9970088536164878,0.9963023801557696,0.999209465132754,0.9995521134183218,0.9820062286996377,0.9999803821442287,0.9991851494000348,0.9731982483318533,0.8670915222762265,0.999803326322755,0.996859435425669,0.9992144896421659,0.9998302769002403,0.9978625956002574,0.9779083197024727,0.9990347703541161,0.9927116640538823,0.9997747647592762,0.9988789778194268,0.9791038482781155,0.9984838902729594,0.9770944822904833,0.9988307397576148,0.999639148026297,0.9989096488706541,0.9948111206846252,0.9975740187806105,0.9979089555313709,0.9971048128545181,0.9805176327673341,0.9968949695417598,0.99263242635874,0.9922814435278793,0.9953102394129525,0.9613130668853438,0.9818358973194717,0.9974034265318914,0.9996493803849028,0.9995650872859494,0.9970843726728994,0.9974705681011837,0.9954264777820848,0.999996134935691,0.8976473883342148,0.999343951612032,0.9662293528154081,0.9905484913614575,0.9967492796376479
0.27,0.9923624973453655,0.8969568785678166,0.9999961346093329,0.007637502654634547,0.9986589807967753,0.9925759165572006,0.9981066129158475,0.9994445605109407,0.9907669167711786,0.9954233076920168,0.9961232098413475,0.9999497767832021,0.9852885839717405,0.9997038750917959,0.992685675150043,0.9924161047144929,0.998306818745184,0.9412008408213762,0.9942254703347375,0.9994758653692394,0.9940328003334864,0.9998720711378948,0.9949769151817728,0.9991601900728989,0.9997097519326466,0.9986216147488209,0.9948947749424588,0.990212443122679,0.9951060478036767,0.9995511333011372,0.9922294807482438,0.9981746556042006,0.9946444330318552,0.9994267529851983,0.9727932634350851,0.9977375033175185,0.9993071433391153,0.9987699270470047,0.9955633615216415,0.927074978019291,0.9980575395195938,0.9980753770802563,0.9974669609560263,0.999721586064811,0.9857660112379594,0.9984581148940208,0.998262277999583,0.9969660248002805,0.9970639151477207,0.9986677480290258,0.9990947688987536,0.9974333101881522,0.985258904188368,0.9942314817282669,0.997720715676119,0.9993871148125753,0.9893008152335258,0.9994816505138827,0.9999767207964414,0.9994169159574832,0.9994421990117835,0.9973001804476704,0.9841897569560993,0.9970421470424836,0.9947496408830669,0.9981898568919427,0.9943238182680715,0.9987704966940221,0.991516212769569,0.9920676302560333,0.9898599620091773,0.9939473591636072,0.9989816545936608,0.9985461919958587,0.9993993438499869,0.9996683219704222,0.9990612269519014,0.9979354615195568,0.993662099028552,0.9988581198469301,0.9989038024425236,0.9959291697864924,0.9964971463966441,0.9979497065354648,0.9978566470414509,0.9970287053355121,0.9991262555840259,0.9995521271238906,0.9765806107792113,0.9999805515422591,0.9992515161969511,0.9681466918550357,0.8969568785678166,0.999753224207129,0.9971943448813326,0.9992159542430163,0.9998321156593145,0.9983930737695746,0.9768834094121871,0.9987711194472618,0.9932027639951635,0.999778134965809,0.9990179200080185,0.9736094267697843,0.9979965136073403,0.9764912625937473,0.9991605479134291,0.9997065529255262,0.9988400160928659,0.9942572536913475,0.9974034568860539,0.9978480069992275,0.9977239250331507,0.9743693049180142,0.9967920447677605,0.9927716308157473,0.9913728466229801,0.99537470829553,0.9621612820258454,0.9848560901901712,0.9970527361058342,0.9996686127969342,0.999626314284618,0.9961821228246761,0.9974062951130165,0.9949176559954687,0.9999961346093329,0.9002399405938752,0.9992016922308949,0.9689486532268259,0.992412600248686,0.9966787706850232
0.275,0.9929474593640607,0.913965155777979,0.9999853389613929,0.007052540635939111,0.9985762875675738,0.9937426521909132,0.9982916650920174,0.9996409704545959,0.9884335097277306,0.9941307138932672,0.9966094754182054,0.9999464563042461,0.986883353265697,0.9996389270898633,0.9911158903330837,0.9915904295479635,0.9977406122088418,0.9508813062030471,0.9955762024889176,0.999601531404001,0.9946281483728181,0.9998786679258023,0.9959017414449928,0.9992959341211152,0.999721210563941,0.9986497771351764,0.9956517082709219,0.9874083351109613,0.995884480742047,0.9994061717819639,0.9934772969722258,0.9979737847080283,0.9956471613752053,0.9994913532619126,0.9730903904836817,0.9981361384107188,0.9993458276110182,0.99889035273967,0.9967683365527207,0.9359168345660707,0.9980718734398883,0.9979474784169002,0.9971768313778273,0.999830673596627,0.9845360541971168,0.9981495723410192,0.9980724308294006,0.9967721457393952,0.9972914880860101,0.9985370587454082,0.9992706923734933,0.9979632317834003,0.9822005070602942,0.9956076003102894,0.9983607481855702,0.9993565251841099,0.9859683588561058,0.9993255682015393,0.9999847093763737,0.9993623003127325,0.9996188501594079,0.99793003497198,0.9880610718427466,0.9968563099290022,0.994436021336453,0.9982040288373659,0.995214310709532,0.9988121516731541,0.9924012249785734,0.9895908266243122,0.9907083880151291,0.9947778876060915,0.9990148407818061,0.998295272029178,0.999368637937128,0.999613768035932,0.9993847708204394,0.9973850675417241,0.9928756870078225,0.9988832752052881,0.9989082880981258,0.996366453876061,0.9966187117509907,0.9974980870120176,0.9979612103145844,0.9972531402097605,0.9988269357282497,0.9993325679730685,0.9770792365135541,0.9999652924022767,0.9990945978765171,0.9724754964993623,0.9205706467928948,0.9998447738557656,0.9975599348070844,0.9992291206198791,0.9998311777030624,0.9985245812919703,0.9810118555080646,0.9984767360934548,0.9947473223616008,0.999799926493856,0.9989466495614109,0.9794362566980802,0.9983413741270865,0.9768888155185593,0.9992010882389768,0.9997626298437782,0.9984976685269913,0.9953943854001467,0.9979524208152328,0.9971896516847437,0.997623676324273,0.9757800027173789,0.996982064740926,0.9936358772849044,0.99209756984919,0.9962416714719512,0.9527984399024017,0.9871585201098023,0.9964900363661704,0.9997550899681915,0.9997022940195335,0.9959820502076042,0.9974571022587717,0.9945203082155374,0.9999853389613929,0.913965155777979,0.9991867485325975,0.9756580745388967,0.9901999833772712,0.9966858499802892
0.28,0.9931100474191067,0.9125077526823084,0.9999850605931009,0.006889952580893447,0.9987354946550944,0.9928827633977282,0.9984796598862581,0.9995972214030645,0.9871451029703439,0.9947090657145183,0.9974256095549096,0.9999319584973785,0.9886241408528655,0.9995568958566018,0.9931476874284642,0.9931693643584675,0.9976545540690397,0.9550785258930833,0.9959434234956753,0.9996522401454645,0.9958910284389304,0.9999444839831145,0.9958567825043505,0.9994191513615379,0.999678673698988,0.998707080088708,0.9943993164228547,0.9871901533500579,0.9966026686953838,0.9994724364598311,0.9916107603300348,0.9975066499897229,0.9945812190470508,0.9995154776479389,0.9736497845102595,0.9984718284228893,0.9995185416627316,0.9986137075879066,0.9959015812240205,0.9453341824360387,0.99780347542687,0.9983754983247864,0.9974688092862166,0.9998259150810677,0.985079503677011,0.9980776177036311,0.9979415412741237,0.9970394018576166,0.996538899154871,0.9989917217833396,0.9992533334996185,0.9981404279927322,0.9789707370018174,0.995508429179175,0.9982665247580835,0.9993335517779282,0.9852933740709963,0.9994899049855037,0.9999802712622574,0.9991615426321623,0.9995869724555839,0.9978847408934107,0.9882136059234697,0.9972953293585756,0.995644887276976,0.9976347508002552,0.9941877526136476,0.9989722424814642,0.991394684748902,0.9898056701786377,0.9917937137864499,0.9935308945055178,0.9990998190996504,0.9985923200558311,0.999508348414726,0.9995955740948484,0.9996165023262068,0.9974398476927784,0.9922201064806111,0.9992468762005293,0.9988674587743624,0.9971153051775413,0.9966171709674206,0.9979139470168761,0.998568889094592,0.9964108857386572,0.9989195105128459,0.9990324955996095,0.9808094984605754,0.9999377708305787,0.999136708212967,0.977613141385447,0.9217939215382122,0.9999026881047123,0.9971677627578291,0.9993264552729533,0.9998339939422983,0.9986662420180621,0.9774798713521003,0.9985941670730019,0.9945285972814926,0.999836853040297,0.9988587363104913,0.976606773683692,0.9981839787994446,0.9810767934846375,0.9993992356025314,0.9998335615459261,0.9984566793405842,0.9963359169621898,0.9978434750041527,0.997137891086853,0.9968357030427786,0.9741154134441563,0.9968169441574762,0.993532311330834,0.9903482219135435,0.9964299679295013,0.9518053986736601,0.9891792574047759,0.997397109312538,0.9997165469284691,0.9996649199378639,0.9966676505488209,0.9973903962075739,0.9954321202521418,0.9999850605931009,0.9125077526823084,0.9990082618369861,0.9782889314400801,0.988999074838923,0.9967543150379842
0.28500000000000003,0.9933430347826494,0.9143771387182781,0.999999793194622,0.006656965217350567,0.99849230353216,0.9940794232872926,0.998721610594502,0.9995708069234452,0.9838858667113427,0.993316966591723,0.9968056639587343,0.999955152329795,0.9868232331190135,0.9997271958644156,0.9948007900627083,0.9945070162536853,0.9968491669688093,0.9626833654034902,0.9963422094768519,0.9996639733403997,0.9949649101712306,0.999928001438072,0.9967591417824765,0.9993560215814086,0.9996212226580575,0.9985811032124307,0.9956420608969716,0.9873389379940857,0.9959597132966073,0.999490980553235,0.9934073293402192,0.9970132489312156,0.995306054936074,0.9996589383345997,0.9797532111478974,0.9983201537740726,0.9995372350898664,0.9989956397767612,0.9962069758103164,0.9369435435249571,0.998202465864435,0.9979398520681012,0.9971883348418386,0.9997813181086183,0.9845493128149005,0.9976307932025569,0.9979439177906354,0.9970097383980976,0.9956114510717888,0.9993208003208595,0.9992538353268348,0.9978655042961238,0.980453142300882,0.9942301202122166,0.99827440846579,0.9993535797664548,0.985980159558893,0.9994026526057376,0.9999710553352664,0.9991592669769784,0.9994890914585258,0.9972847717211213,0.9892221263828536,0.9971874598063438,0.9954965390871983,0.9975869810675658,0.9940159312438582,0.9990406201243168,0.9922743725794483,0.989515996172285,0.9928630198206908,0.9946301171745338,0.9993320239754018,0.998402473080716,0.9995400307846787,0.9995381383303038,0.9995527130547373,0.9975971237465434,0.9917679174853424,0.9990903239644374,0.9987772792334962,0.9973740119252781,0.9965131085888274,0.9978518196500629,0.9985693572149392,0.9962316991923547,0.9985606594526041,0.9989160615922312,0.9819049331176618,0.9999567264560874,0.9989178795263944,0.9738656412058416,0.9397748059852051,0.9998978374500455,0.9970712889078177,0.9992107368112424,0.9998188517253858,0.9990138349805884,0.9717855597350311,0.9989809372912176,0.9940500027119125,0.9998145769803403,0.9991481926460116,0.9773180662422288,0.9985575736623246,0.9848738737940318,0.9994815244964823,0.9998068547191571,0.9986157730306764,0.9964397144058714,0.9977620379724935,0.9971503408626836,0.9970892525218741,0.9749775048237397,0.9967685440290732,0.9936801535787706,0.9922593789373902,0.9967257802300691,0.953110418097607,0.988342088722473,0.9969949718005335,0.9996756036970162,0.9997663904112174,0.9972621754144567,0.998105670050065,0.9947338416052001,0.999999793194622,0.9143771387182781,0.9989323237610817,0.9795442160422164,0.9913418661311489,0.9966511297889333
0.29,0.9936335942515256,0.9278470166274457,0.9999930625384309,0.00636640574847456,0.9988305158696198,0.9923323664946975,0.9985382116103857,0.9995679054884433,0.9819144360435537,0.9927267178828931,0.9968632662496912,0.999950034070866,0.9885474718195291,0.9998483626136352,0.9945966748694678,0.995314465107777,0.9969237240400995,0.9668042495560133,0.9972308422485238,0.9997654128016732,0.9952590110886285,0.9999172071949894,0.9968485501668706,0.9992646316740054,0.9997812485740794,0.9988292842634691,0.9958288528089756,0.9871344638741969,0.9966781247576596,0.9995165698937014,0.991833359893059,0.9978185307804502,0.9945641515081923,0.9996309590093871,0.9808551130478526,0.9985561355946506,0.9995172210024024,0.9987993968921983,0.9972461516455243,0.9461786271966033,0.9980883609939467,0.9978483298046205,0.996337971612645,0.9997431852508929,0.9796838002957401,0.9978260261017801,0.9984548509862103,0.9977420034036076,0.9944944977992456,0.9992250774248069,0.9990057917715401,0.9977801949926729,0.9842368812758274,0.9947917925495662,0.9981923786812469,0.9994121136655499,0.9860424021167704,0.9993784246210249,0.9999573005614415,0.999169592724749,0.9994771364120394,0.9976284768674244,0.9897805761131117,0.9968112508579973,0.995380412352807,0.9981619826146513,0.9942383347598357,0.99913056760243,0.9933768170914719,0.9921354318714631,0.9911560974267377,0.9941133564160797,0.9992319203315532,0.9979166931159967,0.9993754889709948,0.9996473437750587,0.9995766801107117,0.9976549803769833,0.991572719223151,0.9990352857920279,0.9987104569855039,0.9972038048429653,0.99651095781634,0.998250780834399,0.9984903411158753,0.9961589528472243,0.9983003475642263,0.9988090542471096,0.9849904508717859,0.9999276636605471,0.9990681408239233,0.9794038084661257,0.9393811272534666,0.999882990815927,0.9962884477999219,0.9993395072748715,0.9998271392975302,0.9990773180107896,0.9667954906686029,0.9987643159804892,0.9944222620600255,0.9998340212607177,0.9992604335260362,0.9789033951067283,0.9988550063842377,0.9847485363264068,0.9994763698549332,0.9998697849125986,0.9984384143601173,0.9966278184673615,0.9973053916788199,0.9979139417179268,0.9961379620436899,0.9744294099702937,0.9967690849532673,0.9925521365346378,0.9911532339458503,0.997087080609133,0.960502941409965,0.9871141499633784,0.9971135187525989,0.999769208244572,0.9996723896340722,0.9963791065600361,0.9979203019469423,0.9955534445051908,0.9999930625384309,0.9278470166274457,0.9989344656837055,0.9813113850146669,0.9917137540942419,0.9956851619794266
0.295,0.9939830519113005,0.9405084006258602,0.999998320314262,0.0060169480886992565,0.9989804742156673,0.9936325260230375,0.9984651705535124,0.9997018358066903,0.986168636894026,0.9944493609582925,0.9971951297866191,0.9999483993817336,0.9899143650275747,0.999827021476868,0.9959557173310698,0.9961922147229066,0.9967763584886192,0.9589982019450668,0.9970132137062537,0.9997470534459175,0.9956355208495987,0.99996466617762,0.9964118768701592,0.9990895615566343,0.999779426407744,0.9986561029986156,0.995093404597058,0.9872676999082468,0.9968001773331648,0.9994817827360741,0.9919344809515814,0.9984393797200423,0.9945065153482422,0.9996073240817008,0.9818539373017765,0.9984529617946624,0.9994981219831675,0.9986617441963287,0.9980272238116029,0.9527078487320916,0.9977409888452752,0.9978094264491792,0.9959426287706291,0.9997270883757016,0.9844747506054389,0.9973369488671094,0.9983721627393178,0.9983235764168941,0.9935417905809765,0.99948145974371,0.9990386301396229,0.9975502267233033,0.9854970108742093,0.9940881497600523,0.9982585608745048,0.9995757246499367,0.9860439679782105,0.9992820502789285,0.9999460774611411,0.9994090258424201,0.9994766572330581,0.9981792390930956,0.9892886936106633,0.9973234647810683,0.9965087605159603,0.9976119542695935,0.9931676118750843,0.9990911089765296,0.9945511932901229,0.9896787169904467,0.9904039828022054,0.9951299943199305,0.999431733280566,0.9983803502080246,0.9994236453236699,0.999737559547188,0.999521462962738,0.9973262463849238,0.9916535234176996,0.9990247577025666,0.9986939015585221,0.9967279761897642,0.9964935765309295,0.998311323816696,0.9981295982472539,0.9967794612768001,0.998502755284592,0.9988598661228637,0.987671194871059,0.9999183125959494,0.9990918964418278,0.9840536706682711,0.9411638845297453,0.9998426548805587,0.9968227818268682,0.9992722800149273,0.9998262773452194,0.9990585136151675,0.9620857394770996,0.9988260542189523,0.9957124829580302,0.999810314637628,0.9994295075487634,0.9811383258865296,0.9990913562520798,0.985166952077783,0.9992919053862578,0.999860144791664,0.9984673194365961,0.9971731003791146,0.9979225815521346,0.9984812427807119,0.9948956738007362,0.9749959503165517,0.9958453270271472,0.9941909214920394,0.9929313779591825,0.9974185440448096,0.9625832702705288,0.9895934175463118,0.9968435419545706,0.9998075599902175,0.9997374545572346,0.9962696121732052,0.9979587331285067,0.9963386675032241,0.999998320314262,0.9405084006258602,0.9989605763210029,0.980018718945342,0.9922840104855608,0.9957872733081778
0.3,0.9943012327389263,0.9399652267951624,0.9999991877945762,0.00569876726107308,0.9988047880338813,0.9945796887054031,0.9987076019832206,0.9997224465201333,0.9851057085355259,0.9957932393905078,0.9973222813460331,0.9999699205513485,0.9884477370675576,0.9999133312239411,0.9970048449783172,0.996805514112969,0.9973613819557805,0.9654983080632822,0.9978251855186354,0.9997219013644518,0.9953057173555188,0.9999874198640807,0.9966537617242067,0.9989735044953757,0.9997430501451741,0.9986945823299499,0.9937926975549881,0.9877740588617735,0.9960540384848389,0.9993084620195628,0.9923779190561723,0.9983584248576206,0.9954588549449536,0.9996302894566437,0.9762275139991217,0.9987675551488868,0.9993502456403439,0.9987579889251692,0.9986028388633265,0.9469763630304433,0.9982600198336011,0.9977749305252763,0.9964107794997509,0.9996834782703659,0.98816207162251,0.9980201043524698,0.9988137528636419,0.9983140553314759,0.9949326701824251,0.9994414736689087,0.9987440382253258,0.9981346280286483,0.9884075006094936,0.9935398526934222,0.9987098624931018,0.9995506292716896,0.9871693646102074,0.9992530706547463,0.9999570903980326,0.9992496727929802,0.9994454084730073,0.9981515151173833,0.9919375739214324,0.9977669960566128,0.9965011967798022,0.9974226016339537,0.9945383205416763,0.9990005392672511,0.9949970021251926,0.9864888474976697,0.9911378093956452,0.9956985511040042,0.9993628099208486,0.9983818404335872,0.9993925962078035,0.9997209945617834,0.9994692374220742,0.9971937590240565,0.991988189804118,0.9990381163496,0.9990694967007583,0.9970638682484486,0.9964957537578939,0.997801877337953,0.9978269622402269,0.9963365901462684,0.9984036291221267,0.9987795220771023,0.9899593739699986,0.9999422832186171,0.9993206230912479,0.9855670939195277,0.9399652267951624,0.999795026872682,0.9968121066712277,0.999305803618893,0.9998409994558872,0.9991475438403772,0.9665064069496039,0.9986067349895529,0.9943577363229581,0.9998306831226345,0.9993721806204324,0.9837410026492288,0.999240543414331,0.9846653990919959,0.999041393976627,0.9999147890431603,0.9986775657431651,0.9968074033340947,0.99747111538138,0.9980952892726114,0.9932908326029845,0.9809267039840601,0.9959988986881185,0.9949331418020128,0.9917380523571229,0.9977484074452257,0.969665562706729,0.9910455153212118,0.9970836526785938,0.9997896298027606,0.9997141274520824,0.9969531888320763,0.9985268077151424,0.9956669037478505,0.9999991877945762,0.9515692905975779,0.9990083078773724,0.979232739255943,0.9917202428267787,0.9946424544235367
0.305,0.9944405224271695,0.9424521298443815,0.9999985342321082,0.005559477572830088,0.9989928608646997,0.9931076260248741,0.9989283359889124,0.9996942537193864,0.986090718710908,0.9960218556197051,0.9975075475894319,0.9999575429079082,0.9870958209708537,0.9998935914888745,0.9970716813343884,0.9959420368984576,0.9974070998308842,0.9609020824975342,0.9974106865283272,0.9996222951578159,0.9945486493099228,0.999980116696778,0.9957012811327837,0.9989205875154291,0.9996945831132173,0.9987578367019908,0.9935772544122808,0.9892646486952351,0.995948616403441,0.9993422574268674,0.9930867255014508,0.9979627763198563,0.9962822358852182,0.9997605485011448,0.9746694790028408,0.9982894997139043,0.9991594028010212,0.9988387083462421,0.9985698135308793,0.9424521298443815,0.9982740339283819,0.9983091728498673,0.996981984041476,0.9997003436251092,0.9878329284468171,0.9985446342125572,0.99875543841144,0.9980407590910932,0.9956300965642169,0.9994078866067712,0.9989413952739663,0.998078528538466,0.9894188826395101,0.9935407746179866,0.9990448824687662,0.9994092095732839,0.9872821129169799,0.9992207757879896,0.9999384393353692,0.999278376494903,0.999286258306852,0.9982321936202981,0.9939892673903886,0.9981660920830436,0.9967041758586325,0.9966455542949059,0.9952959570652747,0.9989373373929397,0.9944012082223012,0.9823703823405134,0.9931386558218511,0.9965254218867481,0.9992960205831148,0.9981545487142166,0.999423418540193,0.9996852783060082,0.9996769207134014,0.9973650947301129,0.9925218012361087,0.9990210662667788,0.9993392750200255,0.9976968083621315,0.9954368779102003,0.9974219207327615,0.9972785583312637,0.9969196124581288,0.9978533827150654,0.9990444813695291,0.9915844918970937,0.9999668737938846,0.9991714667151719,0.9835646012014988,0.9540149646351984,0.9997759700798129,0.996128094772824,0.999254640709938,0.9998536409012588,0.9992367316608242,0.9711742257540182,0.9989890776597008,0.9940968002630671,0.9998625855115155,0.999534414325372,0.9797446905598366,0.9989766258461515,0.986988825032888,0.9990498572898291,0.9999311222154172,0.9982302923023857,0.997401055567889,0.9981080211297931,0.9976226744276524,0.9935385131252413,0.9817846468136748,0.996240063539408,0.9948367841484237,0.99066086806656,0.9975815585569116,0.963045986277971,0.992638200856809,0.9968140811694481,0.9997786062056117,0.9995997140166857,0.997564732470142,0.9989425569683559,0.9964352885589106,0.9999985342321082,0.9609806661889432,0.9990544202791344,0.9837861896600179,0.9925388975617468,0.9943934050430364
0.31,0.9946195768971349,0.9395760915914642,0.9999994287934098,0.0053804231028657,0.9986480931204997,0.9943619757487177,0.9990993201614058,0.9996892934479574,0.9894609322309799,0.995512940579452,0.9971642906856111,0.9999592839981158,0.9891854941631727,0.9999503399680792,0.996852920888896,0.9965891702896336,0.9975135622381328,0.9680608291583691,0.9981192024284931,0.9994937859435754,0.9950670544761969,0.999968706195711,0.995145450704823,0.9988666153033334,0.9996636252413204,0.998633452400309,0.9935502413122094,0.9916760476610226,0.9966481144066837,0.9992902034882205,0.993955880758968,0.9979353636029942,0.996392312468133,0.9997930873450557,0.9802376002574524,0.9987098945675053,0.9989135983258214,0.9991618808797637,0.9982141477181277,0.9522560983386605,0.9983885251148998,0.9987408433759281,0.9974808591444861,0.9996857727354315,0.9839235479485536,0.9984993708661313,0.9986934897027707,0.9981779671026991,0.9959604638936668,0.9994197172105308,0.9989954055798531,0.9980332649632531,0.9909337074820225,0.9932200138879198,0.9987436124380408,0.9993570053072878,0.9901436110340474,0.9992821057795445,0.999908835125775,0.9992253274198645,0.9991452115345364,0.9976849006804437,0.9933712987657392,0.997639433539358,0.9956655972547503,0.996699978294884,0.9957186599151249,0.9989075048318677,0.9955684436151059,0.982383825933571,0.9947968258452492,0.997290830823501,0.9995211282024995,0.9979508695053808,0.9994831171036054,0.9995406432366218,0.9996198515538097,0.9980814079391118,0.9944326226632448,0.9993510979356155,0.9993194215832396,0.997863791501714,0.995596469029563,0.9973436688867857,0.9969356420973475,0.9970100686973772,0.9977826546048574,0.9991134858625685,0.9913055691786681,0.9999590048459605,0.9993818628658847,0.9819714793292829,0.9395760915914642,0.999736678760285,0.9954202694470856,0.9992176260312683,0.9998470335526631,0.9992446227114705,0.9707944213993136,0.9987990383019975,0.9955408244262229,0.9998940406811176,0.9994865281217026,0.9832781243885333,0.9988682241737098,0.9847189891186883,0.9990402671775965,0.9999122130855118,0.9983250197867003,0.9978757074948217,0.9981833696500227,0.9982669888018767,0.9933557530903497,0.9829854257542978,0.9965913547276087,0.99606729387479,0.9889696713944274,0.9979693508697749,0.9658885496215188,0.9938310659654205,0.9970202527516928,0.9998264322370796,0.999588516127842,0.9981026638729519,0.9992444502044602,0.9968759512663985,0.9999994287934098,0.9502298981052866,0.9989970483462474,0.9836468930138335,0.9932248426800114,0.9958742971603578
0.315,0.9946861864178295,0.9502226551126821,0.999997648624587,0.0053138135821704765,0.9985735950153878,0.9931042504925379,0.9992476662096696,0.9996538877336039,0.9887894211990493,0.9951787624065958,0.9967043955110572,0.9999665716419854,0.99105717425956,0.9999811730693737,0.9967509430369536,0.9956564289057894,0.9972916698905131,0.9592883450933805,0.9980594311834926,0.9996470552062192,0.994670178567768,0.9999565446164378,0.9947041924012126,0.9987629198693593,0.9996185761927149,0.9983241880187967,0.9924122847785787,0.9895379485251286,0.9967649142015937,0.9992663342441049,0.9945425735497226,0.9981618474706461,0.996348512862494,0.9997749004195895,0.9846158642454345,0.9986600276282765,0.9988838520491007,0.9990124370227039,0.9982498044866553,0.9502226551126821,0.998621926883376,0.9986749130909648,0.9972825117000369,0.9996262132962079,0.9840781742542728,0.9989315244910432,0.9986274150453353,0.9981600690335509,0.9956101116686287,0.9993869882355922,0.9989149193818748,0.9979417665073681,0.9897757027250983,0.9935981323082833,0.9988710835961899,0.9991515292223431,0.9911193234325928,0.9992503430280907,0.9999175357259076,0.99946688570307,0.9989193321766975,0.9975962723380081,0.9933148124352555,0.9981282026653631,0.9943160393977151,0.9958082845292668,0.9964909770862451,0.9989402170527619,0.9952745290840991,0.9866359964286829,0.9939411757550602,0.9969767575893633,0.9994607055775389,0.9974298356616229,0.9994432755904582,0.9994888143927629,0.9997776738470807,0.9975675856622892,0.99485230829653,0.9991835763685994,0.9995334616832448,0.9983324501802595,0.9967774770553199,0.9969713135877801,0.9968273393112861,0.9975475554110879,0.9974291831137396,0.9990549945953254,0.9929944813213951,0.9999524552225066,0.9993353933095005,0.9774488660360209,0.9537126890002074,0.9998364171106242,0.9947224700808891,0.9989057811954496,0.9999163830967145,0.9992007629987529,0.9656620503297156,0.9985927837461795,0.9954438014930564,0.9999038786112022,0.9995245062137749,0.9860879038547826,0.9984890831787924,0.9824682125686306,0.9992268033859424,0.9999303228714238,0.9981530256544561,0.9977738859325993,0.9983551833810294,0.9987428913247656,0.9933656107653649,0.9818975285270172,0.9958035392799058,0.9961302448249388,0.990436237357349,0.9983099042632632,0.9716982267513129,0.9948282977098242,0.9972290060097834,0.9997912282875784,0.9997040201773688,0.9985476903720726,0.9992515527756708,0.9974058676637655,0.999997648624587,0.9599061668875262,0.9989809119418604,0.979043693481341,0.9927546092831838,0.9959013012586126
0.32,0.9947751892190881,0.9391701780267804,0.9999881610408563,0.005224810780912013,0.9985200858675928,0.9917750458648477,0.9992331012584311,0.9997603561710426,0.9894331402433972,0.9963417239111791,0.997496364703654,0.9999656771027658,0.9923126321640483,0.9999632294325103,0.9967826789740425,0.9952046607452559,0.9978452221243561,0.9543451368068799,0.998115541238423,0.9995468727122496,0.995345793362117,0.9999612669733137,0.9955871086636441,0.9984595890444334,0.9997698615497107,0.9979174884455715,0.9936493763780652,0.9918720105128215,0.9973326307291186,0.9994163104268237,0.9953473989258995,0.9977771355704188,0.9970888783218208,0.9997512752809725,0.9843773111824096,0.9990503873626677,0.9992097616690917,0.9993120902402235,0.9978677820542419,0.9527110624414835,0.9982833853723276,0.9986344977613074,0.997625328579403,0.9995917214319474,0.987972952744024,0.998820765084579,0.9990032499243027,0.998632167272461,0.9965656347055815,0.9992039055878259,0.9987729191298982,0.9980123286560417,0.9912370137480276,0.9933332250925659,0.9991355755511675,0.9991589578483266,0.9930692409137676,0.9991478134507695,0.9998831893628309,0.9993882166433259,0.9989222491949704,0.9980995595006884,0.9930245044925475,0.9981014535314582,0.9940909531491641,0.9962683737275057,0.996980040618644,0.9989120329601907,0.9959577360889136,0.9866581914046078,0.9932328043044919,0.997250595099298,0.9996493746044514,0.9968144813601375,0.9994117779240477,0.9992911247703105,0.9997991235903696,0.9973489126998447,0.9951541026580677,0.9991985715829141,0.9995802503466373,0.998701037775873,0.9967756219584194,0.9970274224168895,0.9966080138400517,0.9979568312690367,0.9965994605990824,0.9989829836145924,0.9945487278958962,0.9999672188806485,0.9993335619623295,0.9721501976863974,0.9391701780267804,0.9999013422867845,0.9950257044029719,0.9987324435740227,0.9999071524953322,0.9991650378685842,0.9705276194703589,0.9986668683136128,0.9966205398362664,0.9999326556315244,0.9995025804141565,0.9886470261707504,0.9979862884914732,0.9826880327690433,0.9993792191282104,0.9999136350013924,0.9979911541455646,0.9971139952436208,0.9982629222401171,0.9987263339738912,0.9943258701118519,0.9814364188772134,0.9960608009393048,0.9963158503663173,0.9884956695744438,0.9980049076436452,0.9769575116052188,0.9957658316153789,0.9974939016055553,0.9997870340781783,0.9996656674470544,0.99824525137317,0.999237772449703,0.9966038933788366,0.9999881610408563,0.9553060745374945,0.9989920379342798,0.9837760406370397,0.9936065681831471,0.9969828583356313
0.325,0.9950554952469092,0.9431865976765575,0.9999798445404818,0.004944504753090718,0.9988623477033544,0.9904698065170431,0.9993646779350889,0.9997113519069741,0.9899973294099189,0.9952080032266658,0.9972821831207132,0.9999542251671855,0.9934176625106578,0.9999591822241042,0.9969401723910096,0.9959824769952782,0.9982100003212435,0.9631816435301651,0.9986776091721232,0.9996049443660898,0.996314070016521,0.9999604986757146,0.9959292585216254,0.9980931419704263,0.9997763689395031,0.9977687934501397,0.9938200866631478,0.9922482833268982,0.9968871334623947,0.9994214789037799,0.9961449179594059,0.9978521711034654,0.9974887120620882,0.9997508224833969,0.9878888533823285,0.9990974263413887,0.9994442514467954,0.9993196407617693,0.9980051503960201,0.9567480971039862,0.998504950962262,0.9986260349216968,0.998025070752025,0.9995127838195826,0.9909289519706084,0.9987903873038649,0.9990464826610186,0.9983732282362414,0.9968723465072938,0.99942742612524,0.9990440333936692,0.9974720409770871,0.9900329732517268,0.9911853028976763,0.9993372475472398,0.9992327995519174,0.9910163242669154,0.9990442839510951,0.9998962522123103,0.9994032651222873,0.9989662274125479,0.997943262496868,0.9947825149454733,0.9981672284916078,0.9940326085239164,0.9964254022266201,0.9975116689786694,0.9991028866422866,0.995898367228694,0.9861614370390315,0.9936160148296284,0.9979095995608027,0.9995953229487881,0.9962475678957639,0.9994779150216799,0.9994245498021486,0.9998942659969613,0.9980381510844217,0.9964377181342319,0.9994682303432352,0.9994673900593348,0.9989881498015476,0.9969137095353969,0.9976334950614544,0.9966280079432966,0.9981517376558569,0.9955810630258376,0.9989443231055893,0.9945571671307706,0.9999504736195368,0.9992014525353855,0.9746274442346559,0.9431865976765575,0.9999187708932261,0.995692285334462,0.9985602460467335,0.9999063834210749,0.9993527524707349,0.9710271178603088,0.9987990526756578,0.9967523259959423,0.9999279760733977,0.9995749047120431,0.9867921584012039,0.9978407097265896,0.9836098821270296,0.9993961766426096,0.9998977240423266,0.9981871698707578,0.9977166530933838,0.9979840591196458,0.9984461950192648,0.9942974901330598,0.9759095037147866,0.9970365042375288,0.9972732997909064,0.9900077571707822,0.998431984125703,0.978794923834127,0.9953081307979817,0.9970499870326756,0.9997912447659689,0.9996296150131109,0.9985273994241325,0.9992655026057417,0.9971400780698083,0.9999798445404818,0.9648070109503294,0.9992709034193419,0.9792201863557102,0.9933492601770513,0.9971433110300028
0.33,0.9950320903644893,0.938893675711089,0.9999836038204329,0.0049679096355107815,0.9985835575678039,0.9916691191870072,0.9992257827043217,0.9997487363787462,0.9907761132562506,0.9963589520570948,0.9973799307180908,0.9999471991170632,0.9917627494604727,0.9999632205054436,0.9977031871186928,0.9966643153431333,0.9981686636587278,0.9525401301046988,0.9990950272255458,0.9995888452044557,0.9966380128185958,0.9999836038204329,0.9965960275166598,0.9978705265070471,0.9998047432426174,0.9979999840181273,0.993051174385655,0.9913903335886562,0.9964658262343857,0.9995371682455102,0.9969313416447841,0.9977740382574352,0.9968237509958066,0.9997215419593465,0.9906240184629059,0.9994009678807148,0.999410082206266,0.999545602493007,0.9975827328984836,0.9641848111367183,0.9987286923677268,0.9988034173312433,0.9973894784986309,0.9995541306341339,0.9911646901770241,0.9987695889448451,0.9991143720734624,0.998455300827351,0.9972054132533483,0.9994209176394594,0.9987518036090641,0.9974983558435724,0.9890658731872671,0.9933226116747027,0.9991212851955953,0.9994444502614432,0.98999805236171,0.9992194677961388,0.999907049759778,0.9993504052419687,0.9986903169872863,0.9981928252348843,0.996102434020961,0.998399629712881,0.9937674691422248,0.9961272707731798,0.9973603124622684,0.9992315939315901,0.9965132941786395,0.9895628411155261,0.9941013280747868,0.9980558932486395,0.9995103086313676,0.9970021617910957,0.9994439024358397,0.9992308628454754,0.9998813544691653,0.9980120634902747,0.9956284575844726,0.999460323998317,0.9994143819187669,0.9988989973305006,0.996146894226459,0.9980047435682964,0.9967408279629677,0.99843516464756,0.9962792124500162,0.9989418593614448,0.9945401761742922,0.9999408927334383,0.999426658664183,0.9695791889589003,0.938893675711089,0.9999072954756683,0.9948534180782251,0.9983982783808398,0.9999141137988637,0.9994231114186846,0.9660786298691757,0.9989255835693223,0.9967361963001216,0.9999484347186942,0.9996702131190198,0.987777161930801,0.9977612768953594,0.9866839298339377,0.9994293010740635,0.9999236899455279,0.9980397729139553,0.9982285265484115,0.9981682626478875,0.9988916556206169,0.9952612793983007,0.9741033664000647,0.9967775616286028,0.9980405990981781,0.9908937589342338,0.9982221148202051,0.9764180907767611,0.996088472621565,0.9966447202109386,0.9997312193655628,0.9995977516361928,0.9982848487290127,0.9992157486307941,0.996442035746449,0.9999767377724936,0.9668104143883872,0.9992268185836716,0.9795440224483747,0.9918702387485636,0.9978844221411322
0.335,0.9952874426345089,0.942872081081572,0.9999929091624076,0.004712557365491098,0.9985726216912465,0.9908253531118297,0.9990894497414112,0.9997240281901562,0.9915320735488677,0.9952298597069527,0.9977016329225653,0.9999293718578329,0.9903200378656033,0.9999518995560294,0.9970555122009893,0.9973371648361163,0.9975162986950138,0.9616907628317344,0.9989689869400343,0.9996537405672433,0.9961793145081844,0.9999929091624076,0.9971788156924336,0.9977012421717159,0.9998726549789909,0.9975337548994455,0.9934664934801407,0.9892099294141078,0.9972188226200832,0.999491665384852,0.9971008366740871,0.9977200570173275,0.9960799708950018,0.9996905462730449,0.9903992572984857,0.9992980327146415,0.9994425559759276,0.9997114891326256,0.997087125912754,0.9706626983597823,0.9984117415654908,0.9991500552321682,0.9965747262281311,0.9994711710034612,0.9882780155849966,0.9987573209508661,0.9990363819582432,0.9982425081708974,0.9970348299709123,0.9994198491092554,0.9989503536389548,0.9976824800766383,0.9909325227519207,0.993278092333687,0.9988364925883649,0.9994824576568114,0.989940183866816,0.9992669360745781,0.999888722712505,0.9995725962766038,0.998666538311195,0.9982875199190139,0.996077302732743,0.9983753090258893,0.9938230108254447,0.9964074090630628,0.9972707090604821,0.9992549129586121,0.9966179873252339,0.9896667348833507,0.9931655383495912,0.9981843872357962,0.99941823268524,0.9966893140423037,0.9994226587434732,0.9993982634646569,0.9998694922221798,0.9979103150226453,0.9951809670183202,0.9993806427193344,0.9993629783328324,0.998857159791526,0.9962836858905931,0.9977519033133705,0.996723039814169,0.9987580086338904,0.9951771467015634,0.9988856218806549,0.9952207839042,0.9999665055686363,0.9992879766621718,0.9739136329551497,0.942872081081572,0.9998921260891158,0.9940363580037372,0.9983694651206542,0.9999211101361086,0.999490341653708,0.9733637160647461,0.9990985786772401,0.9965300915574486,0.9999352370177628,0.9996723161807998,0.9899834517284339,0.997857798702444,0.9826794784537114,0.9995511586179282,0.999898545068389,0.998222549548789,0.9982599975278006,0.9979701876782713,0.999216650301804,0.9952009725092288,0.9747877250471771,0.9962860149956527,0.9981459960792753,0.9921842778750846,0.9983905592176743,0.9782709430201006,0.9958182650500566,0.9975243004854303,0.999742542953791,0.9995622307362062,0.9986263996627991,0.999240704036143,0.9960429397893565,0.9999719380149823,0.9737428649292703,0.9992630146705769,0.9794872963888774,0.9936444784043079,0.9984378605023901
0.34,0.995378576384247,0.9386651437761009,0.9999914939007654,0.004621423615752882,0.9982368347288425,0.9901972110730816,0.9990595029808297,0.9996882964594853,0.9936072921185943,0.9957366789624956,0.9978269720021585,0.9999297462876249,0.9892189257354504,0.999943893040978,0.9969908565252827,0.9972396598400892,0.9979265841006464,0.9693465916463045,0.9989460042615732,0.9997044830554714,0.9958808738584706,0.9999914939007654,0.9974439389980833,0.9971017591468795,0.999915500757615,0.9969551662263572,0.9946196286088003,0.9904696748654956,0.9978187544537204,0.9995593157988228,0.9966818900957881,0.9983520990312608,0.9952959659901209,0.9996598389755638,0.9906011039450725,0.9990328402709404,0.9994940949016442,0.9998261420108936,0.9965476168638316,0.9737446240586647,0.998635409808283,0.9989970788829986,0.996209611758412,0.9994991647010912,0.988224003322826,0.998481582169785,0.9990947907737011,0.9982732043690189,0.9969424793743684,0.9994724139084251,0.9990020175270783,0.9971664159367871,0.9893412076806544,0.9948900332841817,0.9990155662782961,0.9993231015708943,0.9892014049605357,0.9990059703245662,0.9998621636438374,0.9995830520986623,0.9984137033346497,0.9977529586176559,0.9971185153025445,0.9983665453135323,0.995330900537159,0.9967324607666821,0.9977132519835925,0.9992045474377355,0.9955831484392035,0.9921460642123479,0.9936675015225099,0.9980287475897786,0.9993608990379015,0.995692006074996,0.9994233181804224,0.9992531922521446,0.9998669225966708,0.9972471039664939,0.9964707588714597,0.9993410301279901,0.9993166992533054,0.9990540536555987,0.9956907880089757,0.9982235107334028,0.9976022332508822,0.9986274115268435,0.9938878494228983,0.9989195591718852,0.9939571789870909,0.9999810691905877,0.9992480757448194,0.9768867909082777,0.9386651437761009,0.9999375056535897,0.9949124745482402,0.9983796197840633,0.9998722177597665,0.9994924480045563,0.9731971014183333,0.9993145358798124,0.9966035242788646,0.999953708707268,0.9996939857457934,0.9920039656494385,0.9977048803467878,0.9842618436420529,0.9995749208777823,0.9999016132891043,0.9976551920626918,0.9983966401202795,0.9978494930077275,0.9990503449314945,0.9944580923474564,0.9741318451020018,0.9972696221063365,0.9982808379464562,0.9904679161407048,0.9985282551326876,0.9825031831582596,0.9964030546196718,0.9973485107007333,0.999777431180673,0.9995305806666575,0.9987338168755118,0.999188508348673,0.9965305220472584,0.9999640575559825,0.972283494176057,0.9992550020346308,0.9739892907255079,0.9940030042667224,0.9984682685957612
0.34500000000000003,0.9954471781776664,0.9401232845366553,0.9999919329630961,0.004552821822333684,0.9986929414734268,0.9910775566220456,0.9989409673441227,0.999644813769765,0.9920855968014123,0.9953905681529553,0.9983937488048665,0.9999321985088035,0.9864880989170035,0.9999217738526546,0.9969662513778373,0.9972960151274494,0.9971932764372768,0.9733120783753901,0.9989651611859817,0.9998087359117092,0.9967594664495055,0.9999906139971302,0.9977537743011735,0.9963712031738693,0.9998959513368058,0.9962919043451749,0.9950155344810986,0.9918293924596782,0.997652123805554,0.9994061185553341,0.9973250335957538,0.9981418524216257,0.9964164828700328,0.9997454132079393,0.9910488816293548,0.9989875563889974,0.9996550717449035,0.9997902806135222,0.9969342370786592,0.9783981199431148,0.9988574037755678,0.9988130541556023,0.9966174685555584,0.9994705430411596,0.9843439956992623,0.9989637652346904,0.9993487586579207,0.9987228856996196,0.9970199044086178,0.9995534669139969,0.9987347885964499,0.9974847595834336,0.9877907610125483,0.9949024214201443,0.999211952405211,0.9991353771353836,0.9888378452657524,0.9991596016278018,0.9998339235043053,0.999536660292771,0.9989037638090421,0.9981097233070388,0.9971569768975995,0.9983290294454704,0.9953475624256336,0.9975304863710373,0.9981181785058046,0.9991795875663622,0.9959027777471726,0.9920798663514295,0.994233176127545,0.9975396499614084,0.9994171399484926,0.9944651388346811,0.9994572851740063,0.9991378103238295,0.9998596696781161,0.9979476742983039,0.9966118024889915,0.9992467465325129,0.9993450454004087,0.9989623868614642,0.995969383892978,0.998482258128517,0.9982535137451479,0.9984147315700524,0.9927090796497178,0.9988763963026357,0.9954054949401574,0.9999919329630961,0.9992619957644425,0.9799803109331044,0.9401232845366553,0.9999265467214301,0.994095847657337,0.9987259763281726,0.9998826740859185,0.999627085119029,0.9735786739478557,0.9994871862059633,0.9965474896768637,0.999950133347516,0.9997310578516343,0.9937607956979343,0.9969574749514226,0.9867546985540464,0.9995178233640981,0.9999274955114916,0.9980136679127498,0.9985888215026345,0.9977310479132078,0.9990267289909021,0.9937850681073417,0.9659021785121507,0.9965621976205734,0.9980730374186569,0.9923880980302515,0.99841500698427,0.9808897961849768,0.9970434981498769,0.9980626949200407,0.9997668209441866,0.9994945388926002,0.9985258380168888,0.9991773700148247,0.9970082265828517,0.9999509448155836,0.9712380163774355,0.9992739022208393,0.9743310260907266,0.9953371688260387,0.9979741601603872
0.35000000000000003,0.995744473946123,0.9541856056395822,0.9999924138697491,0.0042555260538765394,0.9986315015993843,0.9930560126832126,0.9989666214109038,0.9995990144134771,0.992966812165692,0.995874174728604,0.998481905347457,0.9999132645809266,0.9885833593728938,0.9999239730406727,0.9969977333450368,0.9979463194220128,0.9962541277823757,0.9702354219449136,0.9989261853356921,0.9997650676504887,0.9962936672117526,0.9999769014650781,0.9975547072050995,0.997290101700966,0.9998904195004401,0.9953966025661165,0.9944450682999622,0.9936037820699086,0.9975444677424701,0.9995248700580646,0.9975248264501715,0.9986734115953676,0.9972991679095017,0.9997066730897671,0.9930612958050544,0.9993266994247479,0.9995789586965772,0.999792154314473,0.9964925036351966,0.9811532170609898,0.9986278991899402,0.9986364273740531,0.9962501285744797,0.99947191418475,0.9853556303978153,0.9989285134774246,0.9992845393270694,0.9987256918738575,0.9972602386230611,0.9995367755148332,0.9988364212106656,0.9972304840723334,0.9904557758488582,0.9947932310588754,0.9991772892584252,0.9993974046912748,0.9888938261621428,0.9992454491757152,0.9998557328919784,0.9995826435100201,0.9988971841423917,0.9984290112006724,0.9971601502306925,0.9987121211300566,0.99652309688594,0.9977252156987291,0.9982095471889484,0.9993409425191573,0.9947818062689084,0.9921583576989519,0.9948939288458548,0.9977074394564321,0.9995995432136716,0.9930071155888153,0.9992628622341226,0.9990772195705064,0.999827921425283,0.997296598434749,0.9968138237512303,0.9992027645345648,0.9992932789251876,0.9989706022563951,0.997058458526374,0.9979854471431902,0.9982029626915407,0.997959823011744,0.9914927250265053,0.9988795242904734,0.9944963527642074,0.9999924138697491,0.9991217459379185,0.9836262590282893,0.9541856056395822,0.9998959874504164,0.9931504118478509,0.9987046126983965,0.9998905749374882,0.9996173312439482,0.9704836643871643,0.9994526899064506,0.9975012937779997,0.9999361039745035,0.9997052220948753,0.9928463014281601,0.9971979420592434,0.9888962133549332,0.9994695363545707,0.9999248875874616,0.9982605817769737,0.9988847460167951,0.9970006869470259,0.998991083542453,0.9951790881631833,0.9738679545481632,0.9961883979618449,0.9977064481203437,0.9940776760504231,0.9987604877418297,0.9848607582513497,0.99767265763999,0.9980676968057043,0.9996894160869715,0.999504189774897,0.9987235723534872,0.9994300238791033,0.9975632269327867,0.9999363096631572,0.971137059061185,0.9992363966150704,0.9705898513699293,0.9951446304651611,0.9984580960586543
0.355,0.9958398075982835,0.9536287668791266,0.9999983047302187,0.004160192401716481,0.9985920733014623,0.9946416247304214,0.9991900553974744,0.9995368343488209,0.9920027820973369,0.9964525354455764,0.9982043704902034,0.9999430521525011,0.9904850400563149,0.9998978851103667,0.9970835802250313,0.9985038732058592,0.9957284596831637,0.9611614729019582,0.9989054934226123,0.9997269850763901,0.9967678437421931,0.9999516815712859,0.9979090394748615,0.9975840533081315,0.9998625196216216,0.9964629914257657,0.9939828315916692,0.9945783898495826,0.997652553007951,0.9994786595420583,0.9972290316931753,0.9986080682807639,0.9979825068388501,0.9996628525112401,0.9907806257208793,0.9993699285289934,0.9995263125945125,0.9997574166717894,0.9969258453202358,0.9789288926219226,0.9982901689753901,0.9984171686636677,0.9969018410327356,0.9994736646182707,0.9854071811715334,0.9992780998690631,0.9992352008463183,0.9987519823277802,0.99670926381569,0.9996741420888176,0.9990489831233519,0.9975787579460527,0.9917547267593784,0.9931796070953456,0.9991698598414793,0.9993624496306708,0.9891114112646167,0.9991997384630561,0.9998233838740905,0.999569950098509,0.9986399880197101,0.9987000156355115,0.9972420536945978,0.9986848539407994,0.996463705167584,0.9973638377552245,0.9984099663255647,0.9992907501153713,0.9944281769486565,0.9922810610980043,0.9952786622316558,0.997872112538971,0.999535734329272,0.9913525212944531,0.9990015719433997,0.9992796615414387,0.9998320344372476,0.9979843547475066,0.9977059907009962,0.9989681819872486,0.9992484549318379,0.9990244887680816,0.9968417189322111,0.9977136086164055,0.9987252857812338,0.9983839669619644,0.990318898433728,0.9988829387193959,0.9951840777469232,0.9999983047302187,0.9989277465972886,0.985860366945917,0.9536287668791266,0.9998743305110631,0.9924189632691954,0.998695411391066,0.9998822078693972,0.9994641960414018,0.9734885257853185,0.9993075682297515,0.99751298571813,0.999942576229265,0.9997935111476252,0.9936229526101568,0.9974369231796607,0.9908554077661783,0.9992982302585652,0.9998966197394895,0.9985103078276774,0.9990132494743972,0.997101289434104,0.9990313045111813,0.9962727306503282,0.9800115311830223,0.9960037354180943,0.9973209547867705,0.9945665472545016,0.9988581833698574,0.9881117104601196,0.9979174238338978,0.9978127210130506,0.9996848262706355,0.9993232475993752,0.9989187073656232,0.9994139007054739,0.9980494390303756,0.9999146762314451,0.9705389909937528,0.9989723081838251,0.9739387135369691,0.9942807666082448,0.9983880955249645
0.36,0.9961488995478697,0.9549351850602894,0.9999987804607623,0.0038511004521300614,0.998311950545813,0.9942637809147927,0.9991067345872275,0.9995056521741932,0.9912354148362992,0.9965211353574018,0.9983674833108428,0.999927481667657,0.9921598640344963,0.9998759346536519,0.9967139324109009,0.9989518234422198,0.9966276628044928,0.9689003264886906,0.9988854317057508,0.999687578442612,0.9974408761792066,0.9999132254342474,0.9983226347072868,0.997629351383893,0.9998635367214912,0.9968442472854434,0.9947778248999075,0.9957815489293906,0.9975598792578109,0.999546555934825,0.9976400066464403,0.9986881337591961,0.9980801821083333,0.9996182355782017,0.9916130308848284,0.999191624378844,0.9994768498482673,0.9997527474374018,0.9973454710825701,0.9816059651108764,0.9985993155808254,0.9980886882292959,0.9975676769097278,0.9993501676170168,0.9886578321818064,0.9992422136606066,0.999273788528252,0.9990898138778902,0.9971739875043094,0.9997490697500467,0.999252482706673,0.9979103626278236,0.9935164715328528,0.991089361700638,0.9993352902722767,0.9992374040361703,0.9896266362706555,0.9989185790996292,0.9997775952956341,0.9996435145265316,0.9990791285200671,0.9989212009917819,0.9973634688579396,0.999017397283058,0.9974021549556458,0.9969945287191202,0.9980850375987986,0.999378346286364,0.9957104164255755,0.9922208914259033,0.9964184940013272,0.9980528939043218,0.9994298655575959,0.9927509693387986,0.9989255839218154,0.999098786060743,0.999828936754205,0.9981173198370357,0.9978221845756625,0.9989882397621013,0.9992136887764397,0.9989250669471609,0.9959954335243296,0.997627432844179,0.9987184607004412,0.9981612747416175,0.987342522618347,0.9985254152528615,0.99441625011621,0.9999987804607623,0.9988996081965764,0.9886454030412505,0.9549351850602894,0.9998399835896571,0.9920151800415185,0.9987140084901867,0.9998949632248453,0.9996317380494062,0.9793935787398931,0.9992758411782373,0.9974883706055118,0.9999489199286038,0.999758457231922,0.9932067169319312,0.9966300200022771,0.9926754282104099,0.9992480643372457,0.9998829872196907,0.998744434691439,0.9987094919870468,0.9962248857282423,0.9988158046528121,0.9967638924354549,0.9847339689261752,0.995757258957392,0.9969413140706475,0.9951195574759099,0.9985428863307731,0.9878527457982121,0.9973044080550177,0.9979219475549638,0.9997441703301313,0.9992626849508323,0.9987932964628391,0.9996136403146076,0.998271544948878,0.9999079671711996,0.9709160342420355,0.9989075087249158,0.9794951015930401,0.9927556020648611,0.9985100029660972
0.365,0.996220888900859,0.9542371441962091,0.9999990712176566,0.0037791110991413305,0.9987758582445969,0.9944335432170697,0.9992919599385961,0.999468787532296,0.9920886087066425,0.9966341653812877,0.9980658819804206,0.9999228776564246,0.9933113862549875,0.9998592356906993,0.9969990164164684,0.9992917687282177,0.9971555606786517,0.9663477406206911,0.9989074074237504,0.999672806591134,0.9973230431774952,0.9999067336717268,0.9978809522273137,0.9977192368596166,0.9998229988166233,0.9975967082117841,0.9953328931568871,0.995584922494541,0.9974614830974684,0.9994852326604695,0.9970898285510436,0.99837974457609,0.9985513701860703,0.9997223351353227,0.9889321990783635,0.9992669482893056,0.9996555150267875,0.9996966780968018,0.9966194750457145,0.9847348961493686,0.9989221065601358,0.9986164533916347,0.9978569836669626,0.9992926057463489,0.9849758396128754,0.9991401167894062,0.9993215784494404,0.9991775984790895,0.9963859484019689,0.9997217185812745,0.9992857732211496,0.99843169163578,0.9937026782037802,0.9933473970912557,0.999466557178394,0.9992028239999523,0.9867391821416257,0.9985479105714637,0.9997923789747203,0.9995470029662623,0.999032384806891,0.9991294223151852,0.9971941367037259,0.9990131575919894,0.9980953262988983,0.996878679384558,0.9979307254384309,0.9993151897779047,0.9961795181250258,0.9920097446721031,0.9957354444884287,0.998221469074319,0.9995017170451758,0.992124186928794,0.9991246241410005,0.9992781421322824,0.999811178377349,0.9983052405702932,0.9973867599998639,0.9990093553511558,0.9991424758992336,0.9990575579702056,0.9958306271285577,0.9977111706819044,0.9987373445771525,0.997978293596225,0.9898476763594182,0.9988912520089293,0.994412343338638,0.9999990712176566,0.9988903867816535,0.9899137981870867,0.9542371441962091,0.9998181883750109,0.9938126233904809,0.998302587593323,0.9998965050314137,0.9996048395094616,0.9840973254799983,0.9992467737058273,0.9967783331952202,0.9999697525340292,0.9997807225462321,0.9921673013905935,0.9955979138958708,0.993651283495705,0.9989958683492596,0.999920257342741,0.9986231311409866,0.9988846184644309,0.9971446355434116,0.9985617052768977,0.9972892658213999,0.9852238963185516,0.9956518443947094,0.9962074243151864,0.9962155037912778,0.9981808843627686,0.9881494528874291,0.9969892677171621,0.9981251174086418,0.9997830934187225,0.9990028905273053,0.9986930248301727,0.9996053758517993,0.9981507722257351,0.999895497280059,0.9713979968755493,0.9985367849273413,0.9819908146847427,0.9930947362575048,0.9988460787524639
0.37,0.9964375104588429,0.9650181226097171,0.9999859929903187,0.0035624895411567265,0.9989339240550805,0.992887038307838,0.9993003661642024,0.999452830875686,0.9917077678477866,0.9962689348128416,0.9977573094285447,0.99990391067728,0.9942368055090096,0.9998437049750852,0.9977373220324919,0.999156370404788,0.9962249958234296,0.9735632658902097,0.998905815003599,0.9997150305455897,0.9969621942640842,0.9999139268685542,0.9973870686687678,0.9978506916638051,0.9997707095416856,0.9970309621546113,0.9945133285000298,0.996577788363942,0.9975825834642835,0.9995070329363,0.9966812794385247,0.9983580231787227,0.9987084463642223,0.9998048194914334,0.9882497714232675,0.999528754442102,0.9995963832503801,0.9996492138769811,0.9970708374924898,0.9831648684068923,0.9987133917580446,0.999020345292849,0.997601770131655,0.9993091046779543,0.9855646454256226,0.9989289073404742,0.9991547564970167,0.9991303234804859,0.9957368080464793,0.9996841824397436,0.9991375525349688,0.9983957555313132,0.9946560870505623,0.9933465164103216,0.9995875864226607,0.9991897755084709,0.990042859955241,0.9983812456113869,0.9997926914369107,0.9994894110042357,0.9989345922323432,0.999044577943012,0.9965008103378631,0.9989724569631548,0.9981519004097578,0.9975591447051887,0.9981728855542547,0.9990908319748593,0.9964583333706348,0.9922024191558999,0.9950140929092537,0.9983841324606877,0.9993998669044053,0.9908694147316788,0.9988215995283144,0.9992932334498734,0.9997978916474327,0.9983859856554768,0.9981261276491263,0.9991053224805224,0.9994222630918936,0.9992403711562935,0.9969724893101225,0.9979225479900868,0.9991365708560632,0.9974017078849433,0.9919105641934726,0.9988234617222597,0.9945931536659659,0.9999859929903187,0.9989564295992914,0.9920752779159053,0.9650181226097171,0.999908095349013,0.9946534453757899,0.9985838184466532,0.9998493577055614,0.999595243755527,0.9857831176339887,0.9994867217834755,0.9965218444496736,0.9999669695216127,0.9996819569049306,0.991275471120305,0.9964394086527414,0.9945511738353624,0.9989567010491582,0.9999200818833468,0.9988483851057679,0.9991237403814395,0.9970349200011317,0.9987027062662021,0.996922337556248,0.9860822543294463,0.9943029275062328,0.9966737883545196,0.9956852903858494,0.9977896872028823,0.9889486356607154,0.9972197847725502,0.9983894479311651,0.9998456659265557,0.99890987091835,0.998627142955028,0.9996068460901572,0.9985604939937537,0.9999616984205256,0.9711669264331899,0.9988613888811604,0.9845346622647576,0.9919962432484293,0.9989207209277293
0.375,0.9965678509054796,0.9655941678869837,0.9999769355395309,0.003432149094520698,0.9987406648765095,0.9933680847382846,0.9992838535744756,0.9994721814274438,0.9920563589805426,0.9971625111190573,0.9980004484365153,0.9999228590458321,0.9952539653800847,0.9998247281877041,0.9979911744285102,0.9989837182343231,0.9950892426494536,0.97930198399414,0.9988865156377902,0.9997437142984891,0.9974009573721071,0.9999133123804791,0.9976377621193662,0.9983988269290498,0.9997036206290935,0.9977245046781835,0.9950700425906486,0.9973667928366962,0.9975054629311881,0.9993516113539144,0.9974502569561299,0.9985236517204448,0.9987223915933512,0.9997550753774866,0.9879182054012663,0.9997077396801678,0.9995649441304133,0.9996210985648726,0.9974911894045084,0.9782805253670068,0.9985150341018697,0.9989707858528397,0.9978320077421802,0.9991900563166858,0.9870640593639056,0.9989459711165977,0.9994229727589431,0.9990201754158756,0.9954673365374239,0.9997517982128389,0.9990586733829719,0.9983727158875282,0.9955929199513648,0.9936951460564001,0.9996997328420277,0.9992343301718916,0.9900022452612205,0.998228290695987,0.9997856880171132,0.9996125598289781,0.9989499590496708,0.9991200134609884,0.9966725043660473,0.9991080117435004,0.9980919238033464,0.9977040972386458,0.9984389933212977,0.999120511497078,0.9955946809721681,0.9923147772606473,0.99431193760074,0.9982288872350269,0.9993091968014234,0.9925893473332319,0.9989329806203314,0.9994528223225659,0.9997516999055192,0.9985615985993093,0.9986982652186089,0.9992518512192832,0.9994295212171088,0.9994393296676672,0.9967457013118995,0.9982263055845204,0.9990390531712636,0.9970163370491333,0.993590449665696,0.9988762857966169,0.9954531129222499,0.9999579580541961,0.9989824905973457,0.9939229091203724,0.9655941678869837,0.9998977506763989,0.9934117828774739,0.9988230503255494,0.9997816273179914,0.9994563654663293,0.9840449325274887,0.9993832628366244,0.9965483155509641,0.9999769355395309,0.9995447089506051,0.9919922012730524,0.9961039924191644,0.9943003836574531,0.9988316554499003,0.9999150276783937,0.9990388871218878,0.9989125463147797,0.9968508923140251,0.9984276422575488,0.9969198944493376,0.9891591684263071,0.9943983235234802,0.9971322997077537,0.9966839972971205,0.9980883793307623,0.9911080632788599,0.9964282343112869,0.9986782668520193,0.9997799191592236,0.9991293083941156,0.9985074729981112,0.9997463945571999,0.9982368685092873,0.9999369464557853,0.9718449770279282,0.9988136016148008,0.9811507023727363,0.9927506150151341,0.9988193639102823
0.38,0.9965789476191418,0.9549144855493591,0.9999923987112185,0.003421052380858072,0.998702322614273,0.9917906086057816,0.9993649077473002,0.9994393988000316,0.9929463619138632,0.9969560460972452,0.998538064272312,0.9999267775145616,0.994634903892601,0.9999038715501668,0.998480179746518,0.998986749092198,0.9950827874977328,0.9811984129877589,0.9986486587533089,0.9997284002906466,0.996606394382965,0.9999127148538548,0.9973564215753467,0.9984549793308141,0.9996181779193265,0.997984195341173,0.9946664532766643,0.9979826474329554,0.9977184226380093,0.9993947810554284,0.9978172678310584,0.9985178409471,0.9984027469979864,0.9996962917590453,0.9880506329746545,0.9996388803150973,0.9995239193862456,0.9995780730468146,0.9978710857687567,0.976422408116238,0.9985841057244211,0.998999297012823,0.9976150326779576,0.9993245796157062,0.9879356386259438,0.9986911277058156,0.9996103160828751,0.9989001968368509,0.9953354241322121,0.9997229335330697,0.9988871224771285,0.9983574698582934,0.9954029775393548,0.9943335425587454,0.9997361743788422,0.9994804534242695,0.9903410211810033,0.9981023912025212,0.9997752225466778,0.9995890077507539,0.9989284736951406,0.999301083497801,0.9969175951433638,0.9991262413138875,0.9981533887530828,0.9973763470084684,0.9987266109518936,0.9990303296379553,0.9966607754306038,0.9928671809025745,0.995744609835662,0.9977159236531107,0.9991661297390199,0.9907159428835084,0.9991191912774374,0.9993739026154048,0.9996952526634828,0.9988063487533709,0.9987261079774595,0.9993799677366256,0.9992688803720684,0.9994808752960762,0.9967704864587399,0.9985719610558199,0.9990778059695109,0.9977189024592213,0.9935828264586406,0.9988896161323644,0.9941499217851715,0.9999510730620758,0.9989387451189857,0.9945530304510418,0.9549144855493591,0.9998931900804776,0.9934797233794894,0.9986832631770655,0.9997395338523438,0.999640580360248,0.984441371563073,0.9993521538502024,0.9966570748403145,0.9999923987112185,0.9994818980008443,0.992259479134458,0.996608544367996,0.9942366048780753,0.9987121970465341,0.9998934277911733,0.9992680512363783,0.998970065505801,0.996776785552178,0.9982007773423561,0.9976239395009463,0.9915744148128154,0.9958872855595376,0.9974164847751783,0.9969859641982823,0.9985576182896232,0.992226077711944,0.9961850780848813,0.9983082168821426,0.999762041854323,0.9991971471950679,0.9985969783187049,0.999765952634136,0.9984216298013993,0.9999278508175318,0.9786662848207068,0.998803009602343,0.9775228574080572,0.9916180672989647,0.999104440183325
0.385,0.996538563744744,0.9411421448542474,0.9999864552588956,0.00346143625525614,0.9990965581693163,0.9926546504541923,0.9991807410163658,0.9993868697929339,0.991562973891278,0.9971093567059897,0.9986706348212333,0.9998943541619286,0.9956132275819127,0.999894387149053,0.9984313567077828,0.9988365891072453,0.9957932895653026,0.9798015255256365,0.9986502022416649,0.9996960943120291,0.9968010422561716,0.9998721917601084,0.9969437372887477,0.998535423696553,0.9995951480514628,0.9981602803132569,0.9957299324573563,0.9982439344539711,0.9982897973277783,0.9992169225778945,0.997532402983106,0.9983094890083499,0.998308066908564,0.9996576546175828,0.9886171862901837,0.9995914721887398,0.999580076273232,0.9997353678292563,0.9982077667856541,0.974432081732239,0.9983605879007101,0.9989288902804345,0.9979256637162004,0.9994309054511366,0.9868777813282826,0.998667339420902,0.9995338097266092,0.998853438361025,0.9962445023180483,0.9998213478058547,0.9985897475393736,0.9980134059537065,0.996304301442675,0.9951537766035954,0.9997418981287055,0.9995328076281265,0.9927906328499349,0.9982462872366199,0.9997337096547224,0.9994777666265242,0.998980640483202,0.9993858534957621,0.9977959771466031,0.9989620910189724,0.9980887672743879,0.99725341018449,0.9985897117131425,0.9989984585278546,0.9964571243706215,0.9927456433379346,0.9953675220605956,0.9971225190182236,0.9992867837687842,0.9902919994865915,0.9988290446251029,0.9994904040339064,0.9996350748910936,0.9984372092885658,0.9984792469299228,0.9991540478323909,0.9993192834487014,0.999648449409173,0.9967823997766748,0.9984248822900644,0.9990195580477447,0.9983334740552398,0.9935627030580124,0.9985392297799102,0.9954147709852161,0.9999421511745032,0.9992542049704408,0.9952050749803297,0.9411421448542474,0.9998691250348655,0.9937166015945054,0.9986123201505864,0.9997133864701596,0.9996363851232599,0.9831854926837872,0.9992427266055396,0.995798306191318,0.9999864552588956,0.9995316950417023,0.9927034410733545,0.9969232133484215,0.9934225763830403,0.9988189322411977,0.9998806519031687,0.9991407983943955,0.9991644622411106,0.9967507815388498,0.9980564638345323,0.9981731674403909,0.9913774536405976,0.9969955080181232,0.9977894508735777,0.9973093772229247,0.9983109407397351,0.9919037479856845,0.9970156915305898,0.9981641786176283,0.9997938350945833,0.9988842350776642,0.9988985253387501,0.999713124180027,0.9980680946734873,0.9999157840442733,0.9783873590026042,0.9989183707786509,0.981767698472422,0.9923922839791651,0.9992022752079784
0.39,0.9965996399534942,0.9447711349439752,0.9999857629961046,0.003400360046505859,0.9991946980376762,0.991237055881038,0.9991433708509788,0.9994025589712826,0.9928340082036342,0.996694618762004,0.9987721695681265,0.9999316730346528,0.996287080391911,0.999895344177769,0.9986384348494421,0.9987270688271256,0.9945325902629086,0.9816561020059593,0.9986798273442212,0.9996837559451207,0.9974884004528743,0.9999376488650893,0.9966371922635768,0.998635277745677,0.9997188790028795,0.99774124909234,0.9955227598035044,0.9984988686497889,0.9978103171644918,0.9993211659225114,0.99787778976671,0.997978021980594,0.9982314991642297,0.9995745988561423,0.9850612761136355,0.9994886975696916,0.9995377055929731,0.9997295651673234,0.9986010048027351,0.9731629485130361,0.9979960391986961,0.99922694925611,0.9976443613739708,0.9995985773887991,0.9877312086827517,0.9984858952381042,0.9996978781511996,0.9988384789538902,0.9970448796998372,0.9997940192042146,0.9987468431502671,0.9982051299357113,0.9954014457254238,0.996090169144648,0.9997845900038264,0.9994759616785012,0.9946563959475246,0.9986116166808888,0.999738976082755,0.9994087451955321,0.9989034850676595,0.9995199433544789,0.9984582257220149,0.9989065942948154,0.9980687186050654,0.9972112941912672,0.9984766277198948,0.9992792655818722,0.9957895748539421,0.994393523023401,0.996617117000315,0.9967895565574185,0.9991482828164104,0.9884577617265191,0.9987284309331781,0.9993608859694701,0.9995657040601614,0.998631681675515,0.9989547263226144,0.9988537864844859,0.9992556533008721,0.9997870953974743,0.9967490459242048,0.9982542039301817,0.9990724649151353,0.9980561834784906,0.9937314799113346,0.9984648582495117,0.9946573105245988,0.9999378808082904,0.9992647342270111,0.9944019040572543,0.9447711349439752,0.9999343487132064,0.9925136529775566,0.998921315104752,0.9997641401076022,0.999772321864998,0.9826066920231362,0.9992669106563705,0.9969651407593295,0.9999857629961046,0.9996718082274346,0.993276950682606,0.9966404670568723,0.9934874757457356,0.9986896175459709,0.9998426660345735,0.9990262703835648,0.9989888041240111,0.9967123825125247,0.9976001328315074,0.9981715977168925,0.9920949501975328,0.9969641359878014,0.9982905908913073,0.997944347613405,0.9984841805890988,0.9909212808913428,0.9977383230269449,0.9982523248433502,0.9997973401155217,0.9990945966586056,0.9991346788343808,0.9997484996338929,0.9979644255342133,0.9999126794234305,0.9835929867418979,0.9988140699497786,0.9792084951369273,0.9932463647688153,0.9991486652191126
0.395,0.9966705690650036,0.9434978859497426,0.9999902768486655,0.003329430934996296,0.9992879321273163,0.9928983182174811,0.9993558117168722,0.9994199222706319,0.9933536170670934,0.9975522635744238,0.9988772803057845,0.9999322472875711,0.9956673818958136,0.9999101826579406,0.9989773387844195,0.9991253785325549,0.9930724667632055,0.9834856700034984,0.9991057547292533,0.9996669356267693,0.9973689294269272,0.9999332659142666,0.9971235846639124,0.9987962839865803,0.9997862788246178,0.9981094044673803,0.9965136147407265,0.9987284929153981,0.9978159940036949,0.9991199162948015,0.9979518363172852,0.9980883974597419,0.9983525183768595,0.999503319316742,0.9805010398739594,0.9993649710947418,0.9997045666030971,0.9996964998505204,0.9987822111631354,0.9727610758283343,0.9976202547879459,0.9994441956528834,0.9980677027805906,0.999636254015512,0.9894420579957723,0.9984733928265165,0.9996215244027368,0.9987301401408463,0.9972384273326609,0.9998502235364942,0.9989474750501722,0.9981708070697636,0.9962835858229084,0.9961941015972502,0.9998303725341198,0.9994406071073699,0.9944391098370607,0.9985482476275068,0.9997056274905568,0.9993823581162866,0.9988517568934753,0.9996249699443543,0.9983397033001769,0.9986411226704646,0.998029547042987,0.9976474786264813,0.9981630789711431,0.9994826411275323,0.9960887722386988,0.9945560712822821,0.9964809273977321,0.9971132295896455,0.9990326144655,0.9884177699420232,0.9988980894112145,0.9993899996844104,0.9995990260063056,0.9985183373374056,0.9987567208966461,0.9991127189377975,0.9992044547874439,0.9997129225651338,0.9976613912014101,0.9984701789228574,0.9993446528728782,0.9979225878914938,0.9918110355706218,0.9985945991835768,0.9932520510147197,0.9999314151833759,0.9993229395738306,0.9932105074765447,0.9434978859497426,0.9999718721024656,0.9930641063083514,0.9992181871393259,0.9997494177940167,0.9997949834124583,0.981875210795045,0.9991215072187148,0.9961851105899,0.9999902768486655,0.999685971148624,0.9922155031656633,0.9972616703624774,0.9946637111439511,0.9990415005131517,0.9997938407507396,0.9987309273505675,0.9992386298152572,0.9975520933236383,0.9982218585554684,0.9980131032253593,0.991469268500911,0.997746361499361,0.9985097082968185,0.9984813058405198,0.9982243368960676,0.9901291161764092,0.9983362600978453,0.9985953459214805,0.9998033261184589,0.9992953597105876,0.9992211186149136,0.9997288941610963,0.9980725207400788,0.9999034161652592,0.9836658937879964,0.9988379451249838,0.9835720748359967,0.9941130960909013,0.9992996438087356
0.4,0.9967114548697285,0.9393566543365911,0.9999835990970416,0.0032885451302715903,0.9991570311153939,0.9938304121821985,0.9995132415413314,0.9996110762359811,0.9940237107165328,0.9973773826066153,0.9989901227550819,0.9998928372996282,0.9962256959455077,0.9998931064406044,0.9992399007261541,0.9991115556199642,0.9930805020541695,0.985517391747643,0.9994214729760116,0.9995852494459956,0.9980196815664724,0.999924740623264,0.9975916767684109,0.9989763711919387,0.9998543325811687,0.9982184578319778,0.9964419664497692,0.999015500551081,0.9976445594647386,0.9992019862871574,0.9980641689492049,0.9977639499757354,0.9980543334692155,0.9994604415862435,0.9791225558483443,0.999219211508745,0.9996842995983406,0.9997008163301144,0.9986895236104231,0.9732615579409255,0.997868292282336,0.999292253363435,0.9983429312105,0.9997716678830358,0.9903417868638767,0.9989618727381907,0.9995291362686144,0.9986151643980068,0.9966650563519237,0.9998261854757498,0.9991198017043782,0.998151690914756,0.9970282577061341,0.9963879748756154,0.999902079910494,0.9994116796495996,0.9945198454991895,0.9985014482557334,0.9997287794026294,0.9995198608082424,0.9989122159387924,0.9996621628191025,0.9983420317717194,0.9983924488655409,0.9981096867538093,0.9976779163274497,0.9984442414120268,0.9993224625939225,0.9959926074663521,0.9944195813197325,0.996168297813541,0.9967553455014618,0.9993196682900642,0.9884259174904303,0.9990537380054656,0.9994681860285567,0.9997693629399215,0.9984392570458366,0.9991571823945445,0.998802932292632,0.9992120462745308,0.9996676314392738,0.9969918722039148,0.9986936007829974,0.9991529562089144,0.9973669161105702,0.9932267468229466,0.9989525441982523,0.9916261815350785,0.9999677224199655,0.9994181723336578,0.9923365811181024,0.9393566543365911,0.9999779219678905,0.9944425551964674,0.9989320364645631,0.9996969893561226,0.999769902391808,0.982106333071038,0.9989508485876551,0.996466464848108,0.9999835990970416,0.9997037423894665,0.9930135744401336,0.9976728694775933,0.9956216359160343,0.9987402571879246,0.9997295643650166,0.9990880330228071,0.9993760821580144,0.997702398105906,0.9977999947778066,0.9973705286856462,0.9917699325468667,0.9983286808450322,0.9983058942479445,0.9989145857251319,0.9979964903827526,0.9923370705287634,0.9983647794710965,0.9984273042133169,0.9997325383878706,0.9994689149336909,0.9993617765485538,0.999714898175386,0.9985436931291591,0.9998633531055633,0.9842169798421977,0.9990148524558996,0.9821095846546386,0.99291307268147,0.9990650339826358
0.405,0.996666729879902,0.9375299811319787,0.999985118702353,0.003333270120098179,0.9992780172062009,0.9948655285141339,0.9995876948556659,0.9995839206085924,0.9931420532724885,0.9965828152982352,0.9992979190518688,0.9998862825694954,0.9957346903492517,0.9998569619659681,0.9993530316795523,0.9990772918049262,0.9933075384563103,0.9882343789582091,0.9993212961242428,0.9995652001793148,0.9981698916458359,0.9999301813099067,0.9973693807581633,0.9988580898769847,0.999853807390907,0.9983495285518864,0.9968586551968149,0.9991625368429021,0.9978480949342723,0.9992783952256291,0.9977953783625131,0.9983502141227648,0.9985568572925133,0.9996175427783696,0.983618285961648,0.9994674754913071,0.9996669196323212,0.9996604131033904,0.9982002770314417,0.9652063078355947,0.9981074496676353,0.9993400682799012,0.9982059456578994,0.9998752344410643,0.9913832390320597,0.9989487344443407,0.9995023415236749,0.9985976852498827,0.9964907742987105,0.9997610425671736,0.9993093501065553,0.9978105724999967,0.9962321845699326,0.996643444575843,0.999871270436083,0.999280532373883,0.9948807912285657,0.998700947078386,0.9996964718991059,0.9994603115889401,0.998826409594424,0.9997411208212437,0.9983046478592513,0.9983947123914599,0.9982931672710802,0.9977771387468025,0.9981156134531427,0.9993475497171904,0.9961145257548927,0.9950597977507245,0.9961609379649626,0.9974655251930853,0.9995312160743827,0.9883803428220784,0.9991948258864047,0.9995763869702795,0.999727101725424,0.9985355650802417,0.999120088828156,0.9989420992949793,0.9994214780691121,0.9995531709204782,0.9967988870519333,0.998900549618799,0.9992591579737462,0.9967402331387334,0.9923018678971647,0.999002639359677,0.9898268578822198,0.9999633606840268,0.9995275375218978,0.9909737952100252,0.9375299811319787,0.999985118702353,0.9936948037594184,0.9987580446959011,0.9997576031491947,0.9997446603269682,0.9819972684117803,0.9990092772998864,0.9957456197280687,0.9999756280516537,0.9995654779642364,0.9938649901205331,0.9975668375003144,0.9943103684899802,0.9988439754826367,0.9997015783865225,0.9989478731698052,0.9992428147647446,0.9976956446266403,0.997880173093177,0.9972087526539896,0.992482302278198,0.9977943757649346,0.9985356649745237,0.9989260650426911,0.9985556539493999,0.9919905679969164,0.9982978457443275,0.998738483756873,0.9996385058727943,0.999509811464648,0.9995243885944004,0.9996574487697731,0.998662000325012,0.9999480528945702,0.9849245799321953,0.9992534565010556,0.982065418283908,0.9910652125683957,0.9992755441157565
0.41000000000000003,0.9968107275862664,0.9384167611729257,0.9999776953441638,0.003189272413733471,0.9993793631402503,0.9939728603964831,0.999556688726499,0.9995523284796067,0.9942451921776612,0.9964375655215185,0.9995448444436907,0.9998570906196207,0.9963949758726856,0.999814623659672,0.9994571861169351,0.9990502920107193,0.9920351455063643,0.9904997379952548,0.99933168238164,0.9996797727924034,0.9981231184430803,0.9998939245542358,0.997688966997204,0.9989385337752866,0.9998220605224151,0.9987241131830462,0.9969827213078214,0.9989879904533561,0.9980959637334146,0.9994367616935516,0.998019230799922,0.9981835104713788,0.9986126425383266,0.9995486674125206,0.9784575120118033,0.9994060475375384,0.9996496145868277,0.9996172273148467,0.9981157773411634,0.9727488452752646,0.9982217146324914,0.9992793763025926,0.998486306059359,0.9999436345626602,0.9894969060855263,0.9988619660185062,0.999447391335699,0.9981833151453762,0.9956961079747868,0.9998144390797848,0.9992400872333741,0.9976727213864095,0.9952959921030913,0.9969304373676177,0.999834454083681,0.9993176501588226,0.995162894814779,0.9989378444056719,0.9996535076458066,0.9994105795618187,0.999167146884031,0.9996865521852285,0.9983381179854044,0.9987530768668418,0.9985457565075802,0.9982520002231574,0.9977674295046025,0.9994128302502725,0.9960109376320889,0.9952519729063692,0.9962897614757442,0.9980880895430828,0.9996019391430152,0.9904670716591065,0.9993748456413191,0.9995039012741276,0.9996762736826023,0.9980733970295137,0.9994203575101833,0.998811074608877,0.9993745549811077,0.9995283534564862,0.9968549339424219,0.9985800211487144,0.999459967287825,0.997016212245873,0.9936372029741158,0.9990952789514439,0.9922096987602191,0.9999574385479791,0.9996300836822599,0.9917730122782608,0.9384167611729257,0.9999776953441638,0.9950563199162782,0.9991147876993195,0.9998024875730992,0.9998429039753693,0.9823951029589961,0.9990055940655078,0.9946961649404313,0.9999740953739187,0.9995014345601984,0.9942518023397293,0.9979619279543633,0.995190494740379,0.9988802860920979,0.9996412714721261,0.999263261323673,0.9991510361496546,0.9976842565844513,0.9974653790766012,0.9971272988938071,0.9900776170068538,0.9978703264679468,0.9989192042719743,0.9989406943571152,0.9983330552121175,0.9919004008219685,0.9983854183797232,0.998629890918402,0.9995165222725618,0.9996084012023945,0.9994571406490872,0.9995966048950516,0.9985739307765411,0.9999296042565736,0.9861781709169368,0.9990252941249528,0.9861986361356488,0.9923990650018291,0.9994735946456279
0.41500000000000004,0.9968713315212367,0.9390601580490767,0.9999752700581879,0.0031286684787629076,0.9993330452092645,0.9930718138948338,0.9995557870016687,0.9996973233757299,0.995218566656969,0.9964603577382929,0.999430511081111,0.9999240110712267,0.9954603555704623,0.9997724419021203,0.999364847404207,0.99936619829135,0.9932707928478002,0.9918737738452826,0.9993587054517925,0.9996309012897513,0.9981680761772779,0.9999502751853138,0.9971827745985961,0.9991769231652717,0.9997815366074726,0.9988058025261968,0.9962537714721523,0.998891388500332,0.9983537216315039,0.9995591491216713,0.9982485193049102,0.9978576282743569,0.9984033112309105,0.9994847960280289,0.9830918737683806,0.9995816833395478,0.9995728239205217,0.9995724914316348,0.9982154957237406,0.9722268013758171,0.9978832752994624,0.9993754207656,0.9982930540981206,0.9999099506115035,0.9875476410877033,0.9988440488348755,0.999403613873732,0.9976908151077617,0.9947878509694889,0.9998945077668786,0.9991622973074491,0.9971548870716371,0.9961547812707611,0.9975369567312555,0.9998745631200548,0.9992692521478953,0.9957301271563435,0.9991752445303579,0.9997121045013205,0.9995379909298013,0.9991327278575441,0.9996231692754691,0.9983759539503373,0.998694711129869,0.998850029572682,0.9980465955986529,0.9982073407039317,0.9993243552127941,0.995154565211008,0.9956479664386971,0.9961618105147015,0.9978591126684289,0.9996556169969453,0.9922986017778016,0.999303956523986,0.99960537934714,0.999622892340368,0.9983482937692361,0.9994390343398487,0.999084926283185,0.9995553304245344,0.9994507075996013,0.9959428488198719,0.9982252275989165,0.9994709068837216,0.9972137510312603,0.9949416946630762,0.9990125600543138,0.9909980161548206,0.9999573243450802,0.9997470579489555,0.9926637663552373,0.9390601580490767,0.9999622687179643,0.9958668935007348,0.9988148131693241,0.9997209491891067,0.9998202715974889,0.9867427784270035,0.9988321248198765,0.9934854232568673,0.9999752700581879,0.9994278251113589,0.9933548311271772,0.9980600068188132,0.9962073330043775,0.9985258735822861,0.9996788601227361,0.9991938678839223,0.9990620359437321,0.9976674598247215,0.9973221672508857,0.9972152070217636,0.9869476941770411,0.9978026968352108,0.9989499313961897,0.9992577043235006,0.9980836791168393,0.9917426184048485,0.9988339873171996,0.998529182465471,0.99947364053696,0.9997158587213251,0.9992310923889868,0.999732853131863,0.9989554904903436,0.9999117197885031,0.9878059406877702,0.9987439267599029,0.9855893723059184,0.9931027831482695,0.9994009536552816
0.42,0.9967391701096882,0.919696797328249,0.999985102594146,0.0032608298903119342,0.9992896733466388,0.9916760661667275,0.9994391211277666,0.9996962456320019,0.9960599944213797,0.9965576226295433,0.9996485577517306,0.999905076682565,0.9962753782891387,0.9998782426470203,0.9995104479730802,0.9993360259932611,0.9947682760487938,0.9909244963769529,0.9993933548941857,0.9997144908086242,0.9986595785304894,0.9999437651436189,0.9976549075769628,0.9992044152811942,0.9998461477073098,0.9985762444016518,0.9954232275454286,0.9986443158328561,0.9984935316624632,0.9994492269151599,0.9980956034873228,0.9975247514482465,0.9980442326340693,0.9993620929503447,0.9867591874371785,0.999472667099236,0.9994917364390137,0.9995439538124631,0.99847329645657,0.963657443720628,0.9975313241425304,0.9995017841563031,0.9981143654965623,0.9999020673686482,0.9897350472335187,0.9992121445677848,0.9993128857714062,0.9982630402431053,0.9950571314621487,0.9998732891703433,0.9989912351734265,0.9965768318933226,0.9968885723841452,0.9980330762190356,0.999898931840446,0.9995169394094344,0.9960647975817686,0.9993853479747745,0.999626009199514,0.9994091991405127,0.9991147339816512,0.999685971131825,0.9988995471700949,0.9987220000151162,0.9989359407759739,0.9978716594798145,0.9977087630701237,0.9991163262229154,0.9963931628258359,0.9942999951864538,0.9962846773116354,0.9980357079694238,0.9995843662040853,0.9935981806914491,0.9990708904617962,0.999510478484403,0.999575764027446,0.9978215252110493,0.999407965503045,0.9987703503120132,0.9995149260201157,0.9996442989748171,0.9960164913050785,0.9978507565599438,0.9995206867248767,0.9967466864564073,0.993633663523366,0.9989060767982317,0.991785255420484,0.9999472888894537,0.9996999129274983,0.9913666386998079,0.919696797328249,0.999985102594146,0.9966091195472766,0.9986098518753854,0.999707134113332,0.9997952042668321,0.9900478503365,0.9989002920471516,0.995133161387066,0.9999751013705882,0.99937442608821,0.9922145118337072,0.9978157297485465,0.9961695652805783,0.9987456497130007,0.9996490179696703,0.9994688395859835,0.9992800198182572,0.998229765708058,0.9972384178221053,0.9974323887177989,0.9861150100430367,0.9978751772567866,0.9987075124272042,0.9995014586596793,0.9982107246012808,0.9918323999236364,0.9986717949710529,0.9980951316899895,0.9995289657009289,0.999630355335914,0.9991367281660984,0.999667861266261,0.9988892011444406,0.9998873083823971,0.9887584697179157,0.9988503929203542,0.9855058776203511,0.994132643216303,0.9992107082074185
0.425,0.9968329747313366,0.9192496077890209,0.999970471301457,0.0031670252686634925,0.9994212570885515,0.9925633374231018,0.9995818743806691,0.9996748245068401,0.9956506559920113,0.9967162560882233,0.9996309867467921,0.9999035960494328,0.996711140982239,0.9998398456699191,0.999606927426472,0.9991708774330835,0.9955109915889736,0.9879560184390294,0.9992947247257796,0.9996840874857384,0.9984584123989881,0.9999352614477802,0.9980571331667765,0.9992490409276015,0.9998066681531063,0.9988846265793079,0.9945205364021762,0.998374945560029,0.9987034855177123,0.9993769227737963,0.9979806839984223,0.9972050454573497,0.9981767883389993,0.9995039934253263,0.9864843962564913,0.9996166259968047,0.9994751276975123,0.9995122142500932,0.9984065290302946,0.9715198063715956,0.9976953152074004,0.999334906975375,0.9983430863249495,0.9999613885686168,0.9883556488885222,0.9989958146468056,0.9995535351000931,0.9982416211470176,0.99555968091201,0.9998388161786097,0.9991625919926949,0.9974190906579263,0.9967989575956316,0.998432554173002,0.9999537823461296,0.9995603309685246,0.9967183089895851,0.9995529701085274,0.9995990945492849,0.9992521983501933,0.9990526486985128,0.999741923159496,0.9988825453953121,0.9984682196663426,0.9991242665419909,0.9972406229282755,0.9979770686892369,0.9993609347909337,0.9965064549131852,0.9937303174335478,0.9965178287054892,0.9978664564646054,0.9997284587251833,0.9949240304420968,0.99876467995808,0.9995224014159736,0.9995396590809612,0.9982752387875657,0.9993795663301749,0.9989111635233826,0.9994456222123821,0.9996773310516232,0.9949550488329084,0.9983080885007727,0.9993600374354913,0.9964764902250816,0.9939868386418506,0.9989474042062259,0.9900344633214078,0.9999518491065142,0.9996608644397366,0.9927243191276216,0.9192496077890209,0.999970471301457,0.9973441312444404,0.9987961710894706,0.9997653481278167,0.9998001445790111,0.9902559281168412,0.9987003647003535,0.9951801442852807,0.9999657818088141,0.9994931270876533,0.9932408182147549,0.9971040008396518,0.9967267407977444,0.9989953827569185,0.9995777434567061,0.9996774426416533,0.9992854147078343,0.9982518890506277,0.99753290215782,0.9975566639187103,0.9873809060304343,0.9980097036429503,0.9984529617099979,0.9994650998596601,0.9980503152423185,0.991734570087244,0.9987383111680128,0.9979271903503668,0.999617031233368,0.9997421941706266,0.9993001126777566,0.9996474897490373,0.9988505718466099,0.9999611978933493,0.9903766480203312,0.9989028179241018,0.9857703958058189,0.9937185368041385,0.9989663105124873
0.43,0.9969101063773339,0.9184827077262654,0.9999752910894399,0.0030898936226661255,0.9993213345255667,0.9938734191001143,0.9995897186285315,0.9995640653595088,0.9962781241977005,0.9962886641371078,0.9997911343333438,0.9999500316411708,0.9971419159126299,0.9999192772371186,0.9995445541000669,0.9991685233805205,0.994789583198133,0.9897588600146717,0.9995564418521854,0.99977890396952,0.9985761897935145,0.9998855620259617,0.998491522486165,0.9994357368278618,0.9998631025393068,0.999126474411284,0.9950342948914556,0.9986977376117454,0.998934038480232,0.9992828624625326,0.9984159798399183,0.9977532970360764,0.9980938418792772,0.9994530489741592,0.9894688283101253,0.9997106852263065,0.9993880483685785,0.9995035245289237,0.9978269768567797,0.9698078841675567,0.9978784989491878,0.9994759483304932,0.9981792175798342,0.9999636992390322,0.9897751446717539,0.998937596767195,0.9994345323192081,0.9978906001165709,0.9946993090118371,0.9998023950643063,0.9992283805411124,0.996897843469209,0.9974576906120487,0.9985393484287491,0.9999475921618356,0.9994951872964949,0.9973991989007464,0.9996087417557055,0.9995188775996425,0.9992010618582275,0.9990848448528874,0.9996715744767564,0.9988987679486895,0.9987145381341731,0.9992805242618686,0.9976990361522686,0.99827862626726,0.9992686534668551,0.9967514890463045,0.9949489976770245,0.9968269841168961,0.9983438925036617,0.9997514630399975,0.9957205514386025,0.9983670822057792,0.9995330180151549,0.9994983944423242,0.9984359288316439,0.9996144586926403,0.9988793716934201,0.9994633375736206,0.9995747825546929,0.9963209455584048,0.9981024614038125,0.9991465033797666,0.9963275948397574,0.9934063070208179,0.9986282880102165,0.9882173724050062,0.9999752910894399,0.999642140297214,0.9917749740606708,0.9184827077262654,0.9999682210302802,0.996796235356303,0.9991605621554135,0.9996740408591458,0.9998770854521074,0.9897983674041841,0.9987551824196154,0.9953598761517818,0.999958733807674,0.999618015693562,0.994679908307146,0.9973623750884879,0.9957811574371123,0.9986724148335192,0.9997369628544435,0.9995953220970474,0.9991270763397408,0.9986869572243444,0.9969837070800275,0.9978112836242001,0.9865612141405165,0.9973568463214633,0.9982119802376501,0.9994486075669233,0.9982068167643428,0.9937998132258123,0.9988261691079079,0.9983721020894285,0.9995006724043116,0.9997058048430515,0.9990376956535468,0.9997533682116467,0.9986850287932084,0.9999497053451281,0.9919815909466778,0.9989695776184583,0.9866743111850069,0.9919620413820304,0.9990608290827535
0.435,0.9971440441264336,0.9374014422040132,0.9999924012404765,0.0028559558735665428,0.9994634061396329,0.9944921453024118,0.999662326987219,0.9995243901775047,0.9969521479576119,0.9966436534945636,0.9998942017681641,0.9999758996700824,0.9976555282790541,0.9999328193686263,0.9994869766849217,0.9991361176137425,0.9932366718417651,0.9890152113159401,0.9995745036031248,0.999735998088462,0.9989668367481156,0.999864995191817,0.9985910237731356,0.9995441971282838,0.999904934957811,0.9989959487775711,0.9938012284048918,0.9983804670243716,0.9991403707443863,0.9993838884588386,0.9979296504078929,0.9982947901301209,0.997693311980601,0.9993627414472925,0.9860354113096629,0.9996672153800648,0.999375198186851,0.9994525731329638,0.9978027496758987,0.9767153009209754,0.998402492150514,0.9995501803633277,0.9983334944473345,0.9999924012404765,0.9911929291601952,0.9989671702302204,0.9994020667702777,0.997546891383729,0.9954916977835508,0.9998655728274668,0.9990658558667401,0.9976589431457512,0.9973955367425897,0.9988354300641549,0.9999417314072729,0.9994237734435093,0.9971882300365218,0.9997260637764814,0.9993651334582103,0.9989868367166769,0.9990339999782287,0.9997391253398283,0.9988702331297519,0.9985112896517596,0.999204767453157,0.9981959744275156,0.9985503613406211,0.9990598105597431,0.9970885647855193,0.9946299264559587,0.9976772524390262,0.9979149086712416,0.999833598522685,0.9956302741655878,0.9982712723514106,0.9996582946894254,0.9994120745255111,0.9988298240456169,0.99958023117738,0.9991871752789695,0.9993047977235592,0.9995511439324646,0.9960359302324695,0.9985147443621194,0.9990693312298872,0.9972527390605014,0.9944300250508536,0.9985123322805775,0.9910214489347092,0.9999683796120102,0.9997364007588495,0.9907012022492023,0.9374014422040132,0.9999490609170968,0.9967153595751282,0.9991428965182267,0.9997760367831586,0.9998507031115705,0.9898215966101601,0.998543857831248,0.996620991124865,0.9999660994817002,0.9995582905078773,0.9951080680915485,0.9965686010998765,0.9951232468182959,0.9984995152021261,0.9996735717410525,0.9995809390538408,0.9993131507231812,0.9987228261234884,0.9964522870677235,0.9976796119952849,0.9878168776922036,0.9975430214172458,0.9983688375039625,0.99940824146519,0.9978696824629183,0.993748684706819,0.9991539791185432,0.9986312683316266,0.9995693638409805,0.9996159107054436,0.9989263829841317,0.9998279348396589,0.9990839284414671,0.9999340758945889,0.9932702020410723,0.9987128956983747,0.9870352880401848,0.9904757972572712,0.9987824256548202
0.44,0.9972397523209867,0.9385871631109907,0.9999682248372197,0.002760247679013729,0.9994447438093951,0.9937594473489912,0.9997413740927488,0.9995850271066125,0.9975177747744092,0.9970905014332362,0.9998805588024755,0.9999493817415566,0.9973517721114942,0.9999266917734134,0.9994228959099064,0.9994328576176594,0.9943651088506774,0.9875472769359513,0.9995035221584272,0.9996861768409566,0.9989743665684648,0.999805691014003,0.9983383330613114,0.9996835585967547,0.9999430282105144,0.9992297019062211,0.9946760001453676,0.9986812032648367,0.9993492692157808,0.9995273577701388,0.9981712184963224,0.9981731118564913,0.9982721994357603,0.9992159086648906,0.9854532796977107,0.9997392460457396,0.9991945954427306,0.9994332057054559,0.9983643210201569,0.9772942917320596,0.9985588749952968,0.9993916262090802,0.9982023321989207,0.9999682248372197,0.9926823895837503,0.9993085685693777,0.9994428421238358,0.9974650785428811,0.9962493370030852,0.9998341614731652,0.9992742428246446,0.9982721746269465,0.9973874768760616,0.9986685605902873,0.9998930028333072,0.999380128234816,0.9967820205965434,0.9998041918222615,0.9993569802246106,0.9991760935415674,0.9989970974318775,0.9996724288973462,0.9989164197661271,0.9983197941242731,0.9991306363239102,0.9979758404770646,0.998178309222726,0.9990203158974488,0.9966286829890287,0.9957637031384907,0.9974587806425586,0.998450245188729,0.9997979491472615,0.994421912097946,0.9977312974213379,0.9995624601040347,0.9994210328034921,0.9989607576332536,0.9995000393460085,0.999245995587211,0.9991040062861992,0.9994810219017992,0.9949074890051327,0.9987444455547931,0.998771462956661,0.9975191214260336,0.9957274789150112,0.9986235760747856,0.988939131411961,0.9999546265172137,0.9997507777920954,0.9898546486523534,0.9385871631109907,0.9999516838339186,0.9961068556888911,0.9994361380016844,0.9998702627539823,0.9998188712329233,0.9923767869564026,0.9987351691811892,0.9964810524526428,0.9999673665351261,0.9994911881661016,0.9955908846736468,0.997172511650635,0.9959397340341113,0.9983426897514539,0.9996453614372551,0.9994734932646268,0.9992339236448339,0.9987794059797627,0.9973057871387401,0.9975100764615266,0.9871479439621269,0.997378024482883,0.9980337294115331,0.9993183209876383,0.9978922387306137,0.9953736611598393,0.9991285599951821,0.9988851418546344,0.9994609807203999,0.9995493856207472,0.9988299424256599,0.9998178779259674,0.9990075640634647,0.9999144236734785,0.994056025466372,0.9985717264593906,0.9899233461803124,0.9922840935021046,0.9989441129130042
0.445,0.9973538201781075,0.9395378761083594,0.9999662327038874,0.002646179821892777,0.9993195048332971,0.9947977730770888,0.999730063683355,0.9995975670996072,0.9979879190054299,0.997154640871165,0.9998716712060712,0.9999122686934903,0.9978481140016912,0.9999386449635501,0.999360331901565,0.9993924316271687,0.9935956818372542,0.9886513181476551,0.9995098300056685,0.9996679429527044,0.9990922169362855,0.9997711335608114,0.9987661707508655,0.9995936234943191,0.9999579247633086,0.9992745457505546,0.9935621270215111,0.9989979631175909,0.9991258546931607,0.9994435413566845,0.9979497397171486,0.9983619053384565,0.9980484658519815,0.9994136343439883,0.9888540122117534,0.9997007435593588,0.9994766829528957,0.9993766341078397,0.9983910959224328,0.9787306897163126,0.9987086761660674,0.9995627185241074,0.9984270629056752,0.9999662327038874,0.9911793615058166,0.9993634662733791,0.9996457957584108,0.9969759068834111,0.996980996734341,0.9998811899803326,0.9993163683754276,0.9984757857138704,0.997971416349871,0.9983259672870188,0.999951950597748,0.9993180179216621,0.997330839727025,0.9998501881809571,0.9995655938704638,0.9993843763648576,0.9989963073686321,0.9997453991467348,0.9992983349808056,0.9982391921489484,0.9988720604006429,0.9983210619182423,0.9984876868747837,0.9990230873494675,0.9962483297454346,0.9955100803323644,0.997406138608314,0.9981564594868431,0.9997590273394573,0.993416518740021,0.9976766691857097,0.9994899235291942,0.9992386456313488,0.998985299838462,0.9996985446784393,0.9994878498705831,0.9993915503990977,0.999522254358054,0.9945886551927272,0.9988357096931636,0.9989946177202436,0.9975209270159507,0.996338822492042,0.998217137002468,0.9901106586220441,0.9999425783231981,0.999682659875667,0.991851349411209,0.9395378761083594,0.9999607228577283,0.9968214446976814,0.9994031757613612,0.9999405971612483,0.9998150463060452,0.9925187435615637,0.9988328159335014,0.997489535380322,0.9999550371712028,0.9995468012283121,0.9950495919284162,0.9976695357908304,0.9967935109496506,0.9987737796572947,0.9995502603554626,0.9993706437354298,0.9990769989256667,0.9991035155615852,0.9980024315535547,0.9977565694921545,0.9862713701390103,0.9972463913997741,0.9981926425884383,0.9992928827608086,0.9979534366299224,0.9965855445362911,0.9990400593271512,0.9988708670232384,0.9995696415371196,0.9996817570473128,0.9984879372907125,0.9997937697556644,0.9989697465193494,0.9998967588603063,0.9948740610209702,0.9983658168193809,0.9896588102057305,0.9908836335489231,0.9992253634916037
0.45,0.9974072969130864,0.9428447087716327,0.9999940534752186,0.002592703086913721,0.9992079388909956,0.9941084368349261,0.9997013765559163,0.9995549651342969,0.9983765475987686,0.9968286348247849,0.9998443293885941,0.9998939543911939,0.9981070584979529,0.9999323912608502,0.9993067189990941,0.9996169849884471,0.9948390763596683,0.9875486122163941,0.9997132520082765,0.9997757735508193,0.9988866623829334,0.9998763031746942,0.998612488873362,0.999536730718675,0.9999293900292037,0.9994466303262785,0.9947447284570158,0.9992487136949738,0.9993680259310121,0.9993493748673912,0.9981108093240944,0.9988178375382843,0.9985563332666606,0.9995836677491151,0.9914644771551671,0.9997045473220177,0.9994571122391473,0.9995874320148818,0.9983615862753225,0.9776090274847662,0.998523930305644,0.9995919074435449,0.9987172872472954,0.9999940534752186,0.9897368618348399,0.9993241089477892,0.9997790262070126,0.9972197707521444,0.9972844835776392,0.9999055537548898,0.9992395170632099,0.9981897334249673,0.9974881791391819,0.9986596111801449,0.9999530353329062,0.999226120283368,0.9978977165431282,0.9998777361908934,0.999530508132843,0.9993988406317896,0.9990543562460227,0.9997053749455685,0.9995733889738584,0.9982815057682229,0.9988633625906683,0.998172143803843,0.998697078925907,0.9990679897285719,0.9971866856658548,0.9958610340061649,0.9973996492509007,0.9982083925078946,0.999695047489343,0.9946201330247196,0.997682857162912,0.9993509663385128,0.9991968664980857,0.9990319120851797,0.9996679812216062,0.9994943353536438,0.9993565857906686,0.9994959771359233,0.9930300404676247,0.9991350386701789,0.9988692111021623,0.9976102577689343,0.9956895708519147,0.9980399653569323,0.990985633831926,0.9999647216041015,0.9997646074570957,0.9894270332829576,0.9428447087716327,0.9999561096895084,0.99624326291493,0.9993628826486318,0.9999522032488106,0.9998932587996608,0.9900897586728333,0.9991646124486888,0.997162396325033,0.9999569447601939,0.9996121875735369,0.9955533902286917,0.9973837953099398,0.9975621351620756,0.9986531398261284,0.999587811706863,0.9996172107355278,0.9992824508169417,0.9991462487551435,0.9981559175488031,0.9982126546006376,0.9870616993129128,0.9973966603075439,0.9986744648632718,0.9992721231200862,0.9977108886621945,0.996669596324497,0.9989433469001394,0.9988777227101175,0.9996243478955905,0.9996174805344774,0.9984183357380045,0.9997672074753335,0.9989742028013046,0.9999009083583674,0.9942351259380711,0.9979297921626566,0.9893599083576603,0.9925305323667339,0.9994509637995416
0.455,0.9975296507141277,0.955496561954199,0.9999938879125138,0.002470349285872418,0.9990169509352248,0.9950865603293437,0.999695407717688,0.9993962147465401,0.9982910189426158,0.9975752288110556,0.9999249631686139,0.9998973137566641,0.998477883278464,0.9999733887013953,0.9993777870292178,0.9995754155248875,0.9931626006994925,0.98912512026793,0.9996594945816526,0.9997408047816508,0.9987240873187333,0.9999396162911804,0.9983991859071876,0.9994813643260723,0.9999599194324316,0.9994520549419935,0.9958725290898044,0.9992948740646412,0.9994017760541064,0.999374920010114,0.9979344507311393,0.9987811534708038,0.9984766993241374,0.9995316030715562,0.9916035032607102,0.9996333924518201,0.9994743016028745,0.9995002226237742,0.9978272391155506,0.9789924040775303,0.9986911773879076,0.9995267864254802,0.9989208859992255,0.9999938879125138,0.9913533940014649,0.9992938404631462,0.9997207500042486,0.9979216963094035,0.9969136412418583,0.9998736009838104,0.9993748546596908,0.9981513021101813,0.9972335552251326,0.9989255411453856,0.9999810141181807,0.9992217759008082,0.9984318142381748,0.9999046411097634,0.9993997671219422,0.9992440762123715,0.9990348194469166,0.9996634924950522,0.9997580057920332,0.9980986594943176,0.998797396901969,0.9982335842699882,0.9989431645575119,0.9993280029972631,0.9964842247413856,0.9967501627025294,0.9981646226072916,0.9986941136007021,0.9997657507526447,0.9947271846202461,0.9970338719413752,0.999260976727131,0.9991759575391872,0.9992954209163651,0.9996409438325833,0.9994249663497411,0.9993261032895134,0.9996871033542795,0.9934065016197126,0.9990311725399778,0.9991208280567918,0.9982532626264512,0.9944632416838093,0.997920636892163,0.9920300145264996,0.9999548527423451,0.9998159266799823,0.9883185687317653,0.955496561954199,0.9999689052333661,0.9970332279531261,0.9991794932787726,0.999913396775652,0.9998815403049932,0.9868814549883526,0.9990074221941386,0.9969462621023815,0.9999355792573319,0.9996962737978895,0.9950127742925297,0.9978474737204706,0.9975859123478109,0.9990378958033936,0.9995764666816701,0.9995862926539907,0.999198150876891,0.999193508445232,0.9978585760019115,0.9980709273374562,0.9882405386091697,0.9965451845017897,0.9984298991196052,0.999153370394729,0.9978390155730025,0.9965442935890642,0.998834968361531,0.9987848204928931,0.9996697163148598,0.9996084802483653,0.9980214188136259,0.9997254670638938,0.998720112718945,0.9998764728025821,0.9925875896241149,0.9984045960791073,0.98934273918791,0.9938716215268185,0.999373902345951
0.46,0.9975854223646038,0.9592719432865539,0.9999936014963006,0.0024145776353963213,0.9992705931537844,0.9960516921655436,0.9996230467332046,0.9994289200973965,0.9982519194629622,0.9969136817574654,0.9999155155081912,0.9998947653910166,0.9986552011150902,0.9999680385193523,0.99955974384561,0.9995797195824792,0.9928615038040411,0.9857773172682109,0.9996187438652666,0.9996869205816579,0.9990624755035683,0.9998906589009526,0.9984576232831099,0.9994162545724247,0.999976306379659,0.999588809991544,0.995170493955716,0.9994536745127583,0.9991862738123322,0.9994803893941814,0.9982916390357499,0.9987801117266192,0.9984667223649903,0.9994480523209361,0.9920286842133538,0.999588901677732,0.9996730396828883,0.9994856089789714,0.9984581093610303,0.9784995203467385,0.9990414297659487,0.9995946170310213,0.998999905597453,0.9999936014963006,0.9902396243811689,0.999259797523188,0.9997547660224282,0.9984763908286907,0.9965940773592606,0.9998650358749539,0.9992562155774184,0.9984121874629254,0.9968824077722298,0.9987987776976374,0.9999507172779087,0.9990102696717158,0.9981935974574968,0.9998834824271068,0.9992523178107898,0.9994483994618678,0.999149201549281,0.9996914201003446,0.9997375801649944,0.9979520093291864,0.9990093348313159,0.9985414418869827,0.9988172172872809,0.9992504973634836,0.9956637560111417,0.9965460166845695,0.9987227212058606,0.9987031711442376,0.9997041322367769,0.994466876760654,0.9962503953141706,0.9994285038904656,0.9991982913951457,0.9992904188456361,0.9995917770698959,0.9992183766675332,0.9992802979633345,0.9998211629947811,0.9932162533052002,0.998922147703552,0.9992856427781602,0.9981953664253489,0.9957272103701371,0.9980373750480022,0.9930706505161305,0.9999793679499943,0.9998773672614047,0.9899228326343045,0.9592719432865539,0.9999667680436287,0.996970461629707,0.9992425715579006,0.9999701170650099,0.9998744740274426,0.9900282021390655,0.9988561781199332,0.9969597116265436,0.9999419147841823,0.9996671553904678,0.9943294789550976,0.9976377383086621,0.9976847884575426,0.99910869152001,0.9996043437660642,0.9995504435438284,0.9993795225312332,0.9991045196133567,0.9978369885629889,0.9982735351319554,0.9893284541921405,0.996396020692714,0.9985930483042667,0.9990610866164531,0.9976976588749555,0.9964960678760177,0.998711896246877,0.9989651233589806,0.9996355063899526,0.9996031068822647,0.997784496809364,0.9996947167367616,0.9987768058917983,0.9999514067512258,0.9918133602054288,0.9985272111558265,0.9895758918528361,0.9949195444797346,0.9995060052371524
0.465,0.9975925857704493,0.9591358411613654,0.9999939707362598,0.00240741422955074,0.9991579087085144,0.9963931547703189,0.9996744128695285,0.9992224895032192,0.9982559236929531,0.9976254915792924,0.9999061254829404,0.9998919348198425,0.9989274033438058,0.9999653366545009,0.999526937778573,0.9995811015119191,0.9921010464585605,0.9874710349211456,0.9995696963362264,0.9997589253101301,0.9993288379251271,0.999869818745357,0.9988456687406694,0.9992346221720281,0.9999699512707853,0.9994671688123791,0.9956124843564039,0.9993584036197064,0.9990908887324278,0.9996136629901381,0.9982020148267111,0.9984363401146956,0.9985261060801304,0.9993660223288189,0.9926752748904158,0.9995171339858873,0.9998098636362082,0.9993934150332181,0.998586486060269,0.9773776075769369,0.9993302099082777,0.9996285725999656,0.9990965010043604,0.9999939707362598,0.9919010751805682,0.9995009507493702,0.9997825760205866,0.9984544789106808,0.9960231552587527,0.9999123886683172,0.999138304354434,0.9984731310772759,0.9973903808438624,0.998434525496939,0.9999513041427186,0.9993139123833806,0.9986561790877142,0.9998762565600261,0.9991045294711887,0.9994962465254583,0.9993530599672711,0.9996209930740932,0.9997001348425395,0.9972860980856089,0.9990210610067616,0.9984280370864975,0.9985394018854247,0.9992529808894934,0.9950831272861523,0.995408035904549,0.9986656657269364,0.999072701877758,0.9996571197487016,0.9928260275963445,0.9968551579660004,0.9995568756452621,0.9992325555283207,0.999381721188108,0.9995966488723699,0.999106167652121,0.9995486781422905,0.9997745937642164,0.9933758809210241,0.9990313966729034,0.999331001432719,0.9977457507582149,0.9958765657097827,0.9981953077237773,0.9920288421180613,0.9999916285320897,0.9998506279995414,0.9918977388506429,0.9591358411613654,0.9999641082662332,0.996575324606829,0.9993060966585726,0.9999498060750615,0.9998642247394647,0.9899668988351817,0.9992204215833884,0.9969055571716109,0.9999091883948981,0.9997606912726632,0.9928201161221346,0.9981296376495519,0.9971306694983099,0.9988588111582716,0.9997118123056911,0.9994994073254998,0.9993176545270802,0.9993752655958754,0.997522480704831,0.998130456282286,0.9907647163862668,0.9972838880207462,0.9986567376720317,0.9990505090175359,0.9983146652958808,0.995471851091069,0.9983015196241866,0.99869112325767,0.9997087655588167,0.9995463854138991,0.9972387278446208,0.9996508591621869,0.9984975592027802,0.999940493310279,0.9927757827273742,0.9983002862987179,0.9896905162339164,0.9941965255532842,0.9996546679359443
0.47000000000000003,0.9976083493185326,0.9596128392558715,0.9999903164371928,0.002391650681467749,0.9993212517007328,0.9971706397062107,0.9996137352977691,0.9989468205886661,0.9982333589697244,0.9976417048938462,0.9999591928590661,0.999892212007103,0.9988111487526576,0.9999839713149462,0.999566020582699,0.9995154759349656,0.9937984936508324,0.9894610215801254,0.9995230464577944,0.9998231845964564,0.9994369586124963,0.9999007674705259,0.9991783382662818,0.999241663111104,0.9999903164371928,0.999386771111345,0.996069828943013,0.9991905492061439,0.9990227163163274,0.9995434335012856,0.9985478830904904,0.9981701073213636,0.9980349074107425,0.9995610333244451,0.9925851295102854,0.9994575871031928,0.999896677000269,0.9993623887587111,0.9986122717740047,0.9781776373268175,0.9993483092041404,0.9997446912542116,0.9992292132854372,0.9999694860274045,0.990879388462945,0.999438250737268,0.9998722717718864,0.9985264317800433,0.9957450422238374,0.9998954303948242,0.9993092347956594,0.9988299721349639,0.9972459775079909,0.9985620132273708,0.9999694915742969,0.9992801912497637,0.9987043292496217,0.9998537060608181,0.9994084646191522,0.9995506787145824,0.9994666986852637,0.9996731076366907,0.9998440343159258,0.9979458867854324,0.9987301540068652,0.9979357558062425,0.9982447363510032,0.9991747743780223,0.994593000475568,0.9964723971833117,0.9985184666460133,0.999133234946052,0.9995877010476076,0.9930615827490956,0.9973784679558061,0.9996495503073978,0.9991081099162057,0.9993856988397906,0.9995907249966487,0.9991301082277267,0.9995022149187813,0.9997371048190912,0.9916697904445427,0.9992251415815037,0.9994848094561308,0.9973204562773694,0.9969223290701121,0.998594006881479,0.9900412727857326,0.9999898668873105,0.9998232943796893,0.9911645188675463,0.9596128392558715,0.9999604750901783,0.9956858670228177,0.999555724943506,0.9999380322975234,0.9999281515757514,0.9899368566019515,0.9994975017752625,0.9970493607874665,0.9999033273161269,0.999723599910991,0.991893123791623,0.9979862876618819,0.9973562199864688,0.9987559199959477,0.9997457868757688,0.9994184134192576,0.9994343814876582,0.9994457552647281,0.9980988496090452,0.9982847571098521,0.9923864335976046,0.9964198144020828,0.9990465217280511,0.9990293280213518,0.9982961518279135,0.9952360344791555,0.9977675580089864,0.998365510562345,0.9997900930513955,0.9995949485696302,0.9969777002780953,0.999654720759519,0.9981707303865818,0.9999862865502438,0.9938627867769004,0.9984868971991628,0.9863894199815377,0.9953451674731782,0.9997615609469039
0.47500000000000003,0.997661721821154,0.9683206659270825,0.9999940042907104,0.0023382781788462074,0.9995105023828444,0.9968908402204915,0.9995225139480484,0.9990412681135016,0.9985796805136349,0.9970508177253656,0.9999566364136037,0.9998714136452486,0.998980087406718,0.9999822530916892,0.9995200763773878,0.9994924935551646,0.9951433404695952,0.9884931678956511,0.9994616588614883,0.9997984282863414,0.9993829989159334,0.999882888986027,0.9990780197989931,0.9991624407689315,0.9999892878104362,0.9994126753327212,0.9954920078198792,0.9993647419244441,0.9989912579070778,0.9996600678613224,0.9984574659603921,0.9983704601492771,0.9982034307751008,0.9994779583627952,0.9934020729091908,0.9993333419042555,0.9998754060559837,0.9992824605610372,0.9987410186567749,0.9711515860216564,0.9991914794246975,0.9997560267885787,0.9991191414298837,0.999964140787262,0.9886666742878462,0.9994188147882346,0.9998409789023319,0.9982670691285211,0.9961071028478892,0.999920284058154,0.9992534626461086,0.9987807736526749,0.9977607965073549,0.9988432820841736,0.999974991288391,0.9995252570114881,0.9986165724764958,0.9998120737356996,0.9992823576349429,0.9994881798709354,0.9992978145323157,0.9996995456066546,0.9998526150357974,0.9972777245384761,0.9983665987460211,0.9978657811685906,0.9985951348245771,0.9990998182538213,0.9942979141962835,0.9972910570924512,0.998448267521548,0.9990601712636781,0.9996921999917938,0.9943385792963332,0.9974921172292588,0.9997622116618268,0.9993724686898227,0.9993227555866471,0.9996071189525377,0.9991069547547589,0.999465113445805,0.999695048976564,0.9921996845934107,0.9990730955434947,0.9994140938738628,0.9974093638951753,0.997310085617177,0.9986943762438112,0.9920090657546867,0.9999940042907104,0.9998401945806188,0.9884177442560141,0.9683206659270825,0.9999552587046796,0.9954044128351416,0.9994134219856485,0.9999788382600727,0.9999125611381954,0.9924514952772835,0.9994563885653622,0.9971849843240493,0.9999242593388277,0.9998045292310448,0.9931908235292943,0.9981201826184277,0.9976717881447792,0.9983973299927826,0.9996689504370573,0.9996439290446163,0.9993192397795825,0.9994698494009104,0.9976759880101177,0.9981804981527744,0.9918322195265508,0.9966855802910676,0.998897426381232,0.9989139795632126,0.9979600485154013,0.9964862530134927,0.9978804836484009,0.9979921604347032,0.9998652326462282,0.999601781192764,0.9965913428145546,0.9996734496594206,0.997792766181595,0.9999849236999784,0.994722360340291,0.9983292969960538,0.9872618641757335,0.9962815288589845,0.9998373537150986
0.48,0.9976248115552206,0.9663334770806392,0.9999900645734836,0.0023751884447794636,0.9995895206065599,0.9966781947145738,0.9994157603012197,0.9987141415572185,0.9989335704296305,0.9963659041630317,0.9999456542586526,0.9998728757625547,0.9987329589699311,0.9999875393630572,0.9994712686464419,0.9996927196352725,0.9951558411041496,0.9854602079169197,0.9994118297910689,0.9997677161985057,0.9994739634265376,0.9999057800249395,0.9988461477831905,0.9988968724133608,0.9999877280923195,0.999536288112716,0.9964348973756826,0.9992829204743198,0.9992786536330555,0.9997137583771544,0.9984066627892446,0.9983520171771506,0.9980865041066699,0.9996074692085571,0.9934702942517035,0.9993166404891133,0.9999294903336718,0.9992344437596294,0.9987189548598369,0.9706219507885692,0.9991089572639116,0.9997329213828092,0.9992898409704101,0.9999555544028518,0.9899681753293562,0.9993702175745391,0.999902080918474,0.9983486600086178,0.9955753902174076,0.9998915288334905,0.9994131910445092,0.998734669317573,0.9974136901179077,0.9991366512183721,0.9999738232002733,0.9994749757935851,0.9986555807392853,0.9998006541911434,0.999208908261684,0.999622429951343,0.9992144487573783,0.999636991086717,0.9999333229510741,0.9979389890794322,0.9986710935086681,0.9976570103708271,0.9982220722143872,0.9990340046191744,0.9950228114853198,0.9963943355125052,0.9985446953703173,0.9993346119955542,0.9996446124948002,0.9927488729425065,0.9968357662918037,0.999726587019455,0.9991703913280656,0.999252898218891,0.9997627513623127,0.9991153646760678,0.99934980260534,0.9996672079246397,0.991570924137686,0.999283664970615,0.9994995391116657,0.9981226654671443,0.9968188254506547,0.9989801796304857,0.9930677938812932,0.9999900645734836,0.9998714616701024,0.9849199816460248,0.9663334770806392,0.999939654884991,0.9961087985935294,0.9994077070196655,0.9999889418023652,0.9999142659615349,0.9943464233761978,0.9993697737951656,0.9978200270144968,0.9999008089846575,0.9997067881193475,0.9943443226047622,0.9985137606448458,0.9971499589599644,0.9983316006047245,0.9997535357811349,0.9995945637834165,0.9993630965173992,0.9995642767327619,0.997961184647307,0.9983984587318301,0.9924168993030063,0.9968015633527556,0.9987895939832074,0.998933716387622,0.9976228235157522,0.9965840345156841,0.998032487906788,0.997581176873484,0.9998657123019185,0.9995605241245354,0.9956750149194871,0.9996419435616399,0.9976423712992671,0.9999816280567734,0.9955902731180846,0.9984683150265623,0.9873267465876127,0.9959475912034811,0.9998232534016825
0.485,0.9977029293540436,0.9687923827267036,0.9999830098174673,0.002297070645955912,0.9997350224186377,0.9960657842212055,0.999386446222063,0.9988957951175487,0.9992510558876427,0.9956022962328753,0.9999434799575562,0.9999470483758215,0.9988524210494325,0.9999830098174673,0.9993706565331406,0.9996475151540225,0.995844817547023,0.9845457838596126,0.999632876743601,0.9997251621503168,0.9994224496355233,0.999895186412711,0.9991993589532615,0.9990798480036543,0.9999612835521636,0.9996608603826518,0.9960523047845804,0.9994088814371587,0.9992861240162413,0.9996346987772864,0.9985160817722782,0.9981139007502648,0.9982338207361476,0.9995807920716621,0.9936684819337961,0.9994081677472997,0.999918604308669,0.999108975400433,0.9988636416027298,0.9773452710035071,0.9990234206788898,0.9997316277746792,0.999377996826376,0.999941986570888,0.9889761755268531,0.9993250930017611,0.9998789470263049,0.9983091935338376,0.9961698380809977,0.9999330669319649,0.9993441790737655,0.9985220478310811,0.9970843038048427,0.9992470915309882,0.9999676349224633,0.9994198606093054,0.9983027992183111,0.9998372065641005,0.9994965936614241,0.9996362371976657,0.9992550479091256,0.9996849562298876,0.9999179594066645,0.9984399191619263,0.9986183561696582,0.9968782486579558,0.9985499384047991,0.999360563299719,0.9961445197782364,0.9962841599977893,0.9986651370000932,0.9993898480652549,0.9995667000150473,0.9923081251999039,0.9960711457654658,0.9997618773380441,0.9994574445780328,0.9990109086617814,0.9998737489925126,0.9992457672077849,0.9993533545254566,0.9997004539062483,0.992430083663325,0.9991698401899098,0.999438127357175,0.9977179930789101,0.9975993845553204,0.9992039854866092,0.9937781717820082,0.9999742479361607,0.9998495977269357,0.9805441360749804,0.9687923827267036,0.9999634712081613,0.9955491947370303,0.9994186019413325,0.9999787192194347,0.9999582015477141,0.9943140486115289,0.9992777999071665,0.9980530010096718,0.9998654615470435,0.9995677693000701,0.9949963616011612,0.9987102796116111,0.9966949675983363,0.9988285761270952,0.9998128901022648,0.9995673572970319,0.9995000324089106,0.9996664282841601,0.9978837024628437,0.9987538407382652,0.9931933796789402,0.9967023309372162,0.9985562425935879,0.9988488670060179,0.9982579402708328,0.9974597682649795,0.9982094237700518,0.9977554859249184,0.9998446491255519,0.9996992240335872,0.9945505065685307,0.9997696668566951,0.9983047055648647,0.9999807116734426,0.9960577054142742,0.9986990867472091,0.9877454100733153,0.9958102473537342,0.9998195644131476
0.49,0.9976881917618388,0.9700256415321691,0.9999875261045278,0.002311808238160934,0.9997626438874893,0.9965676709579459,0.9994021270464438,0.9988290057353729,0.9995078364812774,0.9964915736888644,0.9999299968526066,0.9999843733079081,0.9986188753347577,0.9999875261045278,0.9992970470998992,0.9995819269245826,0.9966191564031499,0.984133324075477,0.9995727674646748,0.9997236096003022,0.9993510134628497,0.9999012429007543,0.9990447651271679,0.9992581145434845,0.999978265729287,0.9997670757020627,0.9970026267893319,0.9995076332443601,0.9992798019935876,0.9995799106405407,0.9985654882182564,0.9985674050081846,0.9986248883614597,0.9995190071121751,0.9921940600936381,0.9992453738720248,0.9999072658641451,0.999038754971432,0.999005930141793,0.9700256415321691,0.9987741877544118,0.999720160132353,0.9993071120739633,0.9999228091520029,0.988215099566955,0.9995816233527691,0.9999077561244968,0.9987670480987566,0.9968414373142319,0.9999443412348328,0.999413364744015,0.9983125389331478,0.9977585017473009,0.9993429182349299,0.999957608953347,0.9996225282755622,0.9979023803828179,0.9998228050481951,0.999484461990213,0.9997395723651584,0.9994049086090162,0.9996222525721948,0.9999034293594925,0.9983668696401391,0.9984571563994303,0.9966287788010685,0.9989000616732877,0.9992954159763608,0.9966730823825088,0.9965359178531665,0.9990511970558774,0.9993549281810946,0.9996767569805254,0.9911613632810017,0.9966863513604544,0.9997445777095957,0.9993625347405342,0.9991162332407144,0.9999423997809791,0.9989741309833153,0.999330054895389,0.9998234254328747,0.9928842248470029,0.9993972798153045,0.999241938445836,0.9983796134953355,0.9974652182446444,0.9991354466336886,0.9946258526066852,0.9999788115716222,0.9998055559317702,0.9789600352111443,0.9721632147812971,0.9999493594303864,0.9956242408771254,0.9993127309164215,0.999983427632548,0.999938727844401,0.9926056279125405,0.9995305214933405,0.9973972549276652,0.999818882420022,0.9993737540854233,0.9943603243367438,0.9989574868867495,0.9971001580775878,0.9991849063385052,0.9998549705229554,0.9994868748070163,0.9993523736684327,0.99959584426805,0.9981382457456209,0.9983619294878229,0.9924542485077931,0.9966470399190767,0.9986640236242558,0.9987683810501681,0.9987474605654586,0.9966658396091224,0.998596989158198,0.9975588204038813,0.9998479816538743,0.9998012223245286,0.9949580231851517,0.999722987841314,0.9984026887078238,0.9999744511218541,0.9957091080633116,0.998822384909561,0.9884563112835797,0.9967730232755498,0.9998289183847437
0.495,0.9977534820337562,0.9639591757713258,0.9999924789630867,0.002246517966243266,0.9998663188581234,0.9956123232228536,0.9994709942088792,0.9984366004937554,0.9993288323571512,0.9972417612626023,0.9999146086428288,0.9999803787141083,0.998230658069706,0.9999792892015027,0.9992227091038415,0.9997507816799229,0.9967560837678089,0.9842807840255369,0.9995058110737142,0.9996921206133204,0.999555170380808,0.9998827794087829,0.9993546398027936,0.9994572782810661,0.9999732762302784,0.9998441324616287,0.9972978319226268,0.9996367053812559,0.9992867725813988,0.9994594489048156,0.9988644626771637,0.9981205964623034,0.9985360756577585,0.9994619463804137,0.9939670249091578,0.9995073669715037,0.9999023290167349,0.9988715944974424,0.9990112123254735,0.9768959012298492,0.9988446870146933,0.9996717397199715,0.9992112618305012,0.9998984448720666,0.9858741239245816,0.9995823999305453,0.9999231163233115,0.9987486450288421,0.9972525652805246,0.9999420712439375,0.9993737616228862,0.9986694763251863,0.9982821867453817,0.9993779485370581,0.9999391548055048,0.9995879445485345,0.9980978879732175,0.999804638865786,0.999506420666634,0.9998038049075956,0.9992031001704428,0.9995532000088558,0.9999125686479096,0.9987991374987917,0.9984044021019137,0.9971001541485013,0.99863004832935,0.9995511194630797,0.997192821437148,0.9973419334862649,0.9989638635650762,0.9994257026656852,0.9996232415322454,0.9909769488241462,0.995879707800133,0.99973898647581,0.9994045382733948,0.9990440029605122,0.9999774288205033,0.9990190508499508,0.9993383056550201,0.999770123860887,0.9937093116730591,0.9994731507897536,0.9993551957911286,0.9980352513871386,0.9968102343985275,0.9993487484351388,0.9952574840047991,0.9999864001498954,0.9997549514635191,0.9834987720596906,0.9639591757713258,0.9999750805118461,0.9966348020494772,0.9993320052209539,0.9999924789630867,0.9999398241144162,0.9945225080685283,0.9997133392908,0.997615473784931,0.99982164178022,0.9992890526322497,0.993893501484696,0.9986077531794054,0.996697244945799,0.9991591219601381,0.9998109956057761,0.9996909927703973,0.9994970475143514,0.9997094085692064,0.9979024357087597,0.9986238404917284,0.9936797577300931,0.9964075448290891,0.9984339351261418,0.9986795163134098,0.9985463649068005,0.9969018357509783,0.9988104468932916,0.9979534241545258,0.9998662636037393,0.9997887986758623,0.9938584077937761,0.9996970925309551,0.998509240278558,0.9999741277138774,0.9963033732402761,0.9985404093564063,0.9874771500642109,0.9971503929486274,0.9998511263182072
0.5,0.9978404786081254,0.9712389654494167,0.999993323007927,0.002159521391874273,0.9999383566927514,0.9961942104368733,0.9994477186199321,0.9987140838088641,0.9992995475679102,0.9978524136202555,0.9999012558171894,0.9999839998467195,0.9977991795607194,0.9999808774084713,0.9992101970892772,0.9997139371648316,0.9974734475435594,0.9869619017954175,0.9995555002436742,0.9997543526004469,0.9995020255214807,0.9998885102906356,0.9992762167849971,0.999575130422787,0.9999675711900751,0.9999028603457952,0.9975958309191725,0.9995722801389909,0.9992806362845327,0.9995463014213958,0.9988232376563675,0.99865115814905,0.99864174862641,0.9993804327991131,0.9942823629965624,0.999687315021138,0.9999323935614823,0.9988099090023597,0.9991485614983591,0.9785721312344496,0.9986121732721098,0.9996675297529843,0.9994027280646995,0.9998785984514611,0.982413297531556,0.9995246615176436,0.9998863950979825,0.9987247274292437,0.996992242102757,0.9999439180247526,0.9993556525198494,0.9986282145219009,0.998317571226465,0.9994101460028169,0.9999342940648884,0.9994787053627476,0.9982315564736324,0.9998365395978273,0.9995022935280037,0.9997797911880881,0.9992909537707518,0.9994683793072815,0.9998981535367186,0.9989118347733876,0.9984367061030932,0.9976177643825945,0.9984291642446198,0.9994588653925569,0.997175927579971,0.9974611077386747,0.9992849450121537,0.9994158089774119,0.9995806916518233,0.9912076165144544,0.99631632591214,0.9997015359511301,0.9994555361218075,0.9989768184264758,0.9999704923818905,0.9989697648410478,0.999595032696865,0.9997141866005551,0.9925381251795499,0.9994983984064923,0.9994709993650763,0.998615655836929,0.9961056985368135,0.9992988270299517,0.9942316428922646,0.999993323007927,0.9997902156344547,0.9827954158208032,0.9712389654494167,0.9999813596440701,0.9971160187952456,0.9995726040390265,0.9999865061577323,0.9999149119878894,0.9959560300512806,0.9997041851266075,0.9968428322560747,0.9998424493263376,0.9992043562723598,0.9919894217260938,0.998511257142407,0.9974376288978178,0.9992306376241705,0.9998457329375645,0.9996421123590767,0.9993845948311562,0.9998012005233592,0.9972989667249349,0.998224982444859,0.9949305310153161,0.996285286194503,0.9986147077222706,0.9988057448578048,0.9985925013571861,0.9976626858568349,0.999049207072545,0.99779177493785,0.9998738173123916,0.9998570353394677,0.9946573042346346,0.9996841333926129,0.9989427344516061,0.9999633803758063,0.9960865556113491,0.9987509048064447,0.9864869740455753,0.9969200560526972,0.9998846298445933
0.505,0.9978624351216464,0.9627745471521283,0.9999936898649092,0.0021375648783537684,0.9999299867057863,0.9960603849500209,0.9996117598677641,0.9988977891221641,0.9992720301390607,0.9973164096534927,0.9998916594987252,0.9999845837734341,0.9980250436081725,0.9999673470016072,0.9991484678971495,0.9996573568859853,0.9971109790632073,0.989323145818771,0.999524040601255,0.9997411304278274,0.9994435022381775,0.999881930820693,0.9991210538025963,0.9997102115303101,0.9999933541114749,0.9998851080837249,0.9977886595197989,0.9995001627983664,0.9992962440431935,0.9996533716925704,0.9988094358767488,0.9986875728384147,0.9989444734870678,0.999293115476801,0.9950652890894419,0.9996167888414366,0.9999142974916472,0.9985928249663681,0.9992718574407792,0.9832785289170111,0.9983902368646972,0.9997466034378961,0.9993602532071632,0.9999370307916795,0.9791353859327461,0.9995408093945496,0.9999020402492699,0.9987694897665927,0.997381300446069,0.9999204096495125,0.9993607074805061,0.9982672940246087,0.9981819074139587,0.9994368900905951,0.9999450803859575,0.9993564965783086,0.9983795726740388,0.9997779454997346,0.9993769073350189,0.9997581868040658,0.9994059425271923,0.9994332035514385,0.9999134059981154,0.9988349369154533,0.9985494080527827,0.9973729496676161,0.9986612622884912,0.9993629876663397,0.9978013412290105,0.9973514934186596,0.9992041280326811,0.9995815158962781,0.9996675083714452,0.9910373082661106,0.9970538597885904,0.9996597099212515,0.9993026456141456,0.9991493660463796,0.9999778457507487,0.999010822802942,0.999567969485355,0.9996637391665376,0.994235785192404,0.9995624579070337,0.9994274576018962,0.998401442831215,0.9954095285644805,0.9994882042146591,0.993206784211703,0.999992122407464,0.999755375251957,0.9867478411668973,0.9627745471521283,0.9999739973172965,0.9967555958145496,0.9995043757751244,0.999979194685241,0.9999165587028026,0.9960759042369254,0.9998330771532394,0.9974194432591011,0.9998783618316694,0.999311664373757,0.9910976083367873,0.9983333852202039,0.9968125569973594,0.9993063747779543,0.9998900089102358,0.999795366794517,0.9992537255154311,0.9998598544285332,0.9978995091589297,0.9983107031176502,0.994632644827015,0.9963147210477242,0.9987825178107603,0.9991068991751376,0.9989923848261015,0.9975326055095198,0.9992837008599597,0.998258876667847,0.9998587908859982,0.9998428263668581,0.9957743667799539,0.9996382983792131,0.9992698280325737,0.9999936898649092,0.9964231281745243,0.9986461691712423,0.9873474655532852,0.9958704775235087,0.9999156946398606
0.51,0.9978701809300969,0.9523571056697677,0.9999982035007902,0.0021298190699029335,0.9999310895406099,0.994949306540645,0.999727295682273,0.9990413979055076,0.9990877034135119,0.9974862292373933,0.9999551811312529,0.9999731487221288,0.998251736063954,0.9999599074657219,0.9991000775990465,0.9996636791774302,0.9973312042445057,0.9896422405044474,0.999479934263704,0.9997346326297636,0.9994188884509041,0.999948376774434,0.999160392549988,0.9997766508166491,0.9999920811834665,0.9998477659030257,0.9980433254407854,0.9994925419643113,0.9993257555760379,0.9996926890824583,0.9990955101916111,0.9987666812800082,0.9989048885870656,0.999224299869797,0.9943215089950798,0.9995388722645735,0.9999053690087522,0.9990123205994755,0.9993809573477868,0.9837750360366374,0.9988370235501893,0.9996971564110076,0.9991582229294017,0.9999395948431277,0.9813379775702755,0.9994602903689883,0.9998670504774256,0.9985727378547749,0.9971508861228049,0.9999228202121971,0.9993273037271361,0.998683567401117,0.9982977864505037,0.9993646276230113,0.9999790395542646,0.9995740020848787,0.9985481905197199,0.9997446131670246,0.9996004217177843,0.9997332592306222,0.9995165659032554,0.9994353019521217,0.9998743671991493,0.9987858022532695,0.9984639988444644,0.9978416960757792,0.99899429711095,0.9993093657376666,0.9983082586980213,0.9972925578895936,0.9991434350927823,0.9995787858439309,0.9996371218454607,0.9912556129925423,0.9973521540910978,0.999544329274381,0.9991899228177888,0.9993383645744159,0.999977788625699,0.99896130385992,0.9995559932075921,0.9996222903714506,0.9938533477186423,0.9995206349099199,0.9993890231522816,0.9988747968247871,0.9952798766135861,0.9996272542020755,0.9940729204954343,0.9999978718108159,0.999806129651928,0.9866159450010803,0.9523571056697677,0.9999946449870456,0.9965556479446499,0.9992958382403543,0.9999847397391555,0.9999156951597997,0.9959566755018409,0.9998156745983536,0.9977234345113783,0.9998972967069798,0.9992499416394004,0.9923074871989015,0.9986585444779038,0.9976292920540861,0.9992255973080013,0.9999167260415434,0.9998946126284164,0.9993711528156748,0.9998873752009144,0.9984175078641343,0.998079599599141,0.9938384351499164,0.9963207999605255,0.9991268599092598,0.9988554184917442,0.9989600600033038,0.9981716875163497,0.9994919974385781,0.9979266025730249,0.9998690407314162,0.9998845163711194,0.9964482977140443,0.9995102227874069,0.9992749039973826,0.9999982035007902,0.9970671695279036,0.9988835232680197,0.9880987524104459,0.9968213190755274,0.9999483962353412
0.515,0.9978790332474369,0.9457952914280048,0.9999996501503436,0.002120966752563054,0.9998935355283586,0.9956949686470201,0.9997686963567236,0.9991866392165667,0.9990740770967282,0.9979399708446685,0.9999481597294309,0.9999734184539902,0.9977643098400538,0.9999816531937218,0.9990464324508225,0.9996665567405124,0.9977536635075402,0.9902653406701029,0.9994433105500117,0.9996444609494569,0.9995855626775887,0.9999509106795572,0.9994427878090955,0.9997388675494182,0.9999822533396702,0.9998226428423351,0.998242843748178,0.9993688914445316,0.9995388854439106,0.999788634818146,0.9987981441626167,0.9984064406774237,0.9989441651736927,0.999349720710968,0.9956988705190026,0.9996305363676597,0.9999399161899161,0.9990102470012624,0.9991328489014344,0.9834225089894227,0.999193458684698,0.9997631088402431,0.9992333788357977,0.999945571528053,0.9769099252926484,0.999339104037373,0.9998854802284745,0.9989386087405117,0.9962657373472091,0.9999657617810213,0.9992883766150855,0.9984079721944398,0.9984792184293666,0.9995005587066468,0.9999605500865455,0.9997274611272159,0.9986864449947953,0.9997122052936637,0.9997489009977429,0.9997032938159789,0.9995760541740787,0.9993652960269022,0.9998915422465035,0.9987494978973122,0.9983208593341064,0.9976179198808003,0.9992968336025848,0.9993587480882073,0.9982926294996032,0.9979618604511752,0.9989379951185705,0.9995127806045556,0.9995913955788773,0.9910992017793482,0.9976616266575152,0.9994883382145892,0.9992868478645179,0.9993025689628093,0.9999582662178652,0.9992107694381657,0.9997428378950334,0.9997648552027877,0.9937008616662889,0.9996554556725624,0.9993552255338931,0.9992176343409175,0.9965247897543217,0.9995333633845178,0.9948501998881579,0.9999959533815951,0.9998338853735759,0.9898303387418852,0.9457952914280048,0.9999996501503436,0.997356536938535,0.9993337211877614,0.999993507288341,0.9999032381687005,0.9970261177508158,0.9999076874197548,0.998107986986197,0.9998694435388543,0.999369040395364,0.9930524097285682,0.9982138474980597,0.9978579203635378,0.9991514883989555,0.9999313388354187,0.9998994326526084,0.9995534257216995,0.9998621622037469,0.9988392083960647,0.9978819530737723,0.9936963478054754,0.9953184005890872,0.9991999861888059,0.9988891724042742,0.9990306093033473,0.9982596365012486,0.9995341637409934,0.9983803143395067,0.9998684695063156,0.9998613031198318,0.9966915240792998,0.9993960481247148,0.9991622988314501,0.9999986639713047,0.9974545454784439,0.9990688001448925,0.9870831326206213,0.9967848941163415,0.9999501138081965
0.52,0.9977985388575077,0.9304102508038906,0.9999993852739519,0.002201461142492119,0.9999545911341107,0.9956951711740345,0.9997186043246223,0.9989381634261497,0.999404230097262,0.9983597138008931,0.9999500987916263,0.9999509315656475,0.9982630352864689,0.9999879104198387,0.9987361855067286,0.9995924931112141,0.9979779362085729,0.9920803028069936,0.9995188822728301,0.9995285231711394,0.9994778719577839,0.9999133103435367,0.9994100970012412,0.9997024790454455,0.9999806767005747,0.9998773907064296,0.9984479673111882,0.9992670384052591,0.9995395529792765,0.9997697150692009,0.9987587763682823,0.9979981634613158,0.9990802251970011,0.9994577066943834,0.9967891472841919,0.9995815246796234,0.9999469024014767,0.9988209070978853,0.9993850186457842,0.9870928507674961,0.9991919751990067,0.9998050275037987,0.9991460807052699,0.9999494307874028,0.9719928773699448,0.999587149185148,0.9998642055230854,0.9989667308658292,0.9969375384350427,0.9999551383445602,0.9992789715298357,0.9985921829612221,0.9987861552913961,0.9993888760742148,0.9999852082983748,0.9997026512227914,0.9990407433431205,0.999810804347359,0.9997842632337227,0.9995973978801936,0.9996317217958046,0.999245693217759,0.9998500769767504,0.9986471525282036,0.9977685214851232,0.9968423775089847,0.999326878786049,0.9992559088685447,0.9986666857171229,0.9973289371133138,0.9988182219722718,0.9995119086233205,0.9995101164083514,0.9912945078007515,0.9981852584122758,0.9996220911637138,0.9991945394552552,0.9992763251876675,0.9999516065150977,0.9994455405677374,0.9997578373567803,0.9997354547083509,0.99528197992179,0.99962029144288,0.999496728736898,0.9990274136958521,0.9961278561807914,0.9995065666439574,0.9958831096221061,0.9999921391535125,0.9998007591329723,0.9922958117178242,0.9304102508038906,0.9999993852739519,0.9973341100750692,0.9995709201161564,0.9999871342218718,0.9998668049291646,0.9969917292539968,0.9999070861547206,0.9975027125966348,0.9998598310060867,0.9994547427621925,0.9923184129576872,0.9984617497862364,0.9975305666675806,0.9990866314765793,0.9999048038931112,0.9998892332390686,0.999615719099787,0.9999276639075618,0.9991660221474546,0.9977390925417646,0.991828725742617,0.995564877707766,0.9994565369153775,0.9989409191686093,0.9993127402192581,0.9986706920809036,0.9994893003556347,0.9982714820883204,0.9998892132795043,0.9998942912635432,0.9969819348315304,0.999380705189739,0.9992472885647773,0.9999955982594887,0.9977153429606511,0.9991952988242067,0.9860686893426258,0.996621167354208,0.9999460449670391
0.525,0.9979005876556801,0.9443950570012601,0.9999992236479444,0.0020994123443201698,0.9999858047059225,0.9951182987071737,0.9997823233261307,0.9986443895846595,0.9993147439055309,0.9981136493782554,0.9999863046197316,0.9999852478475568,0.9978779096827878,0.9999888292627584,0.998688817294569,0.9997517794870245,0.998229924622453,0.9926686222730361,0.9994057887485883,0.9994825370874909,0.999574925705299,0.9998596393428697,0.9996232978261261,0.9996313569732191,0.9999758081789113,0.999852281432466,0.9986332360526687,0.9993784706639622,0.9995148250423761,0.9997874671880719,0.9990875570432681,0.9985960269398603,0.9987124888023788,0.9995499177653836,0.9965088397565448,0.9996522717981188,0.9999316063215538,0.9986066111624793,0.9993788590361194,0.9872113280975062,0.9991346162224075,0.9997540044566208,0.9989068914406759,0.9999503175676883,0.9693336604195761,0.9996157360241894,0.9999316524271428,0.9992421553005996,0.9974397370505587,0.9999527942297897,0.9992868881653878,0.9989591908440821,0.9989593366760839,0.9995031434675219,0.99997808353254,0.9998174972485329,0.9993426386311852,0.9997978050410012,0.9997534399867807,0.9996865261620538,0.9994968772312158,0.9991213842529588,0.9998125673785432,0.9985916027964866,0.9977179383048274,0.9965546897300878,0.9992067848439153,0.9993249913473704,0.9982994126195731,0.9973057893168877,0.998912563515542,0.999517475713766,0.9995069980828717,0.9884797499416927,0.9979562095702319,0.99968577357914,0.9992679857020951,0.9993663775827162,0.9999313098449741,0.999384262909311,0.9998776066839802,0.9997226405448181,0.9942746886711039,0.9997364475928495,0.9994972720527567,0.9989971612671994,0.9958846272043266,0.9993840414643727,0.9968487400698336,0.9999824303850446,0.9998426060193573,0.989902941761729,0.9443950570012601,0.9999992236479444,0.9973817260230785,0.9997398501453704,0.9999709843969627,0.9998567417596921,0.9978265113872287,0.9998488299854477,0.997340666876499,0.9998705792039978,0.9995752001212218,0.9937619480775205,0.9986883279135298,0.9972042872018945,0.9990258026115804,0.9998981136210788,0.999874809619768,0.9997458012345907,0.9999152089534832,0.9992154187122253,0.9979332239842179,0.9935181711503122,0.9955211888075405,0.9993845472893909,0.9988149266538013,0.9993802970079058,0.9989847804805845,0.9994773876882235,0.9984755549351868,0.9999289876902305,0.9999353767337976,0.997298955534015,0.9994077192729832,0.9992767458309982,0.9999919275867131,0.9981431966119629,0.9993665981468179,0.9869454050994616,0.9965664144144794,0.9999588779751722
0.53,0.9979874018761301,0.9559213471255952,0.9999936197694885,0.0020125981238697617,0.999978898385761,0.9936636447888125,0.9998313945800397,0.9987781562481991,0.9993244445657368,0.9978909508488544,0.9999895209607492,0.9999768086365329,0.9981369318419349,0.99998039402091,0.9987779091455122,0.9997386046135677,0.9986097027610922,0.9908734130708858,0.9992878927846796,0.9994358898067341,0.9994903596539777,0.9998594724826316,0.9997688397308564,0.9995852058188851,0.9999510015923428,0.9999116704216112,0.9984508210231552,0.9992775038698497,0.9995111416901803,0.9998089696700928,0.9988105709633532,0.9990435789541506,0.9989368674166463,0.9996283373087135,0.9966430365253224,0.999706364604128,0.999911484245693,0.9990074050826605,0.9993943900065722,0.9901080083159581,0.9991384221981586,0.9997070650750025,0.9986114384375647,0.9999368756371625,0.9674229451210253,0.9995367378025803,0.9999179955692085,0.9992110441902132,0.9978735451485254,0.9999301911530832,0.9992564574919592,0.9990677907872916,0.9991408401201952,0.9996422996651064,0.9999896434249911,0.9998328405821615,0.9992287708718648,0.9997716804880232,0.9996959791732555,0.999575812213182,0.9996037015869976,0.9990006601201054,0.9999091530924964,0.9990110403750896,0.9980230003326678,0.9954288609700719,0.9994816360861069,0.9992629170513532,0.9986582376128282,0.997416677673345,0.9988508075610981,0.9993531564297177,0.9993948128126394,0.9850043196648095,0.9977783789574753,0.9996876269719226,0.9991742655568732,0.9993550580328132,0.9999391811004016,0.9993197170505064,0.9998854015651926,0.9998357419319063,0.9943609361963253,0.9996934104445951,0.9994370171071362,0.9993176765444154,0.9959747032997927,0.9993403647438658,0.9971902165507617,0.9999763678716036,0.9998065927624884,0.9900587825735049,0.9559213471255952,0.9999882330943152,0.9980310703334075,0.9996395430863744,0.9999746540570891,0.9998556617458656,0.9978482631569758,0.9998472799732195,0.9975781347869912,0.9999056767137976,0.9995365771191023,0.9933129785553468,0.9989830122221012,0.9969036834943906,0.9987865548823782,0.9999244348374564,0.9999424522900768,0.9997412636130226,0.9999179148828693,0.9991523835556678,0.9982207790155734,0.9950227954000981,0.9956573906793206,0.9995906590133079,0.9987402680882836,0.9992883820379096,0.9986490079159323,0.9994993172676319,0.9983031353018103,0.9999177840474319,0.9999267860485757,0.9965228055719403,0.9996082531929478,0.999366594065689,0.9999936197694885,0.9983122862763881,0.9993187489508015,0.9881677707119746,0.9974510411063302,0.9999405139389472
0.535,0.9981158332519036,0.9614561962892594,0.9999999645440525,0.0018841667480968647,0.9999717176145783,0.9935491815603049,0.9998825018462515,0.9989064400918974,0.9995871948445066,0.9983711488937339,0.9999999645440525,0.9999928862635463,0.998435384546098,0.9999867893612346,0.9990867195894259,0.9997225203195713,0.9987936363023249,0.9926317096796042,0.9991830513303007,0.9995807611496447,0.9996350792169739,0.9999372556685474,0.9997501592375122,0.9997261479227594,0.99994156329253,0.999948651314947,0.9979817434916516,0.9991012180000138,0.999677018874278,0.9997774509432064,0.9988090058769024,0.9990248939786001,0.9991631315715046,0.9995809374727775,0.9969215437952814,0.9996431062216053,0.999909050438843,0.9989602075198949,0.9996093692758569,0.9904350790427897,0.999156296746961,0.9996636396411194,0.998479436698912,0.9999351880473248,0.9734534064905024,0.9994515735745054,0.9999154682620995,0.9990624176831199,0.9976018518726019,0.9998970023868213,0.999289414334646,0.9993204096759452,0.9993078573603,0.9995879960612977,0.9999913517706962,0.9998994708173261,0.9991170114770777,0.9996849180655961,0.999741989584966,0.9995248164032015,0.9995702847172346,0.9987762189711662,0.9999218354923816,0.9990095650914015,0.9979844666760541,0.9950957600957657,0.9995138298194964,0.9990982235708027,0.9986239174201973,0.9979725311322994,0.9992149313141526,0.9993460406637953,0.9993895481672112,0.9860120880307319,0.9983457444841216,0.9996998466259918,0.9989117376843019,0.9995158138889534,0.9999743797365945,0.9995047856771111,0.9999540814659149,0.9998036191457389,0.9946562675281531,0.9997203888669982,0.9995633226165711,0.9995443960211282,0.9962659152636341,0.9993216227492884,0.9967545083876082,0.9999713485206104,0.9998469595776216,0.9871661182597887,0.9614561962892594,0.9999964894053388,0.9978973742775605,0.9996717373932156,0.9999776866822477,0.9999212882278657,0.9972434497803586,0.9998340049764135,0.9974336732928015,0.9999130057271207,0.9995953341061835,0.9947179819447228,0.9989493564658234,0.9974556978341786,0.9987899519858284,0.9999183527357892,0.9999233683731606,0.9997251681803251,0.9999166678036212,0.9991790324064664,0.9985305829217175,0.9951399872127915,0.9950181203855779,0.9994780442885951,0.998808296211876,0.9993674097950209,0.9987524145685843,0.9994795142797059,0.9982135906265974,0.9999189153555541,0.9999033612778844,0.9972270876436301,0.9996420916995947,0.9991376282026347,0.999975417761341,0.9986521812278932,0.9992376279836119,0.9888456125056266,0.9967255787509341,0.9999115399447559
0.54,0.9982455047493933,0.9691656697617598,0.9999931816065702,0.0017544952506063664,0.999968029845025,0.9936188290288536,0.9998946221804876,0.9988539112370278,0.9995019230157934,0.9986559812972543,0.9999931816065702,0.9999913021478576,0.9985995399548386,0.9999921920779425,0.9988107897134549,0.9996454838571275,0.9985832500655207,0.9914953718011064,0.9991855001799412,0.9996027034721656,0.9997111911376612,0.9999803164199912,0.9997195868819441,0.9998251669543557,0.9999614756733649,0.9999197395552303,0.9977582251597048,0.9989681618765602,0.9996795278687514,0.9997228667876021,0.9988732149888072,0.9988072392198954,0.9992356613763972,0.9995495505703211,0.9972621767901578,0.9996043014353689,0.9999019073038029,0.9987988972066837,0.9996278229245836,0.9899807045880133,0.9994262746509713,0.9997807251872016,0.9989014664924981,0.999942654860586,0.9786927115215219,0.9994154850260453,0.9998833137773062,0.9990764699735536,0.9979038326259584,0.9998482252589825,0.9992477358858902,0.9993549499999667,0.9994471232717995,0.9995525814148585,0.999990851309454,0.9999184882835185,0.9989967354415521,0.9996640375013495,0.9997916312227784,0.9996240394645571,0.999523190488474,0.9987695821249836,0.999972997246486,0.999286209127709,0.9984484106785667,0.9948777229849645,0.9993759344343501,0.9989123701368405,0.9984754651071536,0.9982042684178534,0.9991515617934709,0.9994822333041407,0.9992549477481159,0.9852493779561131,0.9984821589794702,0.9997191509160179,0.9987901490718716,0.9995120618807031,0.9999523361680842,0.9995054397459363,0.9999503460200605,0.9998899217380841,0.9953645667836354,0.9996741136647184,0.9995943836827826,0.9997008446615924,0.9962385555613968,0.9992560052778984,0.9971016779020975,0.9999773310633415,0.9998083728301567,0.9903063186519808,0.9691656697617598,0.9999851333387965,0.9974028325665238,0.9996524677885388,0.9999657037464593,0.9998887014578649,0.9972759169473744,0.9998318770052252,0.9972087435457822,0.9999084805136207,0.9995570564278549,0.9944809116397654,0.9985973892426707,0.9972522583548241,0.9987378389617728,0.9999065514224487,0.9999140201287832,0.999662647169681,0.9999287902168323,0.9992119537035659,0.9988076794981766,0.9954283178564671,0.9945324754923301,0.9993591826136401,0.9989378028901632,0.9993166485587293,0.9990261723214979,0.9996388340797712,0.9981018933206484,0.9999286916759329,0.9998704350406675,0.9976984543177393,0.9996806137673612,0.9990308515889513,0.9999488713611818,0.9988772776029907,0.9993464020721128,0.9901511253506975,0.9967663613389195,0.9998938877146977
0.545,0.9981773260053829,0.9602001678490621,0.9999994410819373,0.0018226739946171724,0.9999419034546484,0.9947688598263555,0.9999110303697466,0.9988070796051354,0.9997062130769949,0.9985435328335532,0.9999737456565174,0.9999905025283408,0.9983870374914904,0.9999879640360535,0.9988030366450862,0.9996058383866732,0.9989452322671369,0.9930171613496108,0.9994657191798532,0.9997159921698356,0.9997731170997698,0.9999747308221737,0.9996961090514082,0.999778968076995,0.9999858736105958,0.9999066247143678,0.998060749094127,0.9989080549190412,0.9996735098695766,0.9997503637869483,0.99890293463339,0.998806595829123,0.9993339397930378,0.9995045050602728,0.996922990059917,0.999662299497672,0.999931035470002,0.9991546797950869,0.9997857552286116,0.9867639809844918,0.9996297029212686,0.9997658003589315,0.9992084666551069,0.9999560216420985,0.9781938166983872,0.999265909486607,0.9998664470137214,0.9991037505977332,0.998268016119955,0.9998471777422818,0.9992701658618838,0.9994332943097829,0.9993852726680093,0.999704263915575,0.9999994410819373,0.9999145434884388,0.9992999731767161,0.9995525302657492,0.9997449058078539,0.999728275798729,0.9995637410742092,0.9985660578660633,0.9999587624004213,0.9994864251112234,0.9988060003020837,0.9950549572417443,0.9994096388004869,0.9987284935402954,0.9984593465472565,0.9983810888960023,0.9991430650059503,0.9996147622867384,0.9993581122179709,0.9830160673118047,0.9986317199945871,0.9997688795545105,0.9989646312674358,0.9995342783824152,0.9999323307097515,0.9996720666821372,0.9999337360983765,0.9998532747279446,0.9960369337126147,0.9997883296556088,0.9996503117594409,0.9996974868635544,0.996052177979001,0.9992732800431531,0.9975020861445003,0.9999705154932905,0.9997734537040186,0.9900472729365621,0.9602001678490621,0.9999773367436752,0.9968117719342456,0.9996370978056207,0.9999480928565202,0.9998778676934238,0.9966130505729172,0.9998194237154715,0.997536020800707,0.9999033071356164,0.9996317330913942,0.9957328970111711,0.9981447581466087,0.997669849826831,0.9991542089057184,0.9998764575000497,0.9999046756883665,0.9995350345091365,0.9999214860514744,0.9991281725389801,0.9987713660005613,0.9951503242530457,0.9929655642882687,0.9995936837222604,0.9991913931032873,0.9993030405468801,0.998701737106667,0.9996462673745037,0.998315897434553,0.9999586819498675,0.9998591718492015,0.998178343118762,0.9996637377231065,0.9993285306944768,0.9999478459279476,0.9986212704016733,0.9993010876164251,0.9908903615718584,0.9957943105210579,0.9998769769120479
0.55,0.9982356212502155,0.966275294397209,0.999998179995356,0.001764378749784299,0.9999031219911506,0.995738197304937,0.9999161863040338,0.9986784019532778,0.9996934612290888,0.9988498465857547,0.999973120792139,0.9999770160146718,0.9978264946529433,0.999998179995356,0.9986992524064552,0.9995128652414748,0.999261845490188,0.9943264823474468,0.9993483057043002,0.9996284268227912,0.9997097910599329,0.9999572372087929,0.9996921924858261,0.9997554098301672,0.9999851690982169,0.9999507791350299,0.998232746567682,0.9992273749021445,0.9997903242063325,0.9998114319310989,0.9988658610804972,0.998549284494966,0.9992953402456164,0.9995312776750634,0.9965280366756308,0.999797378107564,0.9999515814761061,0.9990332268723381,0.9997765230444354,0.9880428889595356,0.9995898670874666,0.9997324769644922,0.9994297577087973,0.9999629095566119,0.9783588386296951,0.999345184515175,0.9998496191927676,0.9991245361617458,0.9985090724711023,0.9998444761965907,0.9992979559791666,0.9995637783506675,0.9992743562328635,0.9997198390595046,0.9999948489320606,0.9998718235098832,0.9993238623786365,0.9997032493931463,0.9996916454324529,0.999810433785883,0.9995283343009294,0.9983907745908612,0.9999597288122518,0.9996308242872967,0.9990802427159106,0.9962463967075909,0.9993474557094971,0.9991144166515252,0.9988650502117269,0.9986112280084047,0.9989040088889473,0.9995941691356224,0.9992977343012835,0.9778315089880043,0.9985942626539925,0.9998266017932217,0.9991278049659937,0.9995059041026337,0.9999246885738884,0.9996857760695598,0.9999222348055875,0.999916896756754,0.9947817055444564,0.9997889346890763,0.9997168050484149,0.9996683196446029,0.9963328024707556,0.9990944539491808,0.9970272171712482,0.9999552772436107,0.9997158929325851,0.9870018786629047,0.966275294397209,0.9999677769989934,0.9976156726585811,0.9995018260192507,0.9999224836134785,0.9999366675695064,0.9958486720051637,0.999806372258827,0.9978994742445081,0.9998739960377494,0.9994788395524188,0.9967068637953097,0.9983736677625468,0.9974578446601751,0.9989879135265121,0.9998388760070934,0.9999055251275565,0.9996018062252137,0.9998997955406439,0.9991634898909366,0.9989659102301494,0.9963606198179051,0.9924801470560856,0.999534853379882,0.9992526623207066,0.9992687574705915,0.9988557602460543,0.9996468508810544,0.9985751217433074,0.99992534699829,0.9998910328940311,0.9985821317319992,0.9996488509243335,0.9992766722793197,0.9999581338170769,0.9988991340813747,0.999348639853911,0.9921227193291933,0.9968411807419763,0.9998592145186808
0.555,0.9983207684077592,0.9715586343385835,0.9999991223413024,0.0016792315922409622,0.9998564367165067,0.9965459315977044,0.9999106674422976,0.9989292257030747,0.9996330247746046,0.9990545614564902,0.9999716434799859,0.9999781240939497,0.9982181219209143,0.9999991223413024,0.9987938571883209,0.9996994126977461,0.9993282231754872,0.9935258903554062,0.9992951267274653,0.9995921628399711,0.9997988635416718,0.9999580073943385,0.9996355180875366,0.9997295900531867,0.9999804084357142,0.9999301343980568,0.9984712024390385,0.9991535702603608,0.9998737528142598,0.9998453877146379,0.9989699642273812,0.9985631145848077,0.9994389708324566,0.9993876421840703,0.9956987848036281,0.9997656776257384,0.9999385570854022,0.9989083854767179,0.9997809522408607,0.9885106349613094,0.9995653967879767,0.99972082335038,0.9994941286155786,0.999975413982643,0.9830784015634021,0.9993119848692729,0.9998868025100979,0.9990427125123522,0.9987487894866357,0.9999205835876828,0.9994605851549273,0.9996460644760434,0.9994157777559731,0.9996231435090225,0.9999944556953198,0.9998955339486011,0.9991921034783956,0.9997254589458043,0.9996333931733178,0.9997796426034586,0.9996266387570639,0.9987413068002776,0.9999537428831136,0.9996659963295145,0.999011581408162,0.9962122775181217,0.9993925201029842,0.99903910101401,0.998799677672078,0.9984984417941409,0.9990207222027196,0.9997072195277878,0.9992500001880373,0.9715586343385835,0.9987596776896183,0.9998404457706194,0.998962634507785,0.9995527929987105,0.9999058158689049,0.9998115637941932,0.999903161159446,0.9999080762923359,0.9955389924934226,0.999781173085135,0.9996710128007765,0.9996718883455435,0.9965126127396168,0.9993405034421861,0.9976918040955601,0.9999476977824503,0.9996649002403403,0.9873081389618097,0.972532705908521,0.9999644034438043,0.9975106827398053,0.9994144837673297,0.9999646338301207,0.9999177952877717,0.9960980649143886,0.9998039376938923,0.9976489601357253,0.9998346450814244,0.9996175536532806,0.9966093488311507,0.9983950567263976,0.9975981350077999,0.9988673222901451,0.9997965466382236,0.9998779313977578,0.9995830466574135,0.9999533271261518,0.9992479943551871,0.9991327268145452,0.9973361939103106,0.993044605579054,0.9994417131239314,0.9993176266581449,0.9991568281360137,0.9987713182873296,0.9996461330732714,0.998577225547686,0.9999315152389434,0.9999306182664576,0.9986256575859067,0.9996069903838409,0.9992476622781025,0.9999585135159625,0.9987919538646306,0.9993004539598355,0.9933457949710041,0.9967838952386826,0.9998417539888759
0.56,0.9984385968082451,0.9725635441194562,0.9999958578855331,0.0015614031917549566,0.9998591916211848,0.9972126656642524,0.9999048250906664,0.9991102765061943,0.9996316617667294,0.9990356708980531,0.9999767193938348,0.9999532849121563,0.9985627936772078,0.9999948746850847,0.9988960724133323,0.9996919094126493,0.9995556394171805,0.9947239941491094,0.9992788723080934,0.9996244982030629,0.999845408351829,0.9999404265800872,0.9996522195089479,0.999645908689511,0.999972274972568,0.9999533947542468,0.9986339295009905,0.999241072454116,0.9998709551725173,0.9998646960405099,0.9989698490807509,0.9990192495824984,0.9994906377251686,0.9995442044678524,0.9952276337548271,0.9997295513671844,0.9999454389953002,0.9990012542083446,0.9997453515688147,0.9878885220044814,0.9997261140339464,0.9997810782355806,0.9996296816096168,0.9999639814973786,0.983146591672943,0.9993989130431851,0.999872662692471,0.9991021837674315,0.9988915073090573,0.9999130041346453,0.9994930699559785,0.9997381500141903,0.99934604869752,0.9996124058591984,0.9999958578855331,0.9998956207573025,0.999456962528872,0.9997097199283075,0.9997225607646804,0.9997160915912249,0.9997159434531634,0.9984450186790838,0.9999840841583454,0.9996294717701284,0.9991372920125108,0.996428083789367,0.9993611225376395,0.9987932673120596,0.999137312365888,0.9979976831336308,0.9989462972642946,0.9997104980948579,0.999298445106732,0.9767407764145404,0.9989230641992852,0.9998248028887964,0.9991216715483363,0.9993908743998812,0.9998913317402233,0.9997844903531932,0.999879212066561,0.9999461929340756,0.9965778747216115,0.9997574344874255,0.9996249072505221,0.9996856020225472,0.9968533528226635,0.9993895815772397,0.997190810806162,0.99997465749428,0.9995930801592783,0.9904014325537569,0.9725635441194562,0.9999838565671536,0.9976432075213391,0.9994284285007327,0.9999742179536293,0.9999158596161626,0.9958463426428745,0.9997995277797941,0.9974325170513314,0.9997919096698481,0.99957698409492,0.997432320816508,0.9984625927494316,0.9973740196843724,0.9988193353614074,0.9997714200207869,0.9998450920033112,0.9996077373885208,0.9999436656536755,0.9993617179234408,0.9991683084454124,0.9980948534046628,0.9932531336730028,0.9993402835691879,0.9993287770289327,0.9990303629337511,0.9990536051737091,0.9996299738053668,0.9988435076749198,0.999883126939889,0.9999034008325954,0.9983873664293986,0.9997469055930172,0.9990355272868786,0.9999538048919253,0.9988207596619842,0.999251901934297,0.9947476059560405,0.9968249154572221,0.9998251686479936
0.5650000000000001,0.9985131334911889,0.9727250362902409,0.999992840568763,0.0014868665088110416,0.9998452948277828,0.9972712904995271,0.9998785891194598,0.9991689236250423,0.9995573387325806,0.9989637329099765,0.9999610436670436,0.9999550831706738,0.9989027863874067,0.999992840568763,0.9988602853630802,0.9996823932967873,0.9994372016349865,0.9958392759755498,0.9993019263073551,0.9997355641942784,0.9998769867441348,0.9999818954201366,0.9996418344289842,0.9996010521287931,0.9999660641092232,0.9999453947857709,0.9989554802856752,0.9994739473067393,0.9998912785033509,0.9998724395520927,0.9989958625405648,0.9990732001413176,0.9992340597068888,0.9995179071461215,0.9954245677167469,0.9997646789447343,0.9999553187316356,0.9989596653608716,0.9998670415274569,0.987063915170452,0.9998406991148338,0.9997449389608589,0.999522529109304,0.9999665834842019,0.9808391279301554,0.9993214134603104,0.9998538059094155,0.9991682956988511,0.9991397147133735,0.9998992274588931,0.99953463477403,0.9996746655236023,0.9993629287450154,0.9995792476420152,0.9999831793283348,0.9999393346719622,0.9996581676670598,0.9996999777906274,0.9998035003146142,0.99980322713082,0.9997515348297327,0.9982949506688893,0.9999831986042668,0.9995168733434946,0.9991496442691831,0.9964855140628951,0.9993703544462834,0.9991370334077757,0.9990889983906054,0.9983571546547416,0.9988175232416779,0.9997703789797564,0.9991732502701397,0.9808303642758737,0.9991876274069091,0.9998815291608603,0.9993054642340259,0.9991730930553697,0.9998576613412282,0.9997654758475818,0.999863238264085,0.9999333234557068,0.9964576307960432,0.9997409351310806,0.9995887954474169,0.9996130979393566,0.9974460691786056,0.999357811134471,0.9974430986783366,0.9999594171602693,0.9996990935789598,0.9927748015036968,0.9727250362902409,0.9999774350455838,0.9978680368681246,0.9994175537884455,0.9999598417869514,0.9999582536181335,0.9961997481577095,0.9997893241055449,0.9979806301843177,0.9997395410951238,0.999644623065027,0.9980574808092849,0.9985631764900605,0.9971781378901008,0.9988557524981315,0.9997168201737294,0.9998276371395645,0.9996799152748447,0.999936420191275,0.9993040840501612,0.9988578129632838,0.998131996452528,0.9927462839018248,0.999573140284367,0.9994717966038871,0.9991986537956108,0.9992697643544577,0.9996293841310009,0.9990937838564068,0.9998718563629613,0.9998853234139675,0.99850471187711,0.9998437372662876,0.9988411687251424,0.999933129016567,0.9990795782362331,0.9991937818422265,0.9951285166897502,0.9967515120936586,0.9997694097629787
0.5700000000000001,0.9986628123361296,0.9771681931226486,0.9999869329115464,0.0013371876638702575,0.9999260520547554,0.9964154610159313,0.9998966375327963,0.9992750645516335,0.9994470546476817,0.9989382212560016,0.9999612185225495,0.9999585702659652,0.998596281256105,0.9999869329115464,0.999110903492906,0.9998129265110303,0.9993342455615564,0.9965104857859562,0.9995372725861408,0.999707065834042,0.9998289339125246,0.9999824658995837,0.9997702246789322,0.9995028300150345,0.9999733973080851,0.9999748988416276,0.9988361765581473,0.9994300159309958,0.9998763494376629,0.9998426101397474,0.9989361935713506,0.9990552713343495,0.9993156492182966,0.9996498474880506,0.9959813063705066,0.999859380816698,0.999968508470104,0.9989658191740501,0.9998457223814099,0.99000086687721,0.9999159739217098,0.9997478707417986,0.9995357115095911,0.9999484000579777,0.9828765770156347,0.9995643139840437,0.9998889401090691,0.9988902806088026,0.999281350765795,0.999953450041176,0.9996445301929746,0.9997118752457406,0.9994861453536057,0.9996073116431301,0.9999811194700032,0.9998990259384212,0.999633132910623,0.9995861128307718,0.9998603429648907,0.9997605731104016,0.9997228659015971,0.998180321497169,0.9999810751932934,0.999549601303795,0.9993240247337775,0.996777106669813,0.9993403680554381,0.9990712967972735,0.9990878187579719,0.9985405607755903,0.99853044401461,0.9998135502350454,0.9992822859187618,0.9821065270508738,0.9994190674156829,0.9998819803622226,0.9993929079298733,0.9993758231606772,0.9998498082494407,0.9997567511947814,0.9998435161817663,0.9999468476591065,0.9973715821281122,0.999765445526399,0.9995563927496123,0.9996431400564396,0.9979382901546717,0.9995346457246252,0.9970988625418157,0.9999345016294588,0.999773047020223,0.9932703809703441,0.9771681931226486,0.9999725446313951,0.9981467470179527,0.9992018958379214,0.9999398882696794,0.9999620567426246,0.9961237029834095,0.9997773415691381,0.9981839708875077,0.9997480558216156,0.9995062962145634,0.998531404211803,0.9989285541147288,0.9977757292274204,0.9989062885161566,0.9997020801940879,0.9998218108305486,0.9997656653792072,0.9999333781501896,0.9992564095770351,0.9988211022777446,0.9982096559168072,0.9945836425184282,0.9995516087226867,0.9996121274120872,0.9993817431560661,0.9992200583871522,0.9996514195734361,0.9992252936046864,0.9998848526645344,0.999868702059932,0.9980557912663696,0.9999053726074963,0.9988640551369935,0.99997115782888,0.9990897516661316,0.9991668397519412,0.9962394660662035,0.9968941947106005,0.99984639220941
0.5750000000000001,0.9987246902781199,0.9791671738579587,0.9999920511780169,0.0012753097218808306,0.9999190916848817,0.9966324514267197,0.999927441346847,0.9994077308026728,0.9996546073761794,0.9986616637350098,0.9999328972898656,0.9999376030388011,0.9986635092981508,0.99999195868277,0.9993293479234292,0.9997905958579705,0.9992428868373677,0.9971124009231103,0.999574196893432,0.9996748589438154,0.9998015821421589,0.9999674362339963,0.9998558957098405,0.9994144535335843,0.999961683855516,0.9999707739641797,0.9991702392717903,0.9992869153956674,0.9999311561896577,0.9998707633954446,0.9991063503149976,0.9988460417957158,0.999465003964048,0.9996738299652623,0.99619607597045,0.9998551647051255,0.9999683356112236,0.9990424008377135,0.9999310052747579,0.9867889363205355,0.9999032931332215,0.9998158530603721,0.9994845838595605,0.9999666424460696,0.9866633284718993,0.9995291402442616,0.9999146241274269,0.9989760342589995,0.9994863649076265,0.9999493176506944,0.9997257826029635,0.9997066343854447,0.999537767851797,0.9994753198258624,0.9999800853673475,0.9998552832707174,0.9996109281204593,0.9997251182284569,0.999830890587789,0.9997192265832092,0.9996255898406511,0.998288216416212,0.9999920511780169,0.9995177759479246,0.9993783009903472,0.9969868119166617,0.9992521135792445,0.9990227046610907,0.999071486059039,0.9984303399798676,0.9984229048994927,0.9998401223041903,0.9992837744844907,0.9791671738579587,0.9994025073915697,0.9998213313418464,0.9992316869824915,0.999425598566972,0.9998361235173592,0.9997668476437044,0.999921086073516,0.9999397197009526,0.9966592500218578,0.9997896981441556,0.9996087912395049,0.9996016341840136,0.9981540273513366,0.9996641729785661,0.9974970104352736,0.9999229607110374,0.9997177365026654,0.994923161448504,0.9813672859451819,0.9999685151072415,0.9981949135896362,0.9992091634395566,0.9999130964073889,0.9999721029858241,0.9952919029064673,0.9998687503357951,0.9985236469857036,0.9996872734081645,0.9995178223609246,0.9988901692364821,0.9992443732998252,0.997696817931239,0.9991695714295918,0.999714162406916,0.9997948690959118,0.9997711286237497,0.9999048255187832,0.9994647961814227,0.9987293258008653,0.9982915991031844,0.9948140832167321,0.9995599897434416,0.9994777403098382,0.9995313439863722,0.99918398954848,0.9995237084133743,0.9991890309802686,0.9999248003934458,0.9998193484413355,0.9984693307691063,0.9999292407127245,0.999215084266158,0.9999589451102454,0.9991183532990907,0.9991051939339364,0.9971606306049685,0.9971193641242443,0.9998978497982551
0.58,0.9987723369664726,0.9764330854355852,0.9999931573033489,0.0012276630335269867,0.9999680368548374,0.996392526129053,0.9999133483020303,0.9993500658252172,0.9995855330927145,0.9989769862002453,0.9999694526275622,0.9999344423542472,0.9987548951486641,0.9999917111546366,0.9993327089703937,0.999775343433059,0.9992774274770985,0.9972714956093938,0.9995508076467157,0.9996405642968256,0.9997635794002943,0.9999931573033489,0.9998410060339723,0.9995571821076,0.9999438074296154,0.9999659565725891,0.9994445523594643,0.9993585269001903,0.9998731483292365,0.9998707118936507,0.9992611766472358,0.9986183946794939,0.9994460161008198,0.9996493266861683,0.996734074041356,0.9998213526076585,0.9999508930279791,0.9991209254711952,0.999978963260354,0.9897908926699288,0.9999505247775607,0.9997811235938288,0.9994437896705768,0.9999835926833083,0.9866822435746646,0.9997155689013117,0.9999157782166926,0.9991004345589813,0.9996587898264863,0.9999212823319684,0.9997859116495111,0.999791993730363,0.9996157878178309,0.9994184105920667,0.9999554772876748,0.9999137674098572,0.9996376180749807,0.9997505946858442,0.9998720368238581,0.9996835582469488,0.9997119386026688,0.9984785013391946,0.9999899983555368,0.9995482240700688,0.9991595263669084,0.9962212053258224,0.9992444582858728,0.9990989420880014,0.9990823637795275,0.9982800999179958,0.9983692994470938,0.9998538950179132,0.9992260061959959,0.9764330854355852,0.9995864397256188,0.9997349974868838,0.9994392391275019,0.9992307997744487,0.9998060428761387,0.9996612418201546,0.9999640861768502,0.9999212878101407,0.9967899754454209,0.9997844979576773,0.9997126443209612,0.9996241201225902,0.998429414461555,0.9996263784361563,0.9980435866740016,0.9999218768013869,0.9997719517652184,0.9949259547397117,0.9814427761868627,0.9999639280274992,0.9978672091709598,0.9989898561761001,0.999954054716314,0.9999818034769026,0.9965420754975746,0.9998655203649955,0.9988042843691921,0.9996152117764964,0.999492494371502,0.9989614112126283,0.9990570361211694,0.9980268310225914,0.9990889926859537,0.9997399886604377,0.9997682091241998,0.9998098137175214,0.9998961394404711,0.9995230714341152,0.998941586083148,0.9987922150757219,0.9951609922301949,0.9995452022527956,0.9994889749538791,0.9994987177638871,0.9992318521597505,0.9993597174444878,0.9993368880053433,0.999937564005268,0.9998098644857504,0.9983254439997071,0.9999233242566734,0.9992254729451385,0.9999464787360023,0.9990607476412351,0.9993631857618782,0.9978937163249288,0.9978524254076248,0.9998547017718811
0.585,0.9987683575638452,0.9693801335830842,0.9999999676475545,0.0012316424361550385,0.9999717998201725,0.9971759161711276,0.9998934353889285,0.9993349588720983,0.9995123635129493,0.9991524320367565,0.9999695852275092,0.9999368855393567,0.9988648284862085,0.9999931168147368,0.9993331490608495,0.9997628435194431,0.9995171113087312,0.9969053193353486,0.9994881870500516,0.999711479892099,0.9997363315799933,0.9999999676475545,0.9998043240410021,0.9996617863756146,0.9999586066661312,0.9999603235493452,0.999650889915133,0.9994331330145714,0.9998718607691316,0.9998495990282484,0.9992288363869438,0.9990397852480147,0.9991735391209259,0.9996225822742449,0.9962066073087272,0.999784951877957,0.9999478490903313,0.9990975711567787,0.9999978486536162,0.9907237150787167,0.9999599399151231,0.9997779677108222,0.999523694841858,0.9999777327555968,0.9867524703259118,0.9996565624574688,0.9999305939825965,0.9990391962139803,0.9996453362477119,0.99990918354809,0.9997822435183387,0.9997467206138203,0.9995753024776581,0.9994213932510216,0.99994899827738,0.999887090211962,0.9995580719132238,0.9997452917762973,0.9998432672988288,0.9997544160187335,0.9997821523465734,0.9981596556896515,0.9999867042229427,0.9996636395036839,0.9993027413388992,0.9970582672544184,0.9992403606394209,0.9993780183731126,0.9991164659844676,0.9985897981780707,0.9985608998267883,0.9998982374954046,0.9992609270083854,0.9693801335830842,0.9995906484905831,0.9997440465821219,0.9993125538336741,0.9991848103097951,0.9997768869412825,0.9996855234676962,0.9999631075577049,0.9998961948503576,0.9966803684296218,0.9996659208482689,0.999626065217096,0.9995992576558145,0.9986384961489921,0.9995997861506817,0.9977968874296699,0.9999635489213875,0.9997314440246284,0.9951969121098322,0.9845529806233428,0.9999607771972417,0.9981935081869694,0.9993229108359136,0.999978245963112,0.9999926809265263,0.9960334897809948,0.9998700979074879,0.9983866780282686,0.9996034327623945,0.9994486650936513,0.9990915467550349,0.9989357821308792,0.9978991390143611,0.9988185782989367,0.9998319859951759,0.9998697180107927,0.9998723796018268,0.9998591138972764,0.9994826970946836,0.9989464251209415,0.998744459179933,0.994677966786395,0.9995361428345793,0.9995100136437759,0.9996267782179792,0.9994253343136978,0.9994150084514782,0.9994559711795609,0.9999452986656592,0.999791455624116,0.9987238481421787,0.9999160542889087,0.9992268287426347,0.9999239758739472,0.9991785209312568,0.9993043737356332,0.9979941394860522,0.9984155070239472,0.9998478032347263
0.59,0.9987767103738318,0.9670813511445095,0.9999967383752096,0.001223289626168077,0.9999946739077057,0.9963340357681109,0.9998899405351733,0.9990877426702225,0.9995084934704619,0.9990929936364961,0.9999721367229136,0.9999411806314574,0.9987456234207817,0.9999924240717998,0.9993483035981668,0.9997438864061803,0.9994695170647973,0.9966604102223116,0.9994446936811913,0.9997674468230568,0.9996781203463265,0.9999967383752096,0.9997968197015106,0.9997506655572694,0.9999768800945549,0.9999538593358795,0.9995573673800675,0.9993135308539003,0.9999268686659197,0.9998174337739588,0.999229824564952,0.9990343407035002,0.9988201787195097,0.9995481186520487,0.9968747351916173,0.9997504286960013,0.9999530409616652,0.9993350092060742,0.9999870116157648,0.9927139915015823,0.9999839685902431,0.9997304520690047,0.9994830816573806,0.9999786562542956,0.9874003961945643,0.9996788285809848,0.9999399645431389,0.9992759913803625,0.9996056555458542,0.9999120708823676,0.9998050753715007,0.9998336517704965,0.9996121506712994,0.9994981158100287,0.999977553449396,0.9998802486815724,0.9995872849877843,0.9996551188332526,0.9998948122110678,0.9998225582819423,0.9998086670366579,0.9985835551158574,0.9999855543490839,0.9996337860818696,0.9990566576741001,0.9973950907202511,0.998941278916245,0.9993341501965503,0.9993350347390859,0.9985209782627286,0.9989679609675821,0.9998792875438967,0.9993428092879316,0.9670813511445095,0.9995939564532376,0.9998341192505981,0.9992290168671096,0.9989067667757061,0.9997666946470767,0.999686811415251,0.9999366837185901,0.9998674264965421,0.9959861080744518,0.9994960697199414,0.9995896135441764,0.9995536953781519,0.9988858260150233,0.9996106604618202,0.9980455642700569,0.9999630311111357,0.9997038336648253,0.995683482513658,0.9820630315727396,0.9999520971559339,0.9978464285710243,0.9991897602856414,0.9999834137063366,0.9999891794026093,0.9962303726719082,0.9998558642862516,0.9986077763614255,0.9995587123174804,0.9994091817828317,0.9990426592107452,0.9987753892421999,0.9983412160808347,0.999139882759973,0.999891424363659,0.9998621857768911,0.999881754862934,0.9998256863632821,0.9994434464201806,0.9991338165087281,0.9987677658225937,0.9960134876725895,0.9995359473159218,0.9996431878908509,0.9997248068015544,0.9995696739014297,0.9995864304045589,0.9994381642910584,0.9999380708523694,0.9998221161972839,0.9989143395642622,0.9999137653876556,0.9994795960626538,0.9999393721434808,0.9990988010523166,0.9993284815901471,0.9985426279264503,0.9984733472495664,0.999896041311754
0.595,0.9988494117008406,0.9721574095080653,0.9999992616696556,0.0011505882991589926,0.9999935924166552,0.99668972318767,0.9998829361301402,0.9992301153657968,0.9995356462655612,0.9993226197226219,0.999950503900197,0.9999078775868228,0.9986347420247133,0.9999957449584419,0.9993650440988179,0.999724883236061,0.9996608543872622,0.9965768848645965,0.9994348985036868,0.9998084548075282,0.9996589032351498,0.9999992616696556,0.9998515932781098,0.9998172861073096,0.999974328614846,0.9999614436290082,0.9995339011373573,0.9992488417946034,0.999948674650871,0.9997850026825791,0.9993398010570859,0.9988051425575694,0.9987227903932461,0.9995620526320721,0.9970974815899811,0.9998388256828417,0.9999564873821437,0.9995282141076705,0.9999695891205713,0.9929273906749534,0.9999854285396296,0.999780770930027,0.9994328950261757,0.9999907936787485,0.9870774262711787,0.9998096285312592,0.9999622524955333,0.9993584456488233,0.9994403103993055,0.9999097011288166,0.9997607371502246,0.9998049285738082,0.999671206421528,0.9995049219344265,0.9999751601187336,0.999868810418981,0.9995792746101229,0.9997759364576697,0.9999087059767535,0.999877159649377,0.9998295487978097,0.9986290462544025,0.999980200970932,0.9995983554432852,0.9991619858061882,0.9976417905559701,0.9992638485686687,0.9992902657009939,0.9994990689351325,0.9983840572034415,0.9987311175753057,0.999901204111374,0.999368003743793,0.9721574095080653,0.9997295911027205,0.9998273906255325,0.9994418336334552,0.9988365127169663,0.9996768634946881,0.9996681834917219,0.999930161559263,0.9998453232652296,0.996477852553031,0.999507537397455,0.9996539125260269,0.9994902643915871,0.999086365447339,0.9996004720132995,0.9983306454818066,0.9999696184295742,0.9996678639611238,0.9943417725589078,0.9851322474308176,0.999935490064442,0.9979343932009576,0.9991050444427222,0.9999820166820302,0.999997653288937,0.9953753361353999,0.9999228484091403,0.9987461894959582,0.9995180159721038,0.9993759013115671,0.9991139618213367,0.998886478122942,0.9985786096706111,0.9988861290428521,0.9998937955186479,0.9999307008701626,0.9998820712998222,0.999836456516223,0.9996006214285689,0.9988161537054336,0.9987668521627654,0.995776521122087,0.9995654330370828,0.9996416526972851,0.9997978671630302,0.9994318809952002,0.9994669424722527,0.9994235314635934,0.9999318689811469,0.9998570938059547,0.9991689923144227,0.9998522775329994,0.9996589632473781,0.9999485923016384,0.9992608768716607,0.9995402938461033,0.998596422401295,0.9984411297695058,0.99991329585116
0.6,0.9989292353017738,0.9773533409602079,0.9999988971294238,0.0010707646982259962,0.9999925358176531,0.9965714702918204,0.9999301607711142,0.9993650196003429,0.9995073193034817,0.999412142995564,0.9999304550734888,0.9999129239291977,0.9984675589350224,0.9999897571088554,0.9993323402807422,0.999839189530022,0.9996229700805401,0.9954750235574364,0.9994394030287014,0.9997829207202642,0.9996288317805062,0.9999988971294238,0.9998602908993295,0.9997761763542337,0.9999649473569013,0.999946934056195,0.9994672848214196,0.9994584709424905,0.9999513562228716,0.9997566070565673,0.9990775905822612,0.999178994763045,0.9986915113335281,0.9995379059250028,0.9976406078079326,0.999789480068714,0.9999545024288191,0.9995027918288262,0.9999476368989074,0.992610378726043,0.9999871487742875,0.9998376616731254,0.9995026585720885,0.9999910777292185,0.9871302587585484,0.9997589596655281,0.9999715869204866,0.9995289769549222,0.9993692186036981,0.999912710459624,0.9997455966132345,0.9997453754633427,0.9997246249663609,0.9995780458979673,0.9999461321460685,0.9998838956162666,0.9997325132107265,0.9997937826862234,0.9999015703494959,0.9999049703075171,0.9998725860140836,0.9985643131012116,0.9999684381522884,0.9995671118230204,0.9992909117083804,0.9981393772304468,0.9995202067805417,0.9995003453351514,0.9995409827626461,0.9986711814331648,0.999084193952766,0.9999337144653246,0.9993273012537901,0.9773533409602079,0.9996024828282042,0.9998240415471856,0.999625403181668,0.9990861742603403,0.9996608836815458,0.9997819392020938,0.9999280434659176,0.9998092902265727,0.9973899726820211,0.9995312904859232,0.9997185484843392,0.999521046672746,0.9989938625273938,0.9995709845053787,0.9985222759938387,0.9999647752617934,0.9996080373681887,0.9939734910487662,0.9856181826501579,0.9999300408724763,0.9980668652008492,0.9991250431429235,0.9999955878362633,0.9999914409953731,0.9954634721952829,0.9999268480657932,0.9989264400881029,0.9994852373141961,0.999349227417864,0.9992995519158231,0.9987556775122769,0.9988551408150708,0.998895462890303,0.9999105768736364,0.9999237381660857,0.9998064457398035,0.9998436309068731,0.9996542440576205,0.9990237845142146,0.999153438313846,0.9968739739468031,0.999619021261196,0.999672652050988,0.9998337134337314,0.9992505180647603,0.9994346959031564,0.9994142388306614,0.9999509867199022,0.999830665046382,0.9989912396949782,0.9998345703451238,0.9997828523071258,0.9999275069424763,0.9990223193702445,0.9995309086095612,0.9984699734584951,0.9988561586655791,0.9999403447181365
0.605,0.9989462591597164,0.974425608968146,0.9999986537315956,0.0010537408402835234,0.9999922102525688,0.9973464701130219,0.9999553266127056,0.9993564572427448,0.9995223639053948,0.9993371300026731,0.9999445333839835,0.9998901850469126,0.9987316141432616,0.9999870436400778,0.9995043315691328,0.9998308128879995,0.999601780752969,0.994797206372805,0.9996410531519575,0.9998014982912893,0.9995817654514463,0.9999986537315956,0.9998461917453976,0.9998347229795481,0.9999727783041359,0.9999307031601452,0.9993289861082385,0.9996083339624188,0.9999704959124106,0.9997766979649536,0.9990751546280885,0.9991434792988303,0.9988745444060922,0.9996578624555478,0.9974388740096696,0.9998323368773085,0.9999462437217318,0.9994809129613852,0.9999801054274249,0.9926030571319009,0.9999630424020337,0.9998717758928897,0.9995733401112256,0.9999839721560241,0.9871400825814968,0.9998643825711582,0.9999699411949994,0.9996016269179666,0.9991288536651576,0.9999042892211661,0.999670004558584,0.999837618878427,0.9997670903021001,0.9996359561526227,0.9999330911485771,0.999856591270328,0.9997092385823494,0.9997927660796959,0.9999036344126279,0.9998759637689622,0.9998541823086191,0.9986559072316048,0.99997679839901,0.9994484942758735,0.999045893258152,0.9984078700423279,0.9995332797235024,0.9994861758838082,0.9995362232751692,0.9989039288644888,0.9992101511271377,0.9999618062339022,0.9993836983302078,0.974425608968146,0.9994497717148102,0.9998224375169569,0.9996119649940898,0.9992024781245236,0.9995388401229119,0.999673506730224,0.9999204894189514,0.9998101055651164,0.99748798364747,0.9995048545806426,0.9996887250701583,0.9994576317382101,0.999165977116812,0.9995686655310437,0.9982499911186817,0.9999671505173148,0.9995392889715745,0.9937718594756131,0.9882061019578235,0.9999157292133937,0.998475224945391,0.9993965020415205,0.9999934286999521,0.9999958287152629,0.9966512958693825,0.9999288842724097,0.9991254307358437,0.9993473803823602,0.9993270386525289,0.9992650641887028,0.9983850490506216,0.9988765633832213,0.9991620686579566,0.9998771678261713,0.9999097785150783,0.9997100701717708,0.99982260947555,0.9995537228861489,0.9992302770025268,0.999148405016081,0.9969248466513622,0.9995591183272886,0.9995270570630373,0.999809368779032,0.9990122477789799,0.999403013858179,0.9995440841224144,0.9999488666140476,0.9998946830221377,0.9992033844683924,0.9998241880444301,0.999866226710683,0.9999140446704506,0.9992183022299755,0.9994794874164717,0.9982104061409487,0.99916591552633,0.999945390006636
0.61,0.9989431837033975,0.9764438715999871,0.9999998208321426,0.0010568162966026117,0.9999806686705116,0.997957132644338,0.9999461468543125,0.9992702543754642,0.9995502310314929,0.9991368172953812,0.9999409299375356,0.9998934335426144,0.998631041140104,0.9999783734571571,0.999311036441828,0.9998384516317491,0.9995599266982946,0.9948982555282014,0.9995965213895169,0.9998374954604671,0.9995579309219291,0.9999936908166048,0.9998275392050123,0.9998046788758219,0.9999906229243849,0.9999106230735327,0.999354518543807,0.999569627769992,0.9999582519565157,0.9997487664204897,0.9990344865319818,0.9991269382895391,0.9990373434435523,0.9997466204994584,0.9968671672910622,0.999857602118485,0.9999456814662273,0.9993184836899343,0.9999602276079643,0.9922662500429977,0.9999293309516959,0.9998925584691651,0.9995873530788147,0.999964860150041,0.9886616372764551,0.9999278958466714,0.999976373327663,0.99957042918675,0.9990252023920625,0.9998574862755037,0.9997271904123185,0.9998173199642441,0.9997999453843045,0.9996836702596179,0.9999288401953563,0.9998186546883636,0.9996316485065496,0.9998720225244045,0.9998790797887996,0.9998725037791111,0.9998767141950857,0.998764444807576,0.9999915392380735,0.9994154619641282,0.9987283847352946,0.9987276605861599,0.9993416718945972,0.999348599416529,0.9995686850579926,0.9988772089480915,0.9990497386012052,0.9999772455894607,0.9993646455048312,0.9764438715999871,0.9994714660158182,0.9998884200691116,0.9996608555912511,0.9993268906044,0.9993992581564275,0.9996666152155104,0.9999672504073415,0.9998742412509204,0.996820385108452,0.9994955619136158,0.9996627553014263,0.9994835251707833,0.9992122286741081,0.999677005228659,0.9979910578169141,0.9999797949217408,0.9994332302328399,0.9952113906501961,0.9851012666119773,0.9999069824956724,0.9985596695954188,0.9993852534073695,0.9999992806046751,0.9999998208321426,0.9966004022158101,0.999921638921562,0.9993308387592443,0.9995813690362942,0.9995272500783485,0.9992311642124839,0.998208365142199,0.9990320428725311,0.9991295043228368,0.999830961077496,0.9999085277790303,0.999713647414718,0.99979594979038,0.9995079636702249,0.9992247543596692,0.9991737599340564,0.9968770646530857,0.9994987626872801,0.9995591948337954,0.9998537423297247,0.9986999641576482,0.9994478086823088,0.9995249001416788,0.9999503903959756,0.9999199500185199,0.9990423110047549,0.9998113395771085,0.999850395537049,0.9999021333020273,0.9993919758369577,0.9993454726584523,0.998116468806755,0.998984072860617,0.9999555789023046
0.615,0.9989725495549009,0.9743909920444599,0.9999989753729459,0.001027450445099422,0.9999778009242283,0.9973785729385091,0.999949486315752,0.9993580662407924,0.9997084931728923,0.9992704666382138,0.9999282763462005,0.9998407427885211,0.9985507668542474,0.9999848941377936,0.9993108993226077,0.9998374303743514,0.9995587221617588,0.9958538534189876,0.9996044089458773,0.9998843009909826,0.9996397815474256,0.999992868445749,0.9998454580626348,0.9998731716505213,0.9999863886079076,0.9999072423311098,0.9993123969821598,0.9996332497889845,0.9999583638894584,0.9998158487635996,0.9986890368909258,0.9994203740323502,0.9990034334818666,0.9997636018014372,0.9961972720019917,0.9998344859393316,0.9999438822902547,0.9995046235915372,0.9999369746476524,0.9921238176048697,0.999945622362638,0.9998795064506417,0.9996793474171024,0.9999493119569212,0.9892116081313516,0.9998897817141995,0.9999741066818186,0.9996968022323305,0.9990920568930389,0.9998541049055778,0.9997713629863862,0.9998040981684818,0.999824290053479,0.9995671583324999,0.9998766752351467,0.9998387393456385,0.9995528456940107,0.9998513536688985,0.999865905090664,0.9998794243059745,0.9998535030095028,0.9986566199323029,0.9999902470930159,0.9994671089225577,0.9983253763632026,0.9989892477898622,0.9995776077452341,0.9993172735882732,0.9995745241679405,0.9990680380559797,0.9993026950817513,0.9999895229937572,0.9991058625578807,0.9743909920444599,0.9994309874843712,0.9998789428985148,0.9996568134236389,0.9994866182102167,0.9996149235713061,0.999663414796142,0.9999675070011507,0.9998536604961039,0.9970624873099919,0.9995184368890039,0.9995841165474951,0.9996458878772746,0.9993647394765832,0.9997582068460986,0.9983002261570791,0.9999870705069474,0.9995587469236639,0.9956251797093347,0.9879758871437851,0.9998893118906687,0.9986676682743922,0.9994007907792231,0.9999987270806966,0.9999989753729459,0.9960755596063253,0.9999559826820084,0.9990822325316708,0.9995385094959411,0.9994403449073638,0.9989895663299058,0.9984882331833446,0.9990224306507519,0.9992093409646119,0.9998590354335621,0.9998958463808457,0.9997791821531039,0.9997378604004841,0.9996023283889934,0.99925987092879,0.9990771249457117,0.9977305463643625,0.9994961528564861,0.9996591662431463,0.9998358479300611,0.9988369643951123,0.9994337802296139,0.9995009452715191,0.9999532070350609,0.9999348093723951,0.9990503317352646,0.9998491811128984,0.9999153026340873,0.9999432092085778,0.9992536483546729,0.9993908334707385,0.9981010547633341,0.9987657408033117,0.9999406707005847
0.62,0.998913952903326,0.9661562669838865,0.9999991217159474,0.0010860470966743436,0.9999729412659191,0.9975352377417455,0.9999446958970397,0.9992769341240928,0.9996622222368027,0.9993827802136456,0.9999285734381389,0.9998427655164892,0.9987298311852603,0.9999831000286958,0.999325920899213,0.9999126313323381,0.9993754344081829,0.9945554771722265,0.9995673796835317,0.9998841949347181,0.9997423720276737,0.9999813299254339,0.9998197376681278,0.9998577526136034,0.9999767836552446,0.999888691816959,0.999298006786549,0.999581951175175,0.9999782545804241,0.9998638475428505,0.9989604649797201,0.9994151746286214,0.9991814405076616,0.9996719125848804,0.9965527397635426,0.9998262110789113,0.9999302374716074,0.9994805007586737,0.9999707346826535,0.9921783427964936,0.9999766248530779,0.9998297105374169,0.9997247847419555,0.9999753888633888,0.9889484919197438,0.9999023951627414,0.9999770296277779,0.9996146611763406,0.9991708471702337,0.9998584881535019,0.9997605396743807,0.9998226639752757,0.9998133646407864,0.999525694450417,0.9998629114816218,0.999831848520126,0.9994815065901198,0.9998618164330018,0.9998585980014985,0.9998837689601342,0.9998092850895938,0.9985490988314424,0.9999905412851897,0.9994104874210544,0.9978290779381279,0.9991644704854018,0.9995780671958603,0.999291029315069,0.9995911800738605,0.9992626705080153,0.9992008459260197,0.9999881533911577,0.9990628555079748,0.9661562669838865,0.9994399931851607,0.9998105874499824,0.9995601094861049,0.9994661300844265,0.999527780224981,0.9997871346567966,0.999990997048229,0.999908994383301,0.9978462135490841,0.9993102070461326,0.9995263316461622,0.9996053262091967,0.9993908100760652,0.9997557389078778,0.9984729472201669,0.9999825598805923,0.9995234876308581,0.9959084605406272,0.9886534873275332,0.9998737873709944,0.9987939752778805,0.999303295321859,0.9999991217159474,0.9999984272201744,0.9971308407429821,0.9999585131378704,0.9990008266297523,0.9997189759616462,0.9996095748406082,0.9992416166394613,0.9983447450886462,0.998650442500528,0.9989331320968297,0.9998848308760092,0.9999338702061943,0.999674524389231,0.9997426825586324,0.9995785758316291,0.9993260377348728,0.998977810859502,0.9977904245239331,0.9995113191410181,0.9997576229568169,0.9998182048237807,0.9988124194849217,0.9992407021538301,0.9995013117261992,0.9999569479790757,0.9998952732728399,0.9992546893163379,0.999752639691308,0.9999163719310478,0.9999742617852726,0.9992346004206984,0.9994454102919184,0.997614845332832,0.9988273639891393,0.9999368872411444
0.625,0.9989956499879534,0.9731917488451555,0.9999991369784764,0.0010043500120463743,0.9999651421979021,0.9974582442339387,0.9999557144229564,0.999406857148025,0.999777269639402,0.999539634459515,0.9999401589985469,0.9998459180078453,0.9989333369643523,0.9999673999823347,0.9990536925317921,0.9998779819568302,0.9993892256368256,0.9930472568579478,0.9997251686405692,0.9998980427524266,0.9996859841144428,0.9999812027473156,0.9998757722948819,0.9998972564387156,0.9999657019850549,0.9999045746875576,0.9991440110828604,0.9996291526572041,0.999979820799491,0.9998623734246574,0.9989421315100901,0.9994266789048953,0.9993334103561502,0.9997435349463881,0.9972511667298996,0.9998642633828089,0.9999401901136444,0.9995324474195519,0.9999673884276755,0.9925277784970324,0.9999781423313094,0.9998186724737324,0.9996390129006951,0.99998567498095,0.9913707983762741,0.9998953968458287,0.9999790148320457,0.9995826104148844,0.9992579620331015,0.9997926831361083,0.9997683371190269,0.9998201107699217,0.9998368873591102,0.9995022759831729,0.999847465421878,0.999897993228745,0.9995392361749468,0.9998633115817466,0.9998469161225514,0.999894987701386,0.9997760744786676,0.998059070590035,0.999987143775426,0.9995711790902151,0.9975669314360112,0.9993174883583816,0.9995789792810275,0.9992738037518779,0.9995693654371501,0.9992162375854512,0.9994298853447924,0.9999969312948785,0.9990597764584018,0.9731917488451555,0.9994632968464396,0.9998137429463979,0.9995517777933156,0.9994425680141331,0.9994533532262437,0.9997891340498208,0.9999849915168132,0.9998972974375245,0.9984445798298986,0.9990249761491248,0.9995006792370082,0.999586020825834,0.9994296071053339,0.9997838412302271,0.998267565482406,0.9999751488691802,0.9994954445680001,0.99543955155009,0.9904890164068995,0.9998580460813302,0.9986992145159547,0.9991842958206555,0.9999991369784764,0.9999987509209112,0.9971991364432047,0.9999827543769866,0.9989512128018817,0.9997180869577925,0.9995455121654845,0.9992786111230986,0.9984328464552601,0.9986851056228575,0.9985595337223467,0.9999111270444151,0.9999440178068983,0.9997478583035536,0.9997457063359952,0.999547397192429,0.9994967190661687,0.9990539148168649,0.9978761883255761,0.9995152525001217,0.9997742852730778,0.9998476772919832,0.9984789448763274,0.9994548526777872,0.9994561826604491,0.9999612293751274,0.9999087875360017,0.9991831360460945,0.999732848817224,0.99990478446173,0.9999713163384694,0.9993839433444107,0.9995017539594392,0.9976299111041043,0.998596024972061,0.9999465107944083
0.63,0.9990469626759485,0.9788995513756878,0.9999980901791322,0.0009530373240514677,0.9999668961907119,0.9980331258475654,0.9999472274557215,0.99954324887013,0.9998109353756265,0.9995949880061882,0.9999069092688051,0.9997727190095342,0.9991324109817669,0.9999900232822442,0.9990638691565387,0.9998358613038543,0.9991547782817304,0.9914139560075717,0.9997048455146977,0.9999358751860176,0.9996529005548855,0.9999949696335042,0.9999121407220938,0.9998795263915157,0.9999551402563608,0.9999496867054466,0.9990184774944698,0.9997545328315879,0.9999829458955811,0.9998861406406935,0.998951552470259,0.9992924542938799,0.9993275128549863,0.999724191056036,0.9976803597995789,0.9998877954032398,0.99992899964634,0.999506709294623,0.9999468943217059,0.9931466111529929,0.9999777013362469,0.9998140688256276,0.9996872083194744,0.9999808015258966,0.9901930842501785,0.9999487777512067,0.9999741178706917,0.999475249072849,0.9992200584342448,0.9998022577895755,0.9998248079147726,0.9998278529918231,0.9997935229742629,0.9995157839622356,0.9998928380492673,0.9998914009851658,0.9993969878819909,0.9998401657061412,0.9998670611174849,0.9999337514273529,0.9997718579930364,0.9982351378866361,0.999995228248908,0.9995656178935959,0.998011413559177,0.9991000436901086,0.9997464657711905,0.9991037894629388,0.9996557520505333,0.9991754019974107,0.9993857539808846,0.999997663830279,0.9992818369878886,0.9788995513756878,0.9996308125197796,0.9998120960734413,0.9996971489257861,0.9994040893881161,0.9994122982461384,0.9997917363710829,0.9999828581009323,0.9998838715772721,0.998509392261823,0.9989929487526326,0.9995416315238107,0.9995648797656029,0.9995463294326408,0.9997036609044166,0.998141377721557,0.999970040301791,0.9994085552981288,0.995288556737328,0.9921556689886946,0.9998618925400432,0.9986095229267868,0.999086048427808,0.9999967817800463,0.9999980901791322,0.9971318832448564,0.9999796553523349,0.9992028995658802,0.9998388343417007,0.9995154843173489,0.9992492112406843,0.9982887939331131,0.9987586994328552,0.9980534435135346,0.9998966788327595,0.99992923166335,0.9998042012765346,0.9996862688493121,0.9996701894855049,0.9996474237812151,0.9993155246811495,0.99791349472862,0.9995421023522573,0.9997624254569166,0.9998527762666461,0.998702617310431,0.9994307331787675,0.999458407615592,0.9999716453275306,0.9999428965373669,0.9991243115229411,0.9997101004864505,0.9999507672618957,0.9999625998352173,0.9993086739541379,0.9996601348142226,0.9971846899721065,0.9986442952708379,0.9999596142992998
0.635,0.9991756712447387,0.9834652897447266,0.9999981262745016,0.0008243287552611959,0.9999860192467268,0.9984828568237294,0.9999499886564173,0.999668606441006,0.999871638842994,0.9995997933100152,0.9998579864771667,0.9998589611918485,0.9993080192170785,0.9999979155198464,0.9991028760777452,0.9998414253647828,0.9991853604557902,0.9934150472392647,0.999706589748432,0.9999187498399102,0.9996095808514167,0.9999946424515812,0.9999162251582958,0.9998780880758278,0.9999468645239792,0.9999326565458377,0.9989953796623471,0.9998371580071991,0.9999926199438142,0.9999120395841428,0.9989904322483006,0.9991765996495016,0.9994727068448003,0.9997530530872079,0.9981381509606796,0.9998485324225321,0.9999401475489383,0.9995092018710432,0.9999237547671178,0.9933676777713043,0.9999733065401283,0.999874644322477,0.999725083771765,0.999977032412055,0.9924796091128205,0.999915600755181,0.999972629721378,0.9993784339105143,0.9992019734517904,0.9998150147522441,0.9998091384872473,0.999798792535596,0.9997463452485383,0.999649629192045,0.9998823118741718,0.9999017646058509,0.9992347508880642,0.9998405411116542,0.999838698444536,0.999932174567276,0.99976216685285,0.9985790513948402,0.999991433116167,0.9995411003565136,0.998203921239097,0.9990801939044341,0.9997229161999514,0.9990906001979333,0.9996571016061766,0.9991775339422526,0.9995738764618913,0.999993161339754,0.9992540825530675,0.9834652897447266,0.999633473982789,0.9998086517578001,0.9996500503840667,0.9995336766901777,0.9996085561933145,0.9997934957404263,0.9999672594779611,0.9998669096614927,0.9986471067484107,0.999152871408593,0.9996748204074455,0.9995086033066626,0.9996501002040066,0.9996921662848438,0.998502487400738,0.9999698296731562,0.9993890949330253,0.9956815645310836,0.9936311617254387,0.9998659463562092,0.9988142025067913,0.9991156101553993,0.9999981262745016,0.9999961984405575,0.9971984084438594,0.9999729241747486,0.9994236225903214,0.999838219235307,0.9996529362277395,0.9992974203271382,0.9985718499315676,0.9990238431026878,0.9980502389231509,0.9999062708793661,0.9999226815442224,0.999846987949529,0.999743425276644,0.9997268817611128,0.999767403652285,0.9992636930535304,0.9980286538953275,0.9995437173369035,0.9997427276447015,0.999842677208994,0.9989404729285009,0.999464237831471,0.9994604855896699,0.9999718508708193,0.9999457122435447,0.9992431939991825,0.9996937180166667,0.9999776957783629,0.9999836559050984,0.9991436244226973,0.9996177579776806,0.9979242148332131,0.9987187514206229,0.9999567490613998
0.64,0.999202764976696,0.9851624981027708,0.999999365996227,0.0007972350233038896,0.9999888624611867,0.998471598395503,0.9999528330664148,0.9997721554135337,0.9998649637910617,0.9996342177800471,0.9999100324487665,0.9997893498910491,0.9994517704155705,0.9999969797464074,0.9992943195120282,0.9998033315165125,0.9990647806240895,0.992318746605711,0.9996837708572044,0.999883965942656,0.9995898593881444,0.9999843798005105,0.9999169720665391,0.9998489977006523,0.999941564356105,0.9999647606480155,0.9990164716392538,0.9998353876074496,0.9999700076374297,0.9998803655157227,0.9989227920277046,0.9991003312168607,0.9995452640050518,0.9997909793138706,0.9984795085768484,0.9998142100763114,0.9999485402721932,0.9994921036916928,0.9999168511592663,0.9937248988518476,0.9999608489784858,0.999926085114095,0.9997828310705356,0.9999773080868776,0.9925093382529829,0.9999590476532513,0.9999704364339993,0.9995464342239715,0.9993104913932961,0.9998032788787738,0.9997328522355126,0.9997160554381058,0.9997403354570703,0.9996743738180586,0.9999141341963906,0.9999456405953653,0.9991445879806914,0.9998376699519251,0.9998942661293622,0.9999286353639236,0.9997570569914008,0.998778020129583,0.9999838799491674,0.9996580315454193,0.9984778475466931,0.9989265711189298,0.9996381427824391,0.9993943845721168,0.9997212560455456,0.9991344870877393,0.9995302931679306,0.999999365996227,0.9992298839993973,0.9851624981027708,0.999652579465794,0.9997998117011335,0.9996906445458136,0.9996218359502875,0.9995850120589981,0.9998618110435842,0.9999660159818141,0.999817743511173,0.9985304683918659,0.9991331615282887,0.9996394554138955,0.9996824448007312,0.9996234506146402,0.9997699780574861,0.9986467717164049,0.9999611473804999,0.9993887718839676,0.9959479217878653,0.992117366253028,0.9998775936155128,0.9990445312890408,0.9991605142116079,0.9999979966982004,0.9999986710929001,0.997967890995329,0.9999767720248441,0.9996008635202791,0.999802199421516,0.9996472635504763,0.9993392034144076,0.9988766966837318,0.99909648490275,0.9982949312336425,0.9999255472609577,0.9999447671668753,0.9997935933158925,0.9997407206603509,0.9997889062895938,0.9998545579419561,0.9994763339409422,0.9982005938233606,0.9995728563722007,0.9997318569722298,0.9998260880199686,0.9991650668438093,0.9994476120676358,0.9993214340085765,0.9999394326602588,0.9999171214477012,0.9992590203588967,0.9996837834637758,0.9999843574246979,0.9999926575666819,0.9990643799553101,0.9997473040048176,0.9974617564761272,0.9988205690493714,0.9999433008763567
0.645,0.9992366867499898,0.9871590016207279,0.9999995900985444,0.0007633132500100902,0.9999815885934665,0.9980550641421485,0.9999605958860288,0.9997509086177043,0.9998434706128221,0.9996699519153198,0.9998904715990641,0.9997652194724649,0.9995326835620028,0.9999949586851339,0.9993342189316234,0.9998030399657905,0.9991418771236982,0.9941935017891214,0.9997952320437606,0.9998806478276845,0.999551400630513,0.9999653234967238,0.9999003006386032,0.9998474812908579,0.9999105493573571,0.9999806566921184,0.998806678828269,0.9998773850593862,0.9999599705307369,0.9998323909766177,0.9989186354749334,0.9990940372399711,0.999653185993808,0.9998364554728794,0.9985646380184217,0.9998344608676858,0.9999515732586747,0.9995452806072384,0.9999596075537015,0.992052417422977,0.9999841314513915,0.9999317728780697,0.9997615540498345,0.9999721274546904,0.9931988272200983,0.9999573523416542,0.9999720152317191,0.9995131710529579,0.9993129952811088,0.9998200698063416,0.9997436351833112,0.9997384440954822,0.9997522856570547,0.9997010772231363,0.9999072414431899,0.9999561494852853,0.9989365181267821,0.9999123628984562,0.9998872625862903,0.9999455072008961,0.9997255968266546,0.9986988190485829,0.9999931577205338,0.9996414940531907,0.9987464760039331,0.9991105472423271,0.9996232184766327,0.9994095063284103,0.9997265163567567,0.9992365174706999,0.9995951153492832,0.9999979196961488,0.9992249837646853,0.9871590016207279,0.9996702895732585,0.9997992365698102,0.9998142330387814,0.9996100515403372,0.9995551946315708,0.9998656761275355,0.9999467148464067,0.9998817631490269,0.9984584045334073,0.9991136636680618,0.9995983763819387,0.9996507377313114,0.9996885540359873,0.9998279413349178,0.9984809604928201,0.9999786974624374,0.999274841342835,0.9958333624995297,0.9933368860901983,0.9998504007296851,0.998946992547939,0.9990500808124588,0.9999987837024185,0.9999995900985444,0.9978462665356514,0.9999898617981117,0.9995710846997246,0.9998953477741518,0.99965557292868,0.9994031399454542,0.9987914103036099,0.9990759594225118,0.9976855749250308,0.9999165303440023,0.9999601895301593,0.9998036111869109,0.9997313751291024,0.9998512291997972,0.9998532405991009,0.9996527547429276,0.9982944678968444,0.9995418058624358,0.9998111149008909,0.9998036992391113,0.999325142698641,0.999442318108707,0.9995075897221525,0.999879378937357,0.9998914712579418,0.9992907909811991,0.9996812378519606,0.9999840063429564,0.9999955166426883,0.9990646658929415,0.999729395551792,0.9976485893280365,0.9991203493466629,0.9999405506246193
0.65,0.9992648799360486,0.9896841730256969,0.9999996122860899,0.000735120063951704,0.9999801078389435,0.9980205832909308,0.9999603560381591,0.9998352577730868,0.9998689418332307,0.999664537824374,0.9998908999219672,0.9997707948418109,0.9996015127559642,0.9999960169427226,0.9994019537790502,0.9997984689760466,0.99923599489125,0.9956325290664034,0.99986908611891,0.9999287895803902,0.999672321820273,0.9999644799023253,0.9999441261341919,0.9998882064547682,0.9999009215326182,0.9999684178699152,0.9988234726218368,0.999841237087697,0.9999518473341349,0.9998562083676101,0.9989280455605479,0.9990138897068852,0.9996929690607681,0.999828710082613,0.9982776849715848,0.9998502717715074,0.9999567442167582,0.9995370332734838,0.9999541841475972,0.9910896417983414,0.9999797467771478,0.9999364866820337,0.9997347519865671,0.999971855368496,0.9913776374827404,0.9999550983618642,0.9999780439275522,0.9995129358385136,0.9994151878215852,0.9997555202811444,0.9997370062950155,0.9996584339433399,0.9997810591020632,0.9996865398571542,0.9999272405611158,0.9999624655653403,0.998978630210098,0.9999195503271471,0.9998991797485961,0.9999430106325792,0.9997133409597257,0.998874508249215,0.9999839147158207,0.9996193950173828,0.9986516958704116,0.9990270726681227,0.9995620411594262,0.9993117240945716,0.9997929429990161,0.9991970081384425,0.9996566458630769,0.9999964029787707,0.9993797665437572,0.9896841730256969,0.9997725547856098,0.9997013452379829,0.9999009741958548,0.9995843010656557,0.9995466864839035,0.9999213389528765,0.9999443533912031,0.9998853304033634,0.9981539589427811,0.9990939906042164,0.9995935914862534,0.9996332043001509,0.9996860725155118,0.9998315927034749,0.9987065784886017,0.999979761736905,0.9992911662628575,0.996285212408751,0.9947344067726342,0.999908291627434,0.9988668691647589,0.9990844316249852,0.9999989585164135,0.9999996122860899,0.9984137948605835,0.999995065693733,0.9995732540659192,0.9998936302122355,0.9996969423110117,0.9993559604935817,0.9987518813447016,0.9992309646414854,0.9976733300161064,0.9999154113653262,0.9999636625087723,0.9997263150360343,0.9996727016055511,0.9998926908932136,0.9999151665330245,0.9996346723230232,0.9979134434283944,0.9996609794339886,0.999878992774258,0.999742699124553,0.9992493558850201,0.9995002749697868,0.9995174406613816,0.9998887799812574,0.9998837003897769,0.999469365663156,0.9998016379808039,0.9999956124068555,0.9999963545980705,0.9992538910757475,0.9997591693164439,0.9972133830074184,0.9988897463839883,0.999922518628481
0.655,0.999311005123743,0.9905344571141029,0.9999999174990528,0.0006889948762571696,0.9999804304493918,0.9982496748156239,0.9999353870918898,0.999762812507751,0.9999038965075995,0.9995349170817316,0.9999374218701746,0.9997515689535256,0.9995480125605528,0.9999945861879512,0.999537146026684,0.999757684598278,0.9991540209668083,0.9955810480090398,0.999862693655337,0.9999084606799586,0.9996630349351728,0.9999827237926455,0.9999702702773097,0.9999271964724606,0.999909521402635,0.99997641653977,0.9988946469395971,0.9998724417518079,0.9999465779184529,0.9998713809964359,0.9989634801082539,0.9990033129568571,0.999729426742959,0.9998344005088916,0.9978818103892055,0.9997834124354228,0.9999544498540809,0.9993724822722446,0.9999376005685778,0.9922095192502774,0.9999856002308044,0.9999464074314803,0.9997047861767042,0.9999790860109793,0.9933816633875966,0.9999517950298742,0.9999760055226428,0.9993411262827329,0.9993804033564214,0.999667123442952,0.9997722733825256,0.9995892913372186,0.999779926539201,0.999676512583054,0.9999310731331051,0.9999788536669837,0.9990739515069069,0.9998808348649909,0.9998862094567919,0.9999502052753392,0.9996467882560098,0.9985440502974345,0.999991236364331,0.9995760787454013,0.9988703053957947,0.9992316752555651,0.9995527934033964,0.9995462234537192,0.9997943980280327,0.9992900579266523,0.9996069119660317,0.9999945559572224,0.999375087560664,0.9905344571141029,0.9997785900184275,0.99974165200643,0.9998854998271963,0.9994273366829375,0.9995489905708327,0.9999614254631014,0.9999229652031819,0.9998800553979906,0.9978216974427467,0.9990759170886075,0.9994647883140487,0.9996520866398708,0.999568228968067,0.9997898249878717,0.9989244982890362,0.9999701540390041,0.9991007786535897,0.9971183426951699,0.9959430231225427,0.9998925108119258,0.9983886399265026,0.999130387494813,0.9999999174990528,0.9999992544397125,0.9984937551127291,0.9999948128388209,0.9995901521859011,0.9998614211912434,0.9997688825596698,0.9994290431127115,0.9982941248632293,0.9991070416247616,0.998064510317197,0.9999295357445966,0.9999625951416133,0.9997327019397443,0.9997349064558255,0.9998851100066841,0.9999532676363314,0.9996131185974862,0.9984784442519389,0.9996394545453254,0.9998805975185698,0.9997124977667261,0.9994136882211669,0.9993134544212925,0.999502823585219,0.9999234020725868,0.9998829331402523,0.9994845246063175,0.9998030653940192,0.9999990989198493,0.9999992734737269,0.9990728890900187,0.9997845000651123,0.9979460038815442,0.9991789745398119,0.999919869016381
0.66,0.9993587668790069,0.9919531186269002,0.9999989410157624,0.0006412331209929866,0.9999836993307644,0.9986368993653189,0.9999370835068588,0.9997479502552521,0.9998994826363141,0.9995263277768043,0.9999432064939443,0.9997439255951206,0.9996270329580955,0.9999902420675083,0.9995659608981969,0.9997581120960735,0.9990687492825799,0.9956373762672901,0.999832775946029,0.9998933708381242,0.9997363517365819,0.9999615088853132,0.9999848785014577,0.9999202759539065,0.999928561119832,0.9999672537124179,0.9986558302709846,0.9998289514298394,0.9999636408016709,0.9999038675621981,0.9987097593755817,0.9993027631614734,0.9997622097660886,0.9998597583826152,0.9982490471866176,0.9997901629406112,0.999968660589665,0.9995268550666753,0.9999390111511819,0.9938533151202525,0.9999809312466771,0.9999411322563471,0.9997688003092191,0.9999694396707073,0.9933973899791402,0.9999232127220776,0.9999771027813138,0.9993875478431091,0.9993725318237039,0.9997125438264084,0.9997914338025679,0.9995660380754139,0.9997833502139137,0.9996801197144785,0.9999513694738524,0.9999769836888952,0.9989916983292185,0.9998642455540034,0.9999348248147558,0.9999488684143769,0.9996390146888808,0.9981908646042195,0.9999985891457018,0.9995676516914884,0.9989344398027171,0.9989702728347377,0.9995567438707211,0.9995755582374379,0.9997979865826653,0.9994025748827896,0.9996537572443911,0.9999928592535332,0.9993708716914231,0.9919531186269002,0.999661442330435,0.9996222465838843,0.9998825008470943,0.9992277489167586,0.9996990788996245,0.9999228209098585,0.9999254427006813,0.9998776473878894,0.9984244423630662,0.9990634172017548,0.9994970995676598,0.9997839728688468,0.9994228440402813,0.999779518659779,0.9991089657075236,0.9999730194716987,0.9991292739171458,0.9977805610362471,0.9961216997583642,0.9998735480125615,0.9983099957407966,0.9989646667167146,0.9999976855407857,0.9999986479169217,0.9988893513054562,0.9999902256735806,0.999718226955965,0.9999326099502727,0.9998139195055277,0.9994059625317562,0.9983268629941427,0.9992664837853976,0.9980774039134205,0.9999425866939513,0.9999630433826185,0.9997813214592086,0.9997408663660888,0.9998502694132778,0.9999415682479479,0.999575764427269,0.9981874720577882,0.9996609784728397,0.9998820793897423,0.9997027933504062,0.9993918532109758,0.999489960056371,0.9995254870434477,0.9999535348652038,0.9999118351645855,0.999436594943446,0.9998798601607464,0.9999988314627312,0.9999989410157624,0.9990664775188521,0.9997859998528716,0.9985060027549295,0.9992249819860668,0.9999249977768504
0.665,0.9994045648768805,0.992885141306042,0.9999999174257981,0.0005954351231196018,0.9999811764010919,0.9986429091737974,0.9999404173012114,0.9997418418521883,0.9999000254108847,0.999503654929189,0.9999451615134681,0.9998446852137725,0.9996921206775032,0.999998365782176,0.9995987718046545,0.9997207369347415,0.998987369407384,0.9959474494666802,0.9997986034303059,0.9998774548074619,0.9996980405623757,0.9999829627663103,0.9999798725022072,0.9999524483814641,0.9999496237497051,0.9999693106511016,0.9990495391772909,0.9998376721301482,0.9999720891051832,0.9998884137530064,0.9987711346464471,0.9992894819320626,0.9997652074215052,0.9998966941842988,0.9986338738605988,0.9998124371811743,0.9999696634425691,0.9996557061894585,0.9999734663536752,0.9947503516355858,0.9999808723135952,0.9999628216022179,0.9998147217156367,0.9999780387594521,0.9937084783668809,0.9999288349730243,0.9999852562071493,0.9995057978825806,0.9993405207531543,0.9997492668065413,0.9998204932633022,0.999555993845086,0.9998452688801426,0.9995534826185055,0.9999056940748831,0.9999648389460412,0.9987497282048087,0.9998602120788603,0.9999629408222627,0.9999478324291082,0.9996261558946592,0.9982981627797303,0.9999994404174118,0.9996772574772868,0.9986092335303252,0.9989517470863103,0.9995046904855364,0.9995221623610249,0.9997562492165836,0.9994969340865685,0.9996196456542458,0.9999920782584999,0.9994742493906796,0.992885141306042,0.9996356396903969,0.9996387158732404,0.9999453598953854,0.9993971380105059,0.9996957288069751,0.9999217526212799,0.9999692208515408,0.9999313701542344,0.9988870582356233,0.9990624947954998,0.9995945824880385,0.9998745063863617,0.9994337742870577,0.9998418231793549,0.9987979818882081,0.9999626800205609,0.9991917185670878,0.998299066230457,0.9963773166670873,0.9999221885040797,0.9986416844806205,0.999041868826392,0.9999999174257981,0.9999997439268496,0.9989256819130382,0.999994844955657,0.9997228716605171,0.9999299363540909,0.9998653063350229,0.9995203704762022,0.9986931932260901,0.9989956373913478,0.9980613789905164,0.9999546401965344,0.999965512020747,0.9997158589988886,0.9998056644319189,0.9998808106474475,0.9999274520843635,0.9994151567049266,0.9982890855033311,0.9996871432314787,0.999869088841639,0.9997036290383775,0.9995092475968538,0.9996332574653434,0.9995152648729934,0.9999760055590234,0.9999085055992304,0.9994755916022575,0.9998745459396544,0.9999920111860785,0.9999995948110192,0.9989885691655486,0.9998101799346948,0.9986171456487967,0.9991207871607631,0.9999240266628467
0.67,0.9994214230219222,0.994091507293952,0.9999997188568951,0.0005785769780779981,0.9999681010413926,0.9988206317166873,0.9999360363403533,0.999765361666705,0.999897540747059,0.9995043048491883,0.9999726779412432,0.9999149065260602,0.9997523844273563,0.9999960745729458,0.9996312212959784,0.9997310742094262,0.9992540833039579,0.9959197689003532,0.9998001827593307,0.9999255608429461,0.9996505134877472,0.999961934966255,0.999978048626129,0.9999496522521434,0.9999660909813716,0.9999731334832787,0.9990407438448067,0.9998268529975185,0.9999632281573401,0.9998755127212764,0.9988588840590747,0.9992725500083889,0.9996123574744942,0.9998976098693902,0.998345036940976,0.9998296387743947,0.9999623795436446,0.9996556171153302,0.9999700436537148,0.9941626007323384,0.9999920549153956,0.9999614246617712,0.9998129807192987,0.9999799980242955,0.9944315777635866,0.9999523282673195,0.9999845667989066,0.9994796458243942,0.9994874195387906,0.9996858818683824,0.9998205026794599,0.9996873705277227,0.9998351376657295,0.9996224557900965,0.9999291990688715,0.9999749563513644,0.9986225347700001,0.9998467206717199,0.9999469192838756,0.9999557936028586,0.9996722145072227,0.9984335540723093,0.9999991852314464,0.9996698523238811,0.9984403768552111,0.9989766059443933,0.9993306426202689,0.9995719150319307,0.9997515885681537,0.9995352251552503,0.99975689301521,0.999996294960209,0.9995699846033196,0.994091507293952,0.9997570526039121,0.9996677856740249,0.9999797905769684,0.9993852717743983,0.9996306110164334,0.999936319803503,0.9999716134049056,0.9999350436781584,0.99857446169165,0.9990004311154327,0.9996524864422985,0.9998771906909197,0.9994541618162813,0.9998279713319521,0.9987219078208689,0.9999791018261612,0.9989806108753327,0.9984099751340704,0.9966930884933431,0.9998899485772115,0.9988318619188271,0.9993369133281668,0.9999963180513819,0.9999964842672191,0.9991781734365458,0.9999972618537606,0.9997247621471056,0.9998981252617254,0.9998638685474851,0.9995240295229306,0.9985703999638458,0.998905193368495,0.9980712810653877,0.9999274643648209,0.9999460412343417,0.9997272106543704,0.9997583092442133,0.9998708939866844,0.9999127138680469,0.9993775989015937,0.99839955178841,0.99968682996025,0.9998672885486986,0.9996096062118656,0.9995917043635141,0.999629624962469,0.9996787865869301,0.9999931427104475,0.9999418574689456,0.9994465652370541,0.9998750044708519,0.9999817169712573,0.9999997188568951,0.9988938918461269,0.9997475573145617,0.9982442152204893,0.9993450358103089,0.9999226693349725
0.675,0.9994399161382042,0.99255459818494,0.9999995482715571,0.0005600838617960312,0.9999571404967413,0.9985631013552237,0.9999444177095642,0.9997430533486945,0.9998949782374487,0.9994959981156817,0.9999777965550409,0.9999160874940604,0.9997853173239789,0.999995545437347,0.9997153575558155,0.9998258776862625,0.9991984564479796,0.996315134871436,0.9997948041361351,0.9999016706937495,0.9996542234779096,0.999983936836599,0.9999734481988177,0.9999753767305821,0.9999684231026266,0.9999710859364782,0.9993398460413925,0.9998498235280384,0.9999562814382249,0.9999134712977414,0.9989264726302185,0.999249097651749,0.9997050629524584,0.9999096157537863,0.9980469167021189,0.9998876335682894,0.9999695646085464,0.9996407709643991,0.999971514917232,0.99255459818494,0.9999908370192155,0.9999634189231741,0.9998168236842995,0.9999777308030091,0.9943299473546653,0.9999691383492635,0.9999843029476704,0.9994702206962369,0.9994897823880982,0.9997544192764888,0.999824150929652,0.9996549624596622,0.9998853027314204,0.9996830019348586,0.9999247213332431,0.9999766417401884,0.998740751711372,0.999852057430239,0.9999520833096764,0.9999574757456074,0.9997854857306108,0.9987508697913218,0.9999958595415728,0.9996561704560225,0.998714062287718,0.9988973003628107,0.9991373552581282,0.9994496355372606,0.999747388427101,0.9995918067299367,0.9997893229626159,0.9999947286101014,0.9996489117669001,0.9949360446548486,0.9997604501186036,0.9997321595279579,0.9999807075143735,0.9993901206938942,0.9996463625680505,0.9999374097545893,0.9999923745320789,0.9999252224499721,0.9986483595533919,0.9990333471066449,0.9997299148470984,0.9998296711476977,0.9995420712273643,0.999877384279143,0.998788202950947,0.9999811988636965,0.9987813025789544,0.9985440479285758,0.9974742963228893,0.999886584518322,0.9988151393171717,0.9995549005565502,0.9999870324250328,0.9999964090516977,0.9993708926433658,0.9999995482715571,0.9996201632217062,0.9999512065326028,0.9998531567451409,0.9995707241227554,0.9988024874471494,0.9988680592456816,0.9983858862840969,0.9999465344460923,0.9999413555656362,0.9997397791628926,0.99968971148839,0.9998887529986511,0.9998465608142217,0.9995787419318548,0.9988312359789869,0.999701727366242,0.9998626732395094,0.9995840427345756,0.999569484896658,0.999606389300679,0.9996642198501282,0.9999875641717352,0.9999585289216301,0.9994278099341105,0.9998768407772956,0.9999906539708143,0.9999967396468031,0.998812145259122,0.9996930790231975,0.9979124928568442,0.9992511718507813,0.9999296202822047
0.68,0.9994517958142308,0.9920036066984826,0.9999983774784406,0.0005482041857691073,0.9999561685179332,0.9986079809032511,0.9999429084133866,0.9998346186656,0.9999057523848536,0.9996042996295103,0.9999782035489996,0.9999306161519032,0.9996786578970555,0.999997540182064,0.9997736568518749,0.9998273608597363,0.9994395294958806,0.9967312563878764,0.999774012266585,0.9998955893940683,0.9997535869505666,0.9999660197809975,0.9999758064348854,0.9999557125280535,0.9999747755949087,0.9999885243836063,0.9993964819519299,0.9998694671028746,0.9999642480536718,0.9999268933620321,0.9987695840820697,0.9991187116125428,0.9997297192654243,0.999934118923437,0.9981785995545588,0.9998912418349148,0.9999779383463223,0.9997273336711388,0.9999885743554594,0.9920036066984826,0.9999790941052369,0.9999561790104456,0.9997479038100003,0.9999497913148857,0.9943769588995877,0.9999712297097668,0.999986668575066,0.9992544555575427,0.999306041471722,0.9998297437167902,0.9998459277847493,0.9996656793343879,0.9998883389507693,0.9997503355396427,0.9999290438736045,0.999975235388046,0.9990527127808664,0.9997877837780104,0.9999328313757125,0.999960279115507,0.9997634540212201,0.9990277786322311,0.9999940485761892,0.9996334548311705,0.9985525819673045,0.9990747073952212,0.9991763629101715,0.9994405092990634,0.9997533350183727,0.9996484086379606,0.9998724564137266,0.9999892966682868,0.9994955750160018,0.9942356000160425,0.9998512523340067,0.99975140163092,0.9999860710834252,0.9993569995291126,0.9995719803804325,0.9999727460865232,0.9999831197358191,0.9999222235038667,0.9990598709841322,0.9992862392293491,0.9996071060055465,0.9998077483043795,0.9995181408613402,0.9999129128187961,0.9987113314810447,0.9999699925990942,0.9988119031132857,0.998513300371999,0.9971060752287825,0.9999116102755047,0.9990298733365736,0.9997085807125722,0.9999867759796947,0.9999872136216224,0.9991639674546957,0.9999983774784406,0.9996220513809261,0.9999537109276235,0.9998912578052882,0.9995701276720423,0.9990020442337,0.9990916822408854,0.998380037237007,0.9999138713656495,0.9999423718877137,0.9997527149554407,0.9995931807898853,0.9999000230148075,0.9999099373177011,0.9995721540769693,0.9991717924291882,0.9997041292287951,0.9998133182522512,0.999637500266935,0.9996547364532488,0.9995937650574538,0.9996502749836423,0.9999876421067562,0.9999671577005946,0.9995046244192581,0.9999338327615099,0.9999915409344907,0.9999949800819302,0.9984457975077204,0.9997447348155609,0.9984818034791362,0.9992561375452915,0.9999412176174342
0.685,0.9994484538202231,0.9911823189806698,0.9999995705367192,0.0005515461797770524,0.9999490435801326,0.9983554307422857,0.9999004603496918,0.9999009452116524,0.9999056065868054,0.9996493836786948,0.9999889340805431,0.9999241147143202,0.9997470541871061,0.9999943707032666,0.9997910311801971,0.9997535447612187,0.9994219184164733,0.996780356182224,0.9997886865701947,0.9998400067177693,0.9997932809052174,0.999966102839572,0.9999725788080968,0.9999569610307003,0.999965333450767,0.9999872116768065,0.9993790906230868,0.999860357520239,0.9999696910894915,0.9998829943707233,0.9989000905740102,0.9994100512622519,0.9998037167997963,0.9999598239606748,0.9979507105068148,0.9998705028378204,0.9999814486819458,0.9997455096077466,0.9999844899725698,0.9911823189806698,0.9999741840921531,0.9999718851615886,0.999770035900704,0.9998972409384991,0.9951834854988163,0.9999496215215412,0.999994911900874,0.9992702706422029,0.9994060738748233,0.9998305111503892,0.9998436269119364,0.9996577330777705,0.9998508885690542,0.9998218468796054,0.9999253368292386,0.9999734149786861,0.9991569657659973,0.999876609707814,0.9999340526460961,0.9999577691923001,0.9998501203122537,0.998995102428305,0.9999870911087092,0.9996362952382862,0.9981088433235797,0.9990442278390369,0.999066186729596,0.9993047046721354,0.9997624366561766,0.9997144030071876,0.9998408869174928,0.9999862883855846,0.9994995965082436,0.9952739786186323,0.9998445569883745,0.9998178828900103,0.9999806545519242,0.9991231553730793,0.9995489292701024,0.9999712535591947,0.9999822500879193,0.9999145687195583,0.999358101467461,0.9994843869938539,0.9994342932144189,0.9997356600527524,0.9995907091417046,0.9999014446402341,0.9982542646291634,0.999973868140217,0.998945879501085,0.9986006636761116,0.9965466552297879,0.9998897095093174,0.9991876433884308,0.9997049720561412,0.9999868527267424,0.9999697294188776,0.9992252184970618,0.9999971107556395,0.9996333503562481,0.9999544323274432,0.999925155575207,0.9993782441331163,0.9991726792609171,0.9990549786027539,0.9977861453224663,0.9999036553981406,0.9999543735511107,0.999758559933282,0.9994644750495133,0.9999025521784192,0.9998468809711966,0.9995803651255748,0.9991256995032803,0.9997644958325336,0.9998518120496752,0.9996447850157447,0.9996352742296103,0.9997189059520883,0.9995781322446015,0.9999959650347716,0.9999520604301099,0.999501600894911,0.9999686283828222,0.9999954140629498,0.9999995705367192,0.9985625714821176,0.9996883116298231,0.9982155227347742,0.9994536851935933,0.9999336113669716
0.6900000000000001,0.9994287961060172,0.9905725445674362,0.9999996732787498,0.0005712038939827927,0.9999460920256807,0.9980473812628544,0.999910454193698,0.9999030565927466,0.9998996144856891,0.9997352143817602,0.9999871677562194,0.9999246889355435,0.9997995618845865,0.9999932851732567,0.9998070297313032,0.9997065076298085,0.9996164138713847,0.9969182678097015,0.9998542335282523,0.999851285093287,0.9997392558221473,0.9999851351788668,0.9999772972023454,0.9999691957220271,0.999966749058805,0.9999896064355143,0.9992297057097059,0.9998875720679637,0.9999706860292342,0.9998799493559062,0.9986752707694637,0.9994167210427791,0.9998050144765944,0.9999565176717131,0.997669765346007,0.9998689153757553,0.9999801530674731,0.9996464049108627,0.9999784103204089,0.9905725445674362,0.9999776590422759,0.9999824202679829,0.9997695688914162,0.9999451481859035,0.9941661275718536,0.9999495975599039,0.9999964980828315,0.9994262784916979,0.9993800631825988,0.9998510039664391,0.9998647729264787,0.9996425150981969,0.999811037711933,0.9998300157584689,0.9999317268542888,0.9999649840051104,0.9989697594845839,0.9998258482012179,0.999943006028562,0.999962937125918,0.9998364564249642,0.9992419336645344,0.9999764598903426,0.9995945220103916,0.9979475623572939,0.9990883050608513,0.9991138636170841,0.9992230483609387,0.9998473618326094,0.9997014034038146,0.9998649539730253,0.9999840444828477,0.9993040961508431,0.9939490689812386,0.9998319973941892,0.9998357148888203,0.9999738677051463,0.9992402606809151,0.9995890330874325,0.9999719514352957,0.9999940704598105,0.9999078143149697,0.9993538853678299,0.999525667070702,0.9995762982030904,0.99966038589626,0.9996994595350353,0.9999049424520904,0.9985654763424178,0.999986306343075,0.99875077841489,0.9985752866087041,0.99598410400415,0.999899713375028,0.9993241376121579,0.9998191741791078,0.9999872327210642,0.9999704817857176,0.9994006408425717,0.9999963521754006,0.9996443538929963,0.9999535717529914,0.99988887378314,0.9994729451526861,0.9993180778120762,0.9990325931125658,0.9976326364496932,0.9999125782938673,0.9999556982942197,0.9997630692556583,0.9994691436038612,0.9999220142784675,0.9997751721189729,0.9997170600163312,0.9991083415573928,0.9997836396024677,0.9998044342335918,0.9997303804537693,0.9996151664753963,0.9997344695595327,0.999594506457655,0.9999996732787498,0.9999388085388168,0.9996237047770075,0.9999687333336184,0.9999938699677097,0.9999974477645432,0.9987876813125488,0.9997041172832476,0.9983731746333299,0.9994967718936608,0.9999189865985425
0.6950000000000001,0.9994480576363657,0.9910738695812851,0.9999992969788831,0.0005519423636343535,0.9999376860146897,0.9983875184908654,0.9999094447580045,0.9999290970396475,0.9999031052989704,0.9997390215088304,0.9999812384438846,0.9999325653395001,0.9998353058756617,0.9999960181151308,0.9997722203719894,0.999668793313199,0.9996226085366284,0.9977319510313444,0.9998533147155662,0.9998389937953965,0.9998205872311032,0.999996958139401,0.9999785977263855,0.9999737891968647,0.9999719172841368,0.9999937261159226,0.999464184017834,0.9998846574266983,0.9999738678599225,0.9998632615799694,0.9990322177953307,0.9996197099071612,0.9998652235683592,0.9999613831054315,0.9979210901226516,0.9999212566611131,0.9999845822278016,0.9996636248922941,0.9999754715629952,0.9910738695812851,0.9999586162179839,0.9999856427732832,0.9998076846435614,0.9999424577791295,0.9953629759383746,0.9999493108603653,0.9999965605014348,0.9991826116843691,0.999367350823964,0.9998995514543937,0.9998645949024938,0.9997532138643699,0.9997990479941684,0.9998364039912393,0.9999325501027347,0.999947836923903,0.9987067393434697,0.9998295964468709,0.9999478391453166,0.9999601580674805,0.9998247767913963,0.9991537369716704,0.9999874274228469,0.9997132916133875,0.9976943363943268,0.9992737254404662,0.9991735795443577,0.9994672227491236,0.9998347659102702,0.9996941385349952,0.9998305636967617,0.9999830966574581,0.9993006911040359,0.992574215645663,0.9998152151998043,0.9998182754863439,0.999966989419597,0.999191354101877,0.9995644581438642,0.9999690790135042,0.9999955926082748,0.99990138267679,0.9993723326473434,0.9994917358302676,0.999563937509317,0.9996906160290844,0.9996853195813686,0.999908727063225,0.9986396594499101,0.999985877773487,0.9989583843662335,0.9985811682451128,0.9954964485234125,0.9998893687340346,0.9993471381362145,0.9997960383161276,0.9999977234315569,0.9999787501961771,0.9992087196890895,0.9999863563320768,0.9995358792501269,0.99993688496849,0.999872548625576,0.9995587608393466,0.9993413839259312,0.9990542916193808,0.9980199763400799,0.9999316512573899,0.9999519979428366,0.9997669061560327,0.999318995351638,0.9998961600449128,0.9997837461127655,0.9997185960802183,0.9988923547180083,0.9997957619585428,0.9997952566275349,0.9997588777043077,0.9995380704059801,0.999817294304435,0.9995871545002847,0.9999992969788831,0.9999383240742229,0.9996091146259476,0.9999664059619596,0.9999923069583798,0.9999941377663388,0.998696379415128,0.9997085965901105,0.9988153202430703,0.9994986423528173,0.9999444846623955
0.7000000000000001,0.999468173643187,0.9903628881400002,0.9999982095689357,0.000531826356812286,0.9999328502779087,0.998742565273114,0.9999040930785386,0.9999270799970703,0.999898032878768,0.999729323211774,0.999970152130442,0.999967299775307,0.9998879601033817,0.999996427030743,0.9997877996951215,0.9996496591531169,0.9996363959509357,0.9978518943183092,0.9998343944921461,0.9998453362420676,0.9997835953730843,0.9999967805689104,0.9999718526638954,0.9999606425811947,0.9999728701216616,0.9999958291539521,0.9993744803614246,0.9998806574840691,0.9999769444425874,0.999792678582815,0.9991457019435198,0.9996162373238331,0.9999098735400137,0.9999176475519875,0.9981898291780397,0.9999294506113308,0.9999910206825828,0.9996799315408403,0.9999670681343661,0.9903628881400002,0.9999519182163282,0.9999760997003893,0.999824154588825,0.9999386118965701,0.9961230481961777,0.9999315482471854,0.9999970398957859,0.9993578688593346,0.9994624597788629,0.9999072890361197,0.9998751733632406,0.9997574551529977,0.9997980041691833,0.9998504923821288,0.9999388892456728,0.9999412319992802,0.998599086310041,0.999903834007986,0.9999322290033889,0.9999373557229959,0.9998143519364292,0.9993618731702162,0.9999880524383341,0.9997096939137303,0.9980969798098128,0.9993222285900705,0.9992424769229179,0.9996401513966493,0.9998251379315615,0.9997534882402117,0.9997925359068616,0.9999739395547833,0.9993112005817825,0.991308155890471,0.9997608498036263,0.9998400059611088,0.9999518166130126,0.9992370611932823,0.9997141099508778,0.9999325600563925,0.9999970913794943,0.9999504176803887,0.9992884553971937,0.9994805177230437,0.9995615407131625,0.9996384011107875,0.9996815024614012,0.9999008969214829,0.998884307101208,0.9999888920941918,0.999156550296587,0.9989372325748048,0.9951464153267346,0.9999325979644207,0.9993368466258618,0.999783490460948,0.9999907523371357,0.9999940453554464,0.9991861196887496,0.9999961640632754,0.9995505300767532,0.9999256727017269,0.9998885743836028,0.9996490104558747,0.9994731530970309,0.999057196117358,0.9984220944087162,0.99989329327321,0.9999448208134321,0.9997882256188357,0.9994179248118324,0.9998596542230345,0.9997818171298126,0.9997160398584202,0.9992343162419276,0.9997173508084454,0.9997872848631788,0.9997668045360543,0.9996295369269576,0.9998773461072634,0.999552180341202,0.9999960196363844,0.9999378901701874,0.9996265993444691,0.9999803000639961,0.9999896499045566,0.9999982095689357,0.9988936442667276,0.9997777718978311,0.9989125627056995,0.9995379881379592,0.9999528233368138
0.705,0.9995047188666525,0.9921091353553184,0.9999999252668917,0.0004952811333474512,0.999966129083914,0.9985309954703608,0.9999101026349237,0.99992887583168,0.9999437774204879,0.999719999696256,0.9999511164317175,0.9999850072712686,0.9998614843320943,0.9999960089712128,0.9998015753015518,0.9996553715980884,0.9996392687495297,0.9980110189055521,0.9998333926557654,0.9998313441213549,0.9997433346376252,0.9999853998749646,0.9999729426745521,0.9999625564220503,0.9999668243332404,0.9999999252668917,0.9993565893960709,0.9998864132907889,0.9999749834889793,0.9996852380678765,0.9993850873059845,0.9997588491261606,0.9998239665890597,0.9998430219110228,0.998053520679447,0.9999356665405899,0.9999887532410556,0.999687966269897,0.999967127527587,0.9926345765573774,0.9999587135504379,0.9999592112673138,0.9998550006453754,0.9999352511717245,0.9961277671713107,0.9999295963207069,0.999996045753157,0.9990883627066107,0.9995824137275211,0.9998855750981006,0.9998774407803482,0.9997602960688424,0.9997425551214901,0.9998364663579995,0.9999384685434675,0.9999665257878828,0.9982733330560964,0.9998631604924515,0.9998922964223786,0.9999358127185543,0.9998892175741769,0.9993590194747639,0.9999988543511819,0.9997807360635984,0.9983822535477369,0.9991179915583261,0.9994864734150336,0.9995866436371376,0.9998904208350978,0.999771003886352,0.9998092956728745,0.9999705268828611,0.9992466923980995,0.9921091353553184,0.9997856925980977,0.9998508050732401,0.9999439837225297,0.9993267350646555,0.99981584864677,0.9999677006793556,0.9999899253170027,0.9999220443026088,0.9993353813904516,0.9994577366337336,0.9995869194259528,0.9996315158918304,0.9997347341688357,0.9999175557478199,0.9989694177237073,0.9999935749593232,0.9993456885328423,0.9989289161569129,0.9956449061371556,0.9999376375661779,0.9990397119928939,0.9997798047782517,0.9999981621436592,0.9999848996833864,0.9991940469742758,0.9999947808042339,0.999405365076234,0.9999112784291421,0.9998720796327136,0.9994525600519512,0.9995453872613819,0.9991248271032274,0.9987964933755767,0.9998854487484816,0.9999573437732039,0.9997919495196209,0.9995150959871414,0.9998134815706742,0.9998604971631105,0.9998184216720392,0.9994777225539381,0.999695816673177,0.9998271953102508,0.9998319292884906,0.9996062330953358,0.999919728314552,0.9997066164041114,0.9999913291830498,0.9999404127671053,0.9996157015032572,0.9999943102818293,0.9999913793882373,0.9999948856063614,0.9988089202966829,0.999813644587144,0.9990085630621663,0.9996037376558715,0.999966764388455
0.71,0.9995310659359539,0.9933431103050524,0.9999994219187077,0.0004689340640457574,0.9999581539354905,0.9986293489506025,0.9999207327126947,0.9998806336062275,0.9999524719839663,0.9997902822947499,0.9999652426319771,0.9999876887435334,0.9998665708951351,0.9999960171312094,0.9997276859790168,0.9997627546599827,0.9997683371416015,0.9985700684649618,0.9998487100133439,0.9998582245350215,0.9997125585748116,0.9999727543041464,0.9999576083335384,0.9999705606965327,0.9999437216679102,0.9999956626125158,0.9993368542146669,0.9998742442176468,0.9999798332695815,0.9997139080285912,0.9993006753635253,0.9997257906916375,0.9998310420867901,0.9998452862028336,0.9983726535647234,0.9999416839034432,0.999994024307866,0.9997211415155483,0.9999558326671872,0.9943841025091358,0.9999492091585506,0.9999647926479832,0.9998914062435291,0.9999325360143162,0.9963184279010368,0.9999353107916538,0.9999963683386834,0.9990768156282319,0.9997026713624886,0.9999266730969185,0.9998826820700265,0.9997704707295995,0.9997382743420601,0.9998390407950077,0.9999375595778985,0.9999748999618024,0.9979439042224925,0.9998197350510668,0.9998916394808249,0.9999516077010691,0.999879256729047,0.9993851317480975,0.9999972624142515,0.9997088015021325,0.9982559794819977,0.9991360002210038,0.9994625920672222,0.999710223964798,0.9998812740123811,0.9998042043176896,0.9997838073823181,0.9999603550427886,0.9992299467995341,0.9933431103050524,0.9997660557794024,0.9998648977073018,0.9999310550657096,0.999289610495587,0.9997820073600199,0.999969124443908,0.999989414618651,0.9999371491729577,0.9993405231847683,0.9995050042786636,0.9994027886869276,0.9996240763994666,0.9997348894937078,0.9999485674267831,0.9991426772483061,0.999992775843697,0.9993459061354978,0.9990358674913156,0.9949085801631163,0.9999253954708852,0.999136661017936,0.999775000948044,0.9999868389797809,0.9999741429103806,0.9991796722836502,0.9999994219187077,0.9994517832377338,0.9999025975236068,0.9998736394753728,0.9994728953064637,0.9996097283476363,0.9988030804613909,0.9991171675065774,0.9999127003907836,0.9999667568574899,0.9998126207476696,0.9993877942067301,0.9997621574236942,0.999912657044693,0.9998198073511622,0.9994905635307424,0.9997458350855187,0.9998201026568024,0.999829293068896,0.9995298327680413,0.9999186533186143,0.9996860784339574,0.999997063967681,0.9999337168233964,0.9996658214740997,0.9999921566359108,0.9999905527577151,0.9999933625582661,0.9989802483974459,0.9998202798239412,0.9986375208461371,0.9996813693719845,0.9999756643611164
0.715,0.9995592638098366,0.9922918658127858,0.9999993023120874,0.0004407361901636341,0.9999823871146465,0.9987400885078617,0.9999346203320163,0.9998878874897585,0.9999738472681032,0.9997827892771121,0.9999680570484648,0.9999951277198775,0.9999165011686066,0.999995838758498,0.9997740303063893,0.9998400858203284,0.9997764934143089,0.9983454090352686,0.9997875776788953,0.9998470959357143,0.9997183614365018,0.9999421414000517,0.9999465783192467,0.9999576304531633,0.9999622222868311,0.9999963452142124,0.9992300055544491,0.999909070956312,0.9999829649523425,0.9997788083270316,0.9994962101483578,0.9996928889740452,0.9997044259172486,0.9998519314607586,0.997998739220706,0.999925560157601,0.9999927243528796,0.9997245322107327,0.9999486412311147,0.9957256896509958,0.9999308193425843,0.9999534034054505,0.9998972177852832,0.9999320987815736,0.9969255780117813,0.999933991381888,0.9999956310389915,0.999282544757559,0.9997122030858888,0.9999321961483602,0.999820908938752,0.9997917266855065,0.9997319722006364,0.9998294083246914,0.9999421530917845,0.9999812113837863,0.9981433724166958,0.9997876848204973,0.9999106236839774,0.9999599019366645,0.9997921840671804,0.9993965212265487,0.9999928086017664,0.999779938502325,0.9984464452059406,0.9993338302100161,0.999247311996641,0.999696258315019,0.9998862518706841,0.9998071075756432,0.999868869033518,0.9999458966405856,0.9993081124937525,0.9922918658127858,0.9997228721040823,0.9998773481449542,0.9999251793102552,0.9994540850073118,0.9997791622331761,0.9999705075313535,0.9999990710721824,0.9999536193887452,0.9993722197059834,0.9995044152567144,0.9995772139400628,0.9997543672569488,0.9997359260927938,0.9999257676608253,0.9992655338135039,0.9999871495988811,0.9995036384588024,0.9990906085129877,0.9961015058585049,0.9999041128769196,0.9987389100887135,0.9997681190272264,0.9999661051393453,0.999973554300604,0.9989502076660226,0.9999991066884261,0.9993268965618942,0.9999471242459965,0.9998486149847141,0.999603259661132,0.9997031073846332,0.9987442891884318,0.9993734969776421,0.9998996035951412,0.9999771853489108,0.9998443383661781,0.9994625530571508,0.9997686623758694,0.9998759776302457,0.9998965659306606,0.9994828479724696,0.9997881148222579,0.9998459158592458,0.9998465307722859,0.9995165002644113,0.9999500127035417,0.9997109378959838,0.9999973754655374,0.9999134174338761,0.9997370194893869,0.9999911139895488,0.9999893827291386,0.9999993023120874,0.9989032292609636,0.9998608778892268,0.9990197055433266,0.9997575962418339,0.9999825470948145
0.72,0.9995868433015903,0.9939272118058744,0.9999996224356932,0.00041315669840964986,0.9999717430282279,0.9988566180047366,0.9998876056690207,0.9998293831872621,0.9999707938541021,0.9998098105696226,0.9999770520855744,0.999996071650916,0.9999271964323704,0.9999963516211828,0.9996953927703107,0.9998521879161534,0.9997803227582905,0.9981270032637364,0.9997825511096332,0.9998940875847013,0.9997249751186782,0.9999695330030148,0.9999237827193352,0.9999701087209865,0.9999634350400747,0.9999963760582985,0.9991216467130551,0.9999125265099262,0.9999655514589757,0.9998035474922976,0.9996423143252195,0.9998146188814865,0.9997943218105533,0.9998592276257541,0.9979027845710703,0.999912454109598,0.9999907301906983,0.9997735081393326,0.999935082797583,0.9956763696450184,0.9998918433724855,0.999961845973879,0.9999043085717491,0.9999305013743062,0.9972219465395465,0.9999624700304011,0.9999940005169141,0.9994425268197921,0.9998156633604143,0.9999381183519476,0.9998508638867061,0.9997713915360156,0.9998237159212138,0.9998280518452554,0.9999547391560744,0.999981848035177,0.9983483763836404,0.9997500214697027,0.9999514111606601,0.9999656453420501,0.9997832006196034,0.9994335388834817,0.9999904011728645,0.9997772728383222,0.998294558451139,0.9994868444359367,0.9992600700354499,0.9996845547227612,0.9998499795240097,0.9998477859054671,0.9999217820209766,0.9999474821547711,0.9990135327425037,0.9939272118058744,0.9996791517475411,0.9998924764740909,0.9999362126317054,0.9994713544197792,0.9997813512776131,0.9999602104409087,0.9999934379914925,0.9999507734416073,0.9993472488877347,0.9994868737347337,0.9993908865812472,0.999771985682465,0.99973752040632,0.9999176866555523,0.999244564451805,0.9999845481456869,0.9993891109613642,0.998851028517937,0.9970875764438588,0.9998766640868321,0.9989394602211586,0.9998626041970421,0.9999532479505202,0.9999916126745065,0.9990802416857909,0.9999956492514043,0.9992784366976415,0.9999728989611254,0.9998907933722748,0.9996352039734382,0.9997961333539627,0.9987369332418188,0.9993940667021289,0.9998919732839155,0.9999706363827819,0.9998916444756074,0.999565570592034,0.9997737159471095,0.9998794694271774,0.9999079182003798,0.9994739408700053,0.9997966535682141,0.9998160157865995,0.999854303569175,0.999446123358402,0.9999311628568411,0.9996993515368402,0.9999996224356932,0.9999404537645032,0.9997540873566749,0.9999986868018541,0.9999847738671728,0.9999985946364175,0.9991322156764629,0.9998570554017249,0.9990187739926047,0.9997541932938864,0.9999864888605096
0.725,0.9995924913060946,0.9926258130125073,0.9999996340092996,0.00040750869390535034,0.9999553254582085,0.9989708278040688,0.9998978425994882,0.9997694831946735,0.9999717447042854,0.9998532378896637,0.9999658815493094,0.9999911616119014,0.9999599161418508,0.9999960752046303,0.9997372551667849,0.9999083858732377,0.9997885700103875,0.9983607361588318,0.9997708222735109,0.9999185296257345,0.9998029732494311,0.9999518957709876,0.9998999590599648,0.999960451759092,0.9999584844609279,0.9999961874346742,0.9991518096184694,0.9999067497886815,0.9999726920134534,0.9998294374511576,0.9996593965562057,0.9998170196238859,0.9998058185666902,0.99990166606482,0.9982095693341668,0.9998728194079786,0.9999921509330613,0.9997871525926347,0.999939465398209,0.9966662210636332,0.9998965369680847,0.9999705500457002,0.9998982562664781,0.9999290088871927,0.9967651997001671,0.9999618524161987,0.9999970297740167,0.9994540174151371,0.9998933189910366,0.9999629419191194,0.999863374199221,0.9997546623966961,0.9998883072098786,0.9998695411042023,0.999955648915957,0.9999755774440985,0.9985309164811359,0.9997604565674835,0.9999736260581588,0.9999726253784277,0.9998006783759079,0.9994103828749498,0.999981579460904,0.9997713031135484,0.9981716477106322,0.9994027266652538,0.9995145825598376,0.9995867775369074,0.9998999339350019,0.9998477839025431,0.9999029751851847,0.9999471934282895,0.9986037813392415,0.9926258130125073,0.9997110909546754,0.9999056945359386,0.9999275368067456,0.999602068522599,0.9998565075086525,0.9999743564131529,0.9999965022746297,0.9999427677525601,0.9993455702113139,0.9995021566300658,0.9993927108049006,0.9997574155680231,0.9997615049412192,0.9999086525212182,0.9991832092679821,0.9999908512964967,0.9995078773713523,0.9988412645539044,0.9973457885281604,0.999845913377641,0.9988889049310318,0.9998307693866327,0.9999716714454517,0.9999966900385564,0.9992171829325586,0.9999717170851549,0.999310962086982,0.9999700739803843,0.9998527719280368,0.9996214485493906,0.9998024283601387,0.9982821244424496,0.999579945343948,0.9999177963316297,0.9999727853258055,0.9998885553148261,0.9996295925766658,0.9997995703884909,0.9998519106591626,0.9999105825503872,0.9995085437129246,0.9997204794653122,0.9998593920753411,0.9998516329141911,0.9995525584440192,0.9999293354051303,0.9996819409651146,0.9999996340092996,0.9999418748592567,0.9998106919014802,0.9999975564413003,0.9999832703550301,0.9999863600928602,0.9993373717136209,0.9998271388306075,0.9989079404350802,0.9997507264269615,0.9999871929798773
0.73,0.9996174985091868,0.9935004984983467,0.999998308332967,0.00038250149081284283,0.9999509355597296,0.9988875999755925,0.9998966603865871,0.9997724904426439,0.9999675443151324,0.9998564281733743,0.9999646631781408,0.9999965419972535,0.9999840872697576,0.999997248593657,0.9997658225217229,0.9999049661015388,0.9998694608976713,0.9985879203230162,0.9997560167612083,0.9998714311924153,0.9998078944914803,0.9999527754524206,0.9998976683321814,0.9999651152807402,0.9999542911575398,0.9999882942136253,0.9990653492361063,0.9999056966309179,0.9999778336951693,0.9998521097771056,0.999678796932459,0.9998946401015453,0.9996699459345443,0.9998204929941371,0.9985424069408564,0.9998906271400585,0.9999957634966135,0.9997952267583664,0.999978043925365,0.996616969815883,0.9998501046239626,0.999974107214453,0.9999104903562392,0.999920376883819,0.9966729993965632,0.9999603244891737,0.999998308332967,0.9995897722659162,0.9998924099856885,0.9999698352820998,0.9998911546473087,0.9997431855755738,0.9998741898426062,0.999876405089347,0.9999644298472999,0.9999755399219864,0.9987108033593338,0.9997326043047985,0.9999578074529517,0.9999732229900506,0.9998806787174186,0.9995599733532258,0.9999974406092552,0.9997707298364775,0.9984777232478528,0.9995365300700975,0.9996944379374488,0.9996931467247303,0.9998874291717144,0.9998443365273454,0.9998949232324563,0.9999502824371008,0.9986645831641715,0.9935004984983467,0.9995966155005632,0.9998924536224725,0.9998763275987319,0.9995958283299512,0.9998523614335879,0.9999456491140348,0.9999970871915117,0.9999548169631318,0.9994054671353662,0.9995003180124188,0.9994199532904379,0.9997601164806457,0.9997584233436279,0.9999018156518447,0.999235181990799,0.9999882997098678,0.9996208964773884,0.9990887148960991,0.9976237633034972,0.9998625005544866,0.9988734877578305,0.9998199228201919,0.9999834343194193,0.9999917763569312,0.999093291102922,0.9999626944171234,0.9993509328357719,0.9999602193453799,0.9998367966572931,0.999631842732316,0.9998137298249233,0.9982813004121949,0.9994247015573435,0.9999177488380201,0.9999554714895951,0.999885609405823,0.9996842246623657,0.999804174451746,0.9998464962033424,0.9999130595332495,0.9996716929617838,0.9997411242325971,0.9998843200039065,0.9998629776257871,0.9996404866915188,0.9999263395447127,0.9996059178813752,0.9999872695260281,0.9999410237813184,0.9997038760558195,0.9999971332789538,0.9999834489717961,0.9999925986008201,0.9993087753362209,0.9997910971668256,0.9992181028973774,0.9998177177946507,0.99998785611388
0.735,0.9996070485067565,0.992038188343503,0.9999997040707013,0.00039295149324343503,0.9999609410856196,0.9987835591632459,0.9999250477466002,0.9998421779369978,0.9999621634740397,0.9998475597688582,0.9999468776269876,0.9999912500425607,0.9999819311138547,0.9999970488810427,0.9997850696103232,0.9998933993900248,0.9997639253897139,0.9984619915117563,0.9997541448771944,0.999802155024052,0.9998086026383453,0.9999762223842278,0.9998917530784188,0.9999798918770971,0.9999564684263834,0.9999938523195278,0.9993000905288886,0.9998965131700266,0.9999838454503013,0.9998878153569823,0.9997842606409542,0.9999426824125427,0.999513271199888,0.9998421130122412,0.9988238510674963,0.9999216288923478,0.9999868749670124,0.9998465067419783,0.999966544982437,0.9966618100801364,0.9998660593581794,0.9999810822714488,0.9999139361425001,0.9999353882072602,0.9962318617922492,0.9999787833082251,0.999998797918711,0.9996030502264173,0.9998080261110968,0.9999663458707019,0.9999254724064478,0.999821468286727,0.9998575496021807,0.9998785483473013,0.9999635356605721,0.999989280092635,0.9990112429018434,0.9997472290845844,0.9999511118123428,0.9999720471905764,0.9999305367358612,0.9995698605331083,0.9999903694328375,0.9997855570902885,0.9986400496605466,0.9994987650268643,0.999658152251969,0.9997719303424389,0.9998775675031832,0.9998875651244995,0.9998784498645092,0.999977663766746,0.9989061928713397,0.992038188343503,0.9996283347490469,0.9998768734203618,0.9998757266040972,0.9997112640103762,0.9998533275830007,0.9999366872552635,0.9999997040707013,0.9999428118648422,0.9991111814661432,0.9995132455248263,0.999448934198875,0.9997667782835132,0.9998164848514455,0.9998937178519008,0.9992240948311575,0.99998022751349,0.9995714414303392,0.9988539419063636,0.9969343057959382,0.9998343191573286,0.9990922047166064,0.9998066312775598,0.9999753665308887,0.9999921166606526,0.9989698624997597,0.9999637284897039,0.999232162034664,0.9999602012142191,0.999855308959939,0.999727864869295,0.9998734893950054,0.9983346098442347,0.9994665631233255,0.9999397393801052,0.9999604620237232,0.9998599983250149,0.9997212205106096,0.9998299715527961,0.9998855050574749,0.9998971952792891,0.9995710515083011,0.9997797365288957,0.9999157665875057,0.9998569615945956,0.9996466164106547,0.9999213651043839,0.9995370800466219,0.9999807738874773,0.9999350104706787,0.9996851094296678,0.9999973031316451,0.999980864474719,0.999996725391539,0.9994090204763401,0.9998308029577536,0.9992627923358369,0.9998184627174839,0.999983654687062
0.74,0.9995991494783267,0.9910543447726277,0.9999995717639152,0.00040085052167282534,0.9999588457142957,0.9990755552330327,0.999932817468357,0.9998246813495368,0.999956342235635,0.9998595033508682,0.9999444482403537,0.9999895485644859,0.9999966953869728,0.9999941375668816,0.9998013600080405,0.9999324591343861,0.9996218008030575,0.9983595488629713,0.9997568868005897,0.9997927453802783,0.9998050052798818,0.9999909057591077,0.9999003584308724,0.9999732538057253,0.999959788646005,0.9999973389213512,0.9993312072587812,0.9998961149957072,0.9999867254341593,0.9998080145325867,0.9998588091473647,0.9999707458024192,0.9996523912264048,0.9998461900285528,0.998634617216562,0.9999200229715614,0.9999907083824384,0.9998905099131055,0.9999912901803278,0.9956017256981006,0.9998350376849581,0.9999824422601326,0.9999363598819946,0.9999616405384827,0.9962123892461362,0.9999556755755118,0.9999995717639152,0.999642763265846,0.9998084545315159,0.9999681973051789,0.9999156268598227,0.9998295164706271,0.9998531315565427,0.9998836062307588,0.9999624661602918,0.9999867584899459,0.9992764365694551,0.9998312728918289,0.9999369800937343,0.9999725807671358,0.9999211038692898,0.9995875186952303,0.9999809258164223,0.9997795532976191,0.9989186954848536,0.9996042095860967,0.9997927386078577,0.9998302901146959,0.9998728015785834,0.9999219575984456,0.9998508786368678,0.9999830935664382,0.9991098107225689,0.9910543447726277,0.9995776008275842,0.9998665193218595,0.9998668627010585,0.9995946344395344,0.999905084339519,0.9999274697430619,0.9999936733189474,0.9999064720530522,0.9991401477915025,0.9994898987337699,0.9994753842116824,0.9998473281097255,0.9998140399588243,0.9998880553735331,0.9993984270310592,0.9999646312240315,0.9996553314033625,0.9990214261468007,0.996488335745145,0.9998503090418344,0.9992977227234324,0.9997430275661804,0.9999860701869687,0.9999986690948899,0.998865495393441,0.9999551898561102,0.9992070858529088,0.999947529798515,0.9997751815656617,0.9997685421048943,0.9997979355905133,0.998377336036771,0.9994433505425975,0.9999268897669397,0.9999392096559807,0.9998615683621043,0.9997555568786236,0.9998376352676501,0.9999145732904371,0.9999458107375242,0.9995023019306526,0.9996734764042383,0.9999221240958651,0.9998807348542117,0.9995406709699682,0.9998949488473201,0.9994859934311064,0.999997327591138,0.9999239941966952,0.999658157265046,0.9999951971904159,0.9999809640806558,0.999996599457193,0.9995125499312382,0.9998606288104441,0.9992921615622655,0.9998209133916497,0.9999744472055729
0.745,0.9996232362576962,0.992186549604885,0.9999997118328545,0.00037676374230368663,0.9999335051495847,0.9990344220210691,0.9999284423237135,0.999812310221553,0.9999556474443244,0.9997917677368147,0.9999432826201421,0.9999965500596738,0.9999961760784678,0.9999940380420317,0.9997730041049223,0.99995605480434,0.9996491242523436,0.9982913696439369,0.9997633645916071,0.9997923392006602,0.9998372333979119,0.9999910867196351,0.9998912363381903,0.9999652374283675,0.999959776343542,0.9999948804416544,0.9992841020006684,0.9999385151992083,0.9999863044829104,0.9998243584498082,0.9998573913180615,0.9999725543507831,0.9996483341415432,0.9998973346544298,0.9987319106577828,0.9998825627968657,0.9999856433440825,0.9999041889033604,0.999987412491729,0.996681217861809,0.9998231113001799,0.999971101991971,0.9999394578880463,0.9999831205764544,0.9962758728404246,0.9999719311583198,0.9999997118328545,0.9997095499267634,0.9998073499898557,0.9999764496292322,0.999944614759897,0.9998848468679439,0.9998825985287279,0.9999006030968477,0.9999318860027109,0.9999948147577409,0.9993329546400537,0.9998886697453531,0.9999291255130613,0.9999725939656976,0.999957342199413,0.9995292491884158,0.999983314899086,0.9997923825768296,0.9988502297115588,0.9996282667800265,0.999880823447752,0.999873541900775,0.9998673074092534,0.9999458909089509,0.9998371361530638,0.9999704124251487,0.999238925965059,0.992186549604885,0.9996095633621843,0.9998658279325895,0.9997819545055239,0.9995966570217872,0.999907223523004,0.9999171087560158,0.9999843386473238,0.9998843490822533,0.9994097781402177,0.9995045359281934,0.9996235549189711,0.9998674186532389,0.9998176181342971,0.9998863528060056,0.9994392574038,0.9999800800606586,0.9997249037777644,0.9991717173590255,0.9960534183880877,0.9999106309497029,0.9993808287850913,0.9997116447419759,0.9999909442412529,0.9999906616193842,0.998887804721258,0.9999806264856712,0.999299029926621,0.9999162480451914,0.9997696902529325,0.9996192083152774,0.9997869235105087,0.9984802982537875,0.9992868458723432,0.9998783144041482,0.9999443294402095,0.9997605376263389,0.999663068679968,0.999777365831527,0.9999248949645368,0.9999567224332635,0.9995569257113885,0.9996724565117403,0.9999222959730923,0.9999096603692592,0.9996258580082824,0.9998819555822159,0.9996283352070018,0.9999969515801524,0.999930457094025,0.9996963634080863,0.9999915698812312,0.999984333106077,0.9999995384784774,0.9996079147984125,0.9998778525904513,0.9992688540437908,0.9998263600619375,0.9999598632776918
0.75,0.9996513500984259,0.9931270805137868,0.9999996623567805,0.0003486499015743715,0.9999695166230276,0.9993010725125965,0.9999271590838953,0.9998776177898907,0.9999535538788319,0.9997911079164109,0.9999766406020911,0.9999896457164421,0.9999939665137066,0.9999932552625072,0.9997991492000871,0.9999334680698871,0.9997684971170532,0.9984916999346957,0.9998522281571679,0.9996809096007637,0.9998664239567241,0.9999913220363754,0.9998938063775004,0.9999760562160452,0.9999598982562392,0.9999990533768388,0.999262621497166,0.9999326300242796,0.9999858075475024,0.9998497633177392,0.9999059649437224,0.9999592319851833,0.9996738857506441,0.9998965464213851,0.9989879101916542,0.9999277734823168,0.9999876268763561,0.999914377252782,0.9999930620379932,0.9956276285535586,0.9998348153659092,0.9999860641363334,0.999955450257047,0.9999532695497316,0.9971083541006366,0.9999714829917432,0.9999996623567805,0.9995594062469462,0.9996908147783039,0.9999703168023868,0.9999666376111436,0.9998691292931545,0.9998832223675982,0.9999219964770111,0.9999403382125287,0.9999945840682377,0.9991737170400826,0.9998949922879198,0.9999197028024941,0.9999797775335827,0.9999647901865997,0.999559321195533,0.9999896786796174,0.9998502442287062,0.9989602580119995,0.9994623599727546,0.9999356196714265,0.9999056275182517,0.9998577982968825,0.9999275445884148,0.9998865748060024,0.9999811241048329,0.9993087196295841,0.9931270805137868,0.9996992949007456,0.9998746014397675,0.9997788219358185,0.9995912186211877,0.999896040327765,0.9999550730450306,0.9999933593000285,0.9999311096971025,0.9996100488800871,0.9994782202266393,0.9997441416129105,0.999851961836242,0.999818146299064,0.9999304401298001,0.999524899800743,0.999975027831896,0.9997778742349721,0.9992238578836307,0.9969063862511094,0.9999030679632065,0.9993825649938182,0.9996816413528549,0.9999876681533327,0.9999805630712122,0.9989746137498684,0.9999922052707076,0.9991603626954615,0.9999020571204923,0.9998481005288252,0.9996519924737045,0.9997888606854833,0.998880891971154,0.9994911554393788,0.9998050707539236,0.9999199792684589,0.9997985372014531,0.9996951308451888,0.9997953141103624,0.9999499538460869,0.9999260898029496,0.9995562441409568,0.9996775006494504,0.9999180210022438,0.9999296105315335,0.9996212829240019,0.9998635870382808,0.9995096985212285,0.9999971084328309,0.9999433244547206,0.9995374463566029,0.9999939511308295,0.999983480662837,0.9999976508013937,0.9995942967157923,0.9998660726333217,0.9993220170068977,0.9998393235335239,0.9999644967445466
0.755,0.9996677183062179,0.9940646950700549,0.9999994912473025,0.00033228169378176763,0.9999529374582532,0.9993733753159191,0.9999538516043772,0.9998949991123547,0.9999596021163563,0.9996980554180088,0.9999570330361077,0.999979202985403,0.9999980266805459,0.999986271349376,0.9998280787418494,0.9999446414562152,0.9997694853728195,0.9981796991594243,0.9999101477868135,0.9997711095466614,0.999838287859791,0.9999986416118399,0.9998980342749573,0.9999723794118549,0.9999567978684035,0.9999994912473025,0.9993304050623595,0.9999216667089926,0.9999675271197686,0.9998653762165683,0.9999163421563096,0.9999469421742483,0.9996935901816865,0.9998050859122617,0.9988409313351632,0.9998886822159283,0.9999777264207951,0.999855543853579,0.9999973444016741,0.9957250152256709,0.9998932506439432,0.9999899423931096,0.9999454442927997,0.9999510189333948,0.9974783489117641,0.9999698136721824,0.999996610667835,0.9995683995941833,0.9997013271426429,0.9999642080001635,0.9999801172639236,0.9999124775227437,0.9998748404943847,0.999924448869367,0.9999389485951256,0.9999962673911286,0.9992408746245242,0.9998709650943987,0.9999432489968924,0.9999813392866508,0.9999581087542487,0.999584893605733,0.9999831530598022,0.9998395076803145,0.998892126084901,0.9995560360347573,0.9999085329440875,0.9999109321043338,0.9998458044278286,0.9999278019873826,0.999888020714713,0.9999805210707009,0.9994083952741099,0.9940646950700549,0.9995777510253115,0.9998941416423373,0.9998590381904668,0.9997116192893672,0.9998824155949083,0.999967932094429,0.9999908216914223,0.9999234268815498,0.9995988174294875,0.9995153679680063,0.9997501002950165,0.9998343870601916,0.9998525288871384,0.9999284106941586,0.9995197476790127,0.9999695437931962,0.9997669881195135,0.9990830062765697,0.9976487816347,0.9998924206231047,0.9993846116596089,0.9996549615167215,0.999992065783488,0.9999941936878178,0.9988682992718535,0.9999934529778947,0.9991293221733822,0.9998837622080192,0.9998509872687144,0.999638455392869,0.9997955920296407,0.9991802452574773,0.9993944445582663,0.9998022088973595,0.9999175606884209,0.9998059923998229,0.999757172236662,0.9997288738458503,0.9999526218071125,0.9999324113740251,0.9995554190670317,0.9997242521082113,0.9998699011914713,0.9999315418343789,0.9995349121287604,0.9998505026880368,0.999556428496638,0.9999978904335018,0.999946275841644,0.9996233676438202,0.9999978700301754,0.9999702721138456,0.9999899055526953,0.99967951248658,0.9998722342286727,0.9993086116302577,0.9998601874495988,0.9999516267619531
0.76,0.9996804709884798,0.9932175537800688,0.9999998879291143,0.0003195290115201888,0.9999774703557436,0.9990638339384639,0.9999670143424909,0.9999040811362354,0.9999522324240763,0.9996984745316196,0.9999627267997127,0.99998836052998,0.9999903396109041,0.999985667868921,0.9998635036208683,0.9999393347065492,0.9998540556370601,0.998547217951147,0.9999039091778212,0.9997802640958219,0.9998688725691246,0.9999998879291143,0.999902544529579,0.999972235825149,0.9999413462154044,0.9999957066735319,0.999300154855458,0.9999215645647967,0.9999749490408092,0.9997833437455493,0.9999286331331234,0.9999457508768238,0.9997200798668963,0.9998053922997234,0.9989144905700112,0.9999419564218199,0.9999708169709084,0.999901618737712,0.9999982485140027,0.996814281832386,0.9998905096923426,0.9999675697234068,0.9999535224376604,0.9999514528666421,0.9974787617690584,0.9999584353586121,0.9999983652322633,0.9996482340394729,0.9998209125476828,0.9999518855098661,0.9999829854832037,0.9999470080639911,0.9999062264923219,0.9999468513772168,0.9999470738701179,0.9999913428669605,0.9993079746552784,0.9998509785023207,0.9999411740415987,0.999983492855027,0.9999092243588678,0.9996900826846538,0.9999852148432434,0.9998567924148799,0.9990124839304876,0.9995810668549133,0.9998885259474177,0.9999187291496967,0.9998499213717058,0.9999204982861275,0.9998689031778009,0.9999835258038936,0.9994979345729944,0.9932175537800688,0.9994214406870584,0.9998267101493096,0.999918949522794,0.9996101421660156,0.9999258973801342,0.9999768341144848,0.9999986537656497,0.9998680078669709,0.9996138682577873,0.9995178151505293,0.9998335441885512,0.99989960032075,0.9998577246463504,0.9999663946542798,0.9993461497096408,0.9999444591459996,0.9998002522214127,0.9987999611032251,0.9977686084995622,0.9998295317672005,0.9993910620333766,0.999779925155509,0.9999790381020016,0.9999855620703691,0.9989541465390065,0.9999744192006733,0.9992476074192332,0.9998892384392444,0.9998344379848298,0.9997341266383672,0.9997844671436789,0.9991123392001597,0.9995683230342541,0.9998556363119891,0.9999123540004929,0.9998158598305926,0.9996732693437849,0.9997348797648872,0.9999698594223426,0.9999149601245335,0.9995556919905918,0.9997508822179243,0.9999029569385862,0.9999144812321549,0.9995325991303292,0.9999015361624911,0.9996025728721734,0.9999952780677304,0.9999498789524991,0.9996910121555045,0.999995664399209,0.9999713823247789,0.9999930670139363,0.9996873486247707,0.9998901026397179,0.9994939941417421,0.9998970719142063,0.9999531322089031
0.765,0.9996909264782791,0.9942517355875801,0.9999999494393935,0.0003090735217210592,0.9999658815760962,0.9990513316380899,0.9999761557315359,0.9998878333584521,0.999947195345808,0.9997005426682208,0.9999378414383674,0.9999695326739888,0.9999752891482862,0.9999801672053313,0.9998649699397438,0.9999309220535851,0.9998690575550758,0.9983493256329653,0.9998946323846066,0.9997721082196214,0.9998925736187421,0.9999999494393935,0.999939171440576,0.9999652226018683,0.9999472952485008,0.9999957890195094,0.9994406720319055,0.9999213783985089,0.999977440468487,0.9997987654172561,0.9999407850785738,0.9999737582033078,0.9997564569402719,0.9996716189507432,0.9990742050129278,0.9999310136615355,0.9999608597141845,0.9998446941959916,0.9999960817252416,0.9969559207782532,0.9998907077080461,0.9999819710849035,0.9999498783060204,0.9998913467649553,0.9971870948276725,0.9999678167882365,0.999999670894512,0.9997136766153795,0.9998219191026472,0.9999515256588678,0.9999849463424727,0.9999469190798825,0.9999301109676373,0.9999513061438704,0.9999525140466322,0.9999906661774626,0.999371126925548,0.9998602432606559,0.9999109273129296,0.9999850837176798,0.9999070104961346,0.9997327147413988,0.9999967476054158,0.9998501244855045,0.9989636418049008,0.9996303084888579,0.9998885789828394,0.9999120016317942,0.9998522299147149,0.9999003176899793,0.9998993241031964,0.9999936674617642,0.9995771334823983,0.9942517355875801,0.9992298876074235,0.9998248278149359,0.9999247860807566,0.9996002951447679,0.999914731356071,0.9999859893422814,0.9999959311584268,0.9998774855590252,0.9996204102421266,0.9992836026913577,0.9998939487952739,0.9999453220485816,0.9998631531283159,0.9999794071112448,0.9994095047457449,0.9999024738856346,0.9998061121543831,0.9990023120845661,0.9983397301028751,0.9998964253303237,0.999414463960432,0.9998648601323485,0.9999872249797632,0.9999638399286336,0.9988388260801649,0.9999820339326728,0.9989870397389847,0.999826337070948,0.9998239224396213,0.9997416808833715,0.999797130658754,0.9991466205767066,0.9996939798633241,0.9997742700569424,0.9999314408078729,0.9998062545114543,0.9997433717904785,0.9997595358211301,0.9999661803966403,0.9999246787685241,0.9995338185241247,0.9997449708805521,0.9999260101923195,0.9999285795155682,0.9995247686263521,0.9999285094660931,0.9995928991919836,0.9999978673613515,0.9999630976593367,0.9996587815359107,0.9999986311511485,0.9999518725391358,0.9999828998433195,0.9997600315078864,0.999902787541196,0.9992514455691414,0.9999169225306256,0.9999532400827307
0.77,0.9997003310701033,0.993470440257594,0.9999993569924867,0.0002996689298960744,0.9999502658566162,0.999338842873254,0.9999857257079132,0.9999274532374723,0.9999360916746186,0.9997458935654524,0.9999152248720186,0.9999367135907757,0.999954258646797,0.9999715345531883,0.9998976073188725,0.9999412694432139,0.9999197146252914,0.9986999429349237,0.9999364781459537,0.9998439807917086,0.9998623689591654,0.9999993569924867,0.9999347516392583,0.999953615019321,0.9999482459015003,0.9999957318788052,0.9994296115243414,0.9999232652909436,0.9999590957258709,0.9998362829054064,0.9999202263725433,0.9999768836795923,0.9997782695672492,0.9996930926558997,0.9989391298470124,0.9999388978714382,0.9999487216039472,0.9998324563672456,0.9999989164213448,0.9971441699673593,0.9998865050259936,0.9999934713022406,0.9999149120965405,0.9999424309203503,0.9973309282667023,0.9999733670172978,0.9999982666052157,0.9997319162661698,0.999818208531861,0.9999474302397022,0.9999818931168148,0.9999682922065413,0.9999250141567885,0.9999447772184593,0.9999511066010369,0.99998606033818,0.9992652987905101,0.9999039932858832,0.9998894578960251,0.9999844714150669,0.9999163733115622,0.9996817763708091,0.9999931775896717,0.9998830860498371,0.9991685257851098,0.9996989202632577,0.9998830197042957,0.9999156079824393,0.9998389705455986,0.9999190494335652,0.9998895933631289,0.9999944283997202,0.9995718707857557,0.993470440257594,0.9990083875946338,0.9998714907451652,0.9999251053078538,0.9997162704545466,0.9999511204168429,0.9999847474123741,0.9999909817690766,0.9998836868372936,0.999759909967352,0.999445516336543,0.9999013081368039,0.9999740328554824,0.9997936848071792,0.9999955559239602,0.999509915473892,0.9999072856051812,0.9998400494182275,0.9991394778121405,0.9981203253109839,0.9999424309785669,0.9994396910324638,0.9998246238853703,0.9999829633898486,0.9999737549014394,0.9988787420261953,0.9999767309995609,0.9989732260032023,0.9998105306659534,0.9998103787725248,0.9997601688579233,0.9996908255167689,0.9991923853917262,0.9997836000263701,0.9996610436084598,0.99993570359188,0.9998557082333202,0.999794205512743,0.999709397485181,0.9999506380060217,0.9998809738925366,0.9995086674961905,0.9997969521465373,0.9999258944008185,0.9999011057043999,0.9996600279212655,0.9999223157113916,0.9996361098829442,0.9999976206153398,0.9999719485057513,0.9996911291664675,0.9999977896337349,0.9999554557744721,0.9999728781393963,0.9998094335657302,0.9999198420666713,0.9994716837935271,0.999927418842075,0.999952799474474
0.775,0.9997294849030821,0.9946290876353722,0.9999991683788034,0.00027051509691763194,0.9999784603004811,0.9995535117254902,0.9999890669933247,0.9998809440864456,0.9999228351887073,0.9997640804115898,0.9999032449898677,0.9999399624491832,0.9999304571169756,0.9999625494478519,0.9999407573040312,0.9999490415786768,0.9999248172593613,0.9988996227835089,0.9999353346848534,0.999758047604115,0.9998506837488998,0.9999905671224473,0.9999417034676226,0.9999714136103312,0.9999576489407261,0.9999991683788034,0.9994249181347012,0.9999234732391142,0.9999629394347423,0.9998414896551685,0.9999283744427035,0.9999914580040541,0.9997984096685953,0.9996923905760378,0.999131521431678,0.9999680282567494,0.9999668491989671,0.9998207973259524,0.9999956708090014,0.9973633871574188,0.9998495134440287,0.9999953051824366,0.9999215307079122,0.9999574990541619,0.997591314744894,0.9999691700284036,0.9999980737828817,0.9997239188054827,0.999901480919985,0.9999397837222387,0.9999691652839277,0.9999684839948657,0.9999249824864107,0.9999516147946932,0.9999539531125968,0.9999805315882458,0.9992467574759832,0.9999333293347411,0.9998782592813448,0.9999854212928625,0.9999536819664268,0.9997625316733031,0.9999833655635828,0.9999084311539687,0.9991439269998537,0.9997728358496972,0.9998639749184205,0.9999389747307114,0.9998454441743425,0.9998947277136712,0.9998952249488037,0.9999920493220747,0.999576562344038,0.9946290876353722,0.9992632309076085,0.9998733844845507,0.9999294583045483,0.9997148888212939,0.9999535977033818,0.9999881238873749,0.999984861923484,0.9999304075442004,0.9997728035000616,0.9994484082151393,0.9999179635907229,0.999983397217592,0.999843157896336,0.9999736403464156,0.9993367208266075,0.9999476827972428,0.9998371619909612,0.9992475934216789,0.9979885767995107,0.9999550833375833,0.9995024552559864,0.999829575738186,0.9999856299204094,0.9999902182101424,0.9989598333726765,0.9999910308222237,0.9991189684144821,0.9998267879146066,0.9998134385248875,0.9998252584972561,0.9997754055729666,0.9990490701013944,0.9997902747759293,0.9996854325278173,0.9999284363295036,0.9998986171553579,0.9998309071915337,0.9997225578754343,0.9999539763153678,0.999868007554623,0.9996576253632432,0.9998220469922813,0.9998847240648857,0.9999060646827411,0.9997567156368463,0.9999375981846619,0.9997385490777461,0.9999956750736495,0.9999717796108581,0.9997388333742067,0.9999966151948524,0.9999600354347135,0.9999605954362332,0.9998009281971603,0.9999310071771631,0.9996379543208113,0.9999336233252646,0.999953136299605
0.78,0.9997522772756533,0.995694967741283,0.9999995840415727,0.00024772272434704493,0.9999788141647522,0.9995141320983478,0.9999883189252193,0.9998340573559559,0.99993363956273,0.9997635209835404,0.999904093411439,0.9999552545008795,0.9999385737090939,0.9999453057454833,0.9999345359975701,0.9999556998924138,0.9999378997735979,0.9988710129137005,0.9999281096699636,0.999766818793851,0.9998958341840541,0.9999911046183353,0.9999050406055735,0.9999804790108612,0.9999685451793473,0.9999995840415727,0.9995789728398377,0.9999246433050776,0.9999682460591585,0.99982145588619,0.9999446313653284,0.9999978445598764,0.9998048055820171,0.9997954074904415,0.9992903491318641,0.9999827355576135,0.9999869265277189,0.9998111492520944,0.9999880179561474,0.9975959809776076,0.9998457645300464,0.9999995156216858,0.999943984720814,0.9999543237807751,0.9980593804885606,0.9999734140687723,0.9999984012046597,0.9997575149211732,0.9999544320318268,0.9999260421980221,0.9999795936771244,0.9999823450285685,0.9998692003754327,0.9999166435205422,0.9999604946521021,0.999995509030327,0.9993098810790902,0.999937958663881,0.9998712675577713,0.9999831347293244,0.9999560095320087,0.9997392593186443,0.999971964340049,0.9999075878616431,0.9993191831478881,0.9997911538406429,0.9998774109449126,0.9999364990734978,0.9998465372406509,0.9998552725780573,0.999910665777637,0.9999892644667547,0.9996624042966131,0.995694967741283,0.9993361287279319,0.9998921863926981,0.9998737195434588,0.9997289742158618,0.9999561924667443,0.9999787571739246,0.999976682700732,0.9999250061367044,0.9996477004927277,0.9994830252337512,0.999914864235142,0.9999588174206185,0.9997543303444558,0.9999857209800429,0.999433318541728,0.9999760396243733,0.9998744086684453,0.999108914791088,0.9981938035221634,0.9999653583572179,0.999519592914916,0.999897785176423,0.9999707584071289,0.9999963417931852,0.9992623892196183,0.9999917501887975,0.9989488145852545,0.9998138177279439,0.9998545400852773,0.999872814021219,0.9996472703330377,0.9991230794794485,0.9997992765006903,0.9997151889096682,0.9999497392131861,0.9999380511897324,0.9997663410502485,0.9996196868450435,0.9999669540646765,0.999857534207119,0.9997738957980185,0.9998116155043575,0.9999159688269303,0.9999052614982588,0.9997048483913441,0.999954849946899,0.9997478701350324,0.9999960728821665,0.999946889159542,0.9998071302272972,0.9999966162292815,0.999965537715968,0.9999695616292884,0.9997857210401495,0.9999355614974779,0.9996464168258407,0.9999390435285862,0.9999544312946788
0.785,0.9997559888920681,0.9963077312640545,0.9999993496364449,0.00024401110793195827,0.9999784566668072,0.9995524291817053,0.999994364492609,0.9998216415765696,0.9999499865863514,0.9997949633093647,0.9999064279665839,0.9999807458804942,0.9999198634421663,0.9999143450323638,0.999949902467276,0.9999503015184827,0.9999288819938603,0.9988669223345935,0.9999344100323581,0.9998388180724805,0.9998781294476791,0.9999946640580409,0.9999214297122543,0.9999814657942968,0.9999694094172109,0.9999985143873296,0.9997074316782117,0.9999201188797104,0.9999393173607741,0.9998478578321403,0.9999476687846571,0.999998209096459,0.9998212795266896,0.9996567010406021,0.9994195880548922,0.9999787675436353,0.9999775691931191,0.9997050442429916,0.9999916073117855,0.9982446457935821,0.9998502256607221,0.9999986122203958,0.9999650163599522,0.9999553069555465,0.9972752211014223,0.9999771681648267,0.9999936070204756,0.9997955178255385,0.9999834969767636,0.9999273173539501,0.9999716902282981,0.9999732630009887,0.9998928514938079,0.9999447883295451,0.9999256137433102,0.9999905117142048,0.9993756719704846,0.9999122899924859,0.9999016625622721,0.9999826565744613,0.9999658436035531,0.999743099601185,0.9999827136371281,0.99993033877955,0.9990331284636281,0.9998278401396606,0.9998797881523223,0.9999085027849521,0.9998497809369731,0.9998731248142659,0.9999318388068535,0.999994076917493,0.9996741854869523,0.9963077312640545,0.9992069324172259,0.9998957824776811,0.9998708568697358,0.9997140525227746,0.9999391056244568,0.9999683847521633,0.9999929193038394,0.9999020129082177,0.9996552517253157,0.9995215366748761,0.9999227646822215,0.9999234864031319,0.9997565877944649,0.9999505954662167,0.9993645041750917,0.9999918057724839,0.9998980146829887,0.9992313204508848,0.9982781592094694,0.9999620234255516,0.9994439063586492,0.9998785171979488,0.9999343570360189,0.9999936839759205,0.9993299255978093,0.9999886897221197,0.998630507606539,0.9997299352750528,0.9998114099250426,0.9999141084152103,0.9996465582236639,0.9993845794774578,0.9998019768134919,0.9997894159352865,0.9999295929790902,0.9999372303005998,0.9996784949233494,0.9996316970036627,0.9999655232922307,0.999868290781179,0.9998572170630778,0.9998187241738531,0.999881450544931,0.9999164593615395,0.9997355587828315,0.999949138697344,0.9997675057671577,0.9999962426424007,0.999947747164394,0.9997818178901935,0.9999993496364449,0.9999644646986297,0.9999566471686342,0.9996861276126883,0.9999447868380646,0.9997683660436643,0.9999412114421923,0.9999429021294023
0.79,0.9997797584338021,0.9968764404140471,0.9999989233064648,0.00022024156619791462,0.9999893397336626,0.9995591646309082,0.9999945706302317,0.9998458072435493,0.9999578279746327,0.9998241370773907,0.9999346333014576,0.9999697521513946,0.9999300975392723,0.9998621041253727,0.999965075775971,0.9999539374971056,0.9999103016987015,0.9989433182109049,0.9999562190559174,0.9998492603833595,0.9999169820243314,0.9999947432693623,0.9999274356005438,0.9999904250439513,0.9999664753185078,0.9999989233064648,0.9997124234551662,0.9999519694373046,0.9998896455385325,0.9998516599206801,0.9999560200616362,0.99999883573655,0.9998369406991771,0.9996764471143468,0.9995531769543757,0.9999681371279372,0.99999065113462,0.9997943517810192,0.999981544449758,0.9987399618630967,0.9998991064206142,0.9999986267920868,0.9999698880239979,0.9999682187411173,0.9976699399742962,0.9999643735413474,0.9999945329794097,0.9998254249864535,0.9999792055931918,0.9999395845959047,0.999975554116029,0.9999850108734769,0.9998258379382579,0.9998955069217452,0.9999331165491049,0.9999915670282954,0.9995229576200481,0.9998997800986014,0.99988425647231,0.9999827380395062,0.9999281664722592,0.999801295367321,0.9999831790883039,0.9999292488230488,0.9992666581540174,0.9998583317843904,0.9999122656425732,0.9999166673878145,0.9997577197539167,0.9998841077304321,0.9999541968669727,0.9999875065896092,0.9997450985566395,0.9968764404140471,0.9993015062963924,0.999885621723852,0.9999297794154123,0.9995988679939916,0.9999230399365833,0.9999439234394253,0.9999905512161585,0.9999452395290918,0.999780037598567,0.999538067128965,0.9999407806826528,0.9999503185283654,0.9997675321346261,0.9998920754073716,0.9994536549833395,0.999992796465937,0.9999140517536657,0.9993304258145989,0.9981632688676695,0.9999638244678976,0.999468938339201,0.9998640048998501,0.99994154396915,0.999995324451718,0.9993438720385253,0.9999537568611327,0.9988436805774698,0.9997484519565322,0.9997435443407305,0.9999393101764418,0.9997541905762956,0.9995767395840995,0.999795008404604,0.9997740072591034,0.9999456952760346,0.9998504094252676,0.9997533312593256,0.9997258230290705,0.99996486740008,0.9997993436022988,0.9998553061896704,0.9998234191148029,0.9998494643714534,0.9998785490968044,0.999735087324996,0.9999565470450245,0.999760422400256,0.9999958613554043,0.9999454919922116,0.9997535769455033,0.9999980824811863,0.9999684464465318,0.9999664743602787,0.9997718627264973,0.9999419278280465,0.9997753600989924,0.9998647387664498,0.9999328473667288
0.795,0.9997837449901763,0.9965511433142643,0.9999996006453542,0.00021625500982360365,0.9999963618700951,0.9997112877455532,0.9999935993707005,0.9998399731343367,0.9999538938219417,0.9998222060398217,0.9999180267110186,0.999934648714198,0.9999365849879814,0.9998565065432872,0.9999894963187858,0.9999468250415429,0.9999531877728857,0.9989722983369799,0.9999452329161003,0.9998975164659498,0.9998971191242488,0.9999992566179023,0.9999618480346776,0.9999906826342482,0.9999656764189948,0.9999982585659584,0.9997240762656198,0.9999532419755356,0.9999124536081277,0.9998200499988537,0.9999621425487311,0.9999993245702494,0.9998590743597014,0.9995061192913273,0.9995512668924348,0.9999750169785083,0.999986990992495,0.999807240248627,0.9999713817212121,0.9987273291931262,0.999895432490041,0.9999979131437359,0.9999398624841735,0.9999161099483794,0.9980952099892907,0.9999441701790802,0.9999985454663326,0.9998449220324347,0.9999770107444007,0.999939460934265,0.9999774317617032,0.9999984192032476,0.9998328447367282,0.9998908286278566,0.9998817637103471,0.9999940221524398,0.9995584546255217,0.9998959455237211,0.9998794405534066,0.9999777495423163,0.9999521921088884,0.9998127252402607,0.9999771999252858,0.9999388403152698,0.9994672652662477,0.9998818258769165,0.9999044584327946,0.9998831393024743,0.9997622379710691,0.9998914487033773,0.9999761834540329,0.9999780551422012,0.9997717242778594,0.9965511433142643,0.9991094130048287,0.999883682805887,0.999910725865094,0.999583488516394,0.999907314854625,0.9999278979845567,0.9999857707186921,0.9999645577586369,0.9997725973536175,0.9995684955983055,0.9999471619717928,0.9999177850536387,0.9997795220750094,0.9998169267810416,0.9994177049060194,0.9999993004348713,0.9999108106275405,0.9994196134799961,0.9981275781927882,0.99996428874183,0.9995223859375654,0.9999155533700597,0.9999574745525791,0.9999968268578647,0.9993631841306008,0.9998881464889728,0.9988324196615578,0.9998403237479552,0.999827771066088,0.9999428412109159,0.9997670024978507,0.9995298128241943,0.9998691862349959,0.9996567304930989,0.9999610916810358,0.9998591477277778,0.9996564296763264,0.9997941921454376,0.9999649161514906,0.9998320116962014,0.9999068635141735,0.9998446415677235,0.999851052292025,0.9999190174324621,0.9997758251097972,0.9999481140590673,0.9997505261160189,0.9999987247872346,0.9999478036216659,0.9998428272400317,0.9999996006453542,0.9999706185650254,0.999975714155033,0.9998402565030928,0.9999470190012553,0.9997920637391929,0.9997539310405839,0.9999425014629855
0.8,0.9997809729143882,0.9969896499057935,0.9999991359409554,0.00021902708561214563,0.9999973692294734,0.999819535866916,0.9999956555296813,0.99983744908753,0.9999430227256245,0.9998435353699661,0.9999116623134245,0.9999314013356644,0.9999554604809783,0.999855684538748,0.9999820597074465,0.9999628076729977,0.9999541946245386,0.9987348674526324,0.9999485219237941,0.9999057661603847,0.9999268605461612,0.9999943104126726,0.9999365228124301,0.9999976667036954,0.9999709454210914,0.9999967896107633,0.9998157344080434,0.999942480936638,0.9999375210102777,0.9998408219849737,0.9999628682444577,0.9999966018650718,0.9998895554303597,0.9995561708990777,0.9996540979691101,0.9999722323260021,0.9999944269818893,0.9998279274355042,0.9999776839447413,0.9987778239597014,0.9998160478218185,0.9999990551534883,0.999928865292401,0.9999296694076379,0.9982836630800835,0.9999514024590549,0.9999987928612554,0.9998443306103816,0.9999824127018627,0.9999451400672379,0.9999698532290562,0.999993980810408,0.9998368176066819,0.9998836404900459,0.9999081021481417,0.9999884600114984,0.9995941073570017,0.9999170696807188,0.9998194866315581,0.9999875655016754,0.9999535205221224,0.9998152323051555,0.9999621699895768,0.9999388694827055,0.9994651619523879,0.9999009297561015,0.9999061358554622,0.9998652160046799,0.9997547527640356,0.9998704763450983,0.9999544383202055,0.9999850547472309,0.9998026076846742,0.9969896499057935,0.9990014300761177,0.9998879364639043,0.9999106585863234,0.9995909590874646,0.9999031885479153,0.9999460440265295,0.9999826945673609,0.9999799500191404,0.9997645988832116,0.9993558019660801,0.9999376094762708,0.9999179227646914,0.9997895316053235,0.9997385677242164,0.999533027810679,0.9999976722053693,0.9999037526635901,0.9992125374275941,0.9981575739828803,0.999958267324611,0.9995966002037764,0.9999485899974949,0.9999606337105307,0.9999990596146662,0.9994340863853595,0.9998998884770066,0.9984835302458678,0.9998363825724195,0.9998166919802557,0.9998726681644379,0.9997604317612133,0.9995576234397809,0.9998116941834568,0.9995060576619663,0.9999579922778046,0.9997283998542982,0.9995717917913479,0.9998004325612804,0.9999652323568597,0.9998410827150838,0.9998554965574895,0.9998459225895401,0.9998793289703259,0.9998844304736124,0.9998224390007115,0.9999481649565248,0.9996023364831121,0.9999991359409554,0.999912386653916,0.9999114146935432,0.9999877205376583,0.9999763384306144,0.9999644368969384,0.9997809045757535,0.999952002560525,0.9998011587468395,0.9997668482167952,0.9999647561129099
0.805,0.9997917907035678,0.9967280760644226,0.9999987271568311,0.0002082092964321854,0.9999921316115056,0.9998254526807527,0.999984798017834,0.9998432614736802,0.9999442251510384,0.9998380695671081,0.9998884609013177,0.9999643036809458,0.9999646752099948,0.999902957191258,0.9999849052003038,0.9999613680162153,0.9999497460618488,0.9990394162123117,0.9999499919033115,0.9999373340751612,0.999949368051858,0.9999890907433087,0.9999024307395732,0.999996784019093,0.9999731441722307,0.9999908954061614,0.9998191686333007,0.9999269574305574,0.9999368349973825,0.9998450009835634,0.9999231460649542,0.9999982265293703,0.9998936129559278,0.9993867000368937,0.9997459619839906,0.9999810615665351,0.9999879801613824,0.999844687228819,0.999962538774181,0.9991119467947319,0.9998150459418292,0.9999977503871453,0.9999217237363401,0.9999584119540287,0.9986414381516077,0.9999577267948552,0.9999987271568311,0.9998599413648435,0.999992479518029,0.9999297394320724,0.9999705800780879,0.9999738108184375,0.9998593616945083,0.9999330146425257,0.9999196234960123,0.9999932337555346,0.9995148514254183,0.9999231599732488,0.9998665261609647,0.9999934798198249,0.9999271208427016,0.9998347107637771,0.9999493589854278,0.9999344213932314,0.9996312279739176,0.9999105999535318,0.9999089329883565,0.999875940231263,0.9997693851158037,0.9998453400924332,0.9999748869294334,0.999986641620091,0.9998115623434212,0.9967280760644226,0.9990279984240963,0.9998940154067517,0.9999241447269532,0.9996014571014609,0.9998955664163921,0.9999601578082399,0.9999957140459855,0.9999904460817964,0.9997639909732176,0.9994918542086889,0.9998861447206835,0.9999137602836677,0.9997975080592137,0.9997414114931732,0.9995821470015082,0.9999980532034184,0.9999262796302025,0.9993494813649288,0.9979746583051013,0.9999648523418193,0.9995322294564668,0.9999691639450438,0.9999636151283288,0.9999953270367843,0.9996073515238368,0.9998999647787983,0.9987470821670124,0.9998540853035807,0.9997542500126625,0.9997597052364141,0.9997778940566392,0.9997054955600938,0.9998720401714535,0.9994973056435856,0.999968634000789,0.9995441948297777,0.9996115535641723,0.9998032323617084,0.9999647853998574,0.9998728796896572,0.9998574995757548,0.9998611034971358,0.9998262656706907,0.9998886999963903,0.9998129339428076,0.9999436525902643,0.9996441708551896,0.999996024288437,0.9998518335427224,0.9999055098337569,0.9999896334576814,0.9999779176217325,0.9999707387316865,0.9998086791352806,0.999949606454157,0.999686678325259,0.9997816499978843,0.9999707152475279
0.81,0.9998038983757876,0.997318337106507,0.9999998044506235,0.0001961016242122904,0.9999865312740477,0.9998389981680488,0.999981971603212,0.9998477753019928,0.9999096876599349,0.9998346333741712,0.9998853396205811,0.9999680923229061,0.9999731423616078,0.9999136480179547,0.9999905756570961,0.9999590170404211,0.9999328161144312,0.9988071338543941,0.9999674821586211,0.9999010114107602,0.9999296553453071,0.999990895708024,0.999942140044719,0.9999998044506235,0.9999769639464811,0.9999888604417836,0.9998278379573884,0.9999272320098054,0.99994091834956,0.9997940370399743,0.999944765013262,0.9999955227779544,0.9998977205358777,0.9992329171845673,0.9997574122006984,0.9999862827572427,0.9999850381374094,0.9997519231436874,0.9999869744057961,0.9991480162154437,0.9998149529331029,0.9999996227216305,0.9999320623371468,0.9999620533097243,0.9987960531301655,0.9999635600582746,0.9999993179126554,0.9998862281301596,0.9999913315922624,0.9999324346368598,0.9999709508277046,0.9999931849284468,0.9998500337644972,0.9999175908812706,0.9999256922701235,0.9999958228762518,0.9995643696245033,0.9998959337835363,0.9998578636155725,0.9999968944549978,0.9999113167412067,0.999868424258195,0.9999434188108598,0.9999131598345636,0.9996154320379406,0.9998702307438907,0.9999062645905954,0.9998837890382163,0.9997620823091081,0.9998559823882617,0.9999703304943924,0.9999886036805721,0.9998558346341032,0.997318337106507,0.9990700745112034,0.9999184266400771,0.999964993278419,0.9996159406425221,0.99993087576764,0.9999699460624876,0.9999894403724868,0.9999849451731693,0.999856819583864,0.9996153883388246,0.9999021294708321,0.9999058717097556,0.999801702488672,0.9996750500429953,0.9996853929915501,0.9999963706982375,0.9999364247798155,0.9994128858648933,0.9982488768598071,0.9999704071334808,0.9995027769952592,0.9999815854817135,0.9999312601266773,0.9999874678003193,0.9997368890984581,0.9999142588836692,0.9989469156372259,0.9998463030874866,0.9997894972372133,0.9997727160926108,0.999802043006337,0.9997170339016975,0.9998573395462992,0.9995072550378308,0.9999642484829571,0.9995937411935303,0.9997173013957272,0.9998281785531294,0.9999617122568958,0.9998754763805379,0.9999118755087656,0.9998578583634565,0.9997685793000349,0.9998269897289185,0.9998007316217998,0.9999426691213403,0.9996259732576248,0.9999827462024073,0.9998482670832092,0.9999107787244657,0.9999900306982283,0.9999845058579294,0.9999745669915449,0.9997781414337975,0.9999554927045717,0.9996653528978241,0.9997952506065344,0.9999812853289807
0.8150000000000001,0.9998140342189605,0.997757682061822,0.9999998258183914,0.00018596578103959507,0.9999747691231194,0.9997193391236966,0.9999842309116566,0.9998791033061792,0.9999279861926162,0.9998381990652779,0.9998413830855395,0.9999651395187956,0.9999744722468324,0.9998942728122813,0.9999998258183914,0.9999715472326616,0.9999170843476004,0.9990908110620965,0.9999613892833056,0.9999098462942205,0.9999127862414648,0.9999889752754584,0.9999135754301139,0.999996401064861,0.9999775956385947,0.9999889098009507,0.9998404859666805,0.9999294861366617,0.9999522770318026,0.9997159677659662,0.9999163521342607,0.9999975645997748,0.9998961122885532,0.9992669915594748,0.999834314096383,0.9999882302231907,0.9999732894845821,0.9998130882706991,0.9999826729753902,0.9990097803634608,0.999862493330058,0.9999911123002393,0.9999371002696755,0.9999128450441719,0.9989569529969854,0.9999482637330268,0.9999981477137694,0.9999026353554199,0.9999932806484058,0.999930360022115,0.9999768688807364,0.9999954157205077,0.9998734245834218,0.9998524411346527,0.9999442614258428,0.9999930569529085,0.9995804073622326,0.999849394781529,0.9998894028156629,0.9999989221220219,0.9999351384356615,0.9998664348772027,0.9999491806179003,0.9999153281471731,0.9994653604412161,0.9998910558801064,0.9999022866291978,0.9998354886955357,0.999784650007749,0.9998663186639091,0.9999660988811335,0.9999958671901781,0.999889272672922,0.997757682061822,0.9990616800772688,0.9998779837366047,0.9999650552404379,0.9996346017495985,0.999933828609531,0.9999651039120475,0.999983553937871,0.9999796606328013,0.9998567900867342,0.999650044532353,0.9998952197638218,0.9999017561563363,0.9998456337794421,0.9997615655431551,0.9997013137627684,0.9999908436505123,0.9999121854015388,0.999475546091497,0.9985027668106953,0.9999545757333623,0.9994910955759725,0.9999888449397895,0.9999518952368784,0.9999769852201922,0.9997278597893596,0.9998237545620471,0.9987617957674745,0.9998653794429562,0.9998578757682552,0.9997981911851889,0.999799710080621,0.9998203922047714,0.9998429426898341,0.9996315209263779,0.9999563714052848,0.9996269280272011,0.9997554789933668,0.9998627896059401,0.9999717024591579,0.9998757643143503,0.9999019983323235,0.9999086029671382,0.9997161940397837,0.9998839234079014,0.9997878550011817,0.9999349157436488,0.9996890424167422,0.9999811373570796,0.9998759062583832,0.9999555307380086,0.9999903039507735,0.9999829823292612,0.9999883135935723,0.9997200777996567,0.9999544665385566,0.9997744650423908,0.9997898684609673,0.9999726024784804
0.8200000000000001,0.9998081660884514,0.9968374485407405,0.9999988721045749,0.0001918339115490296,0.9999602400025542,0.9997038948727002,0.9999930302720339,0.9998849329750331,0.9999498486306025,0.9997438281749685,0.9998722717696805,0.9999359687602813,0.9999726556690826,0.9999302495221778,0.9999880148980772,0.9999706356960382,0.9999153110097615,0.9993106269319928,0.9999791114190635,0.9999209325937459,0.9999182442714731,0.9999898113891756,0.9999250572718837,0.9999819871306178,0.9999805970220185,0.9999862876821763,0.9997483925728589,0.9999099734121646,0.9999560837181874,0.9997683493045407,0.9998535446526272,0.9999947692367791,0.9999027001202834,0.9994703158082574,0.9998372107302222,0.9999920254589962,0.99996834322496,0.999844965592921,0.9999784350604684,0.9990075338098552,0.9998982498324418,0.9999942941814857,0.99993985209196,0.9999164432973875,0.9990759115088983,0.9999507635854309,0.999998584096018,0.9999070356297616,0.9999827217538445,0.9999238872311614,0.9999611030901269,0.99999358144483,0.9998757638966888,0.9998418175994573,0.9999643168388008,0.9999764536741981,0.9996247395468764,0.9997755384945005,0.9998589672247923,0.9999957462609712,0.9999358796799444,0.999888594538071,0.9999419963952153,0.9999150597517477,0.999488872450593,0.9998680620377218,0.999902959906822,0.9998503173063992,0.9996656928852841,0.999874596693588,0.9999662010677199,0.9999988721045749,0.9999077906745085,0.9968374485407405,0.999283983507725,0.9998958957030554,0.9999342839339492,0.9996833759967805,0.9999165578521045,0.9999634167879614,0.9999808157400412,0.9999762201612629,0.999873353683514,0.9997140971535821,0.9998930877622025,0.9999024557643723,0.9998795016601902,0.9997708595878138,0.9995536509147089,0.9999951914562952,0.9999281758312761,0.9995777623375481,0.9979423154577919,0.9999679761736442,0.9994787898068459,0.9999874899417412,0.9999628316987696,0.9999433715771764,0.9997248281891362,0.9998522407073692,0.9989929120160581,0.9998572882185186,0.9998705917709608,0.9996514634856373,0.9998196040227857,0.9998292179055082,0.9998367820888981,0.9996451635427055,0.9999771649445655,0.9995907535431545,0.9998313368930601,0.9998482477018459,0.999975425803469,0.9998778583544988,0.9999039005615087,0.9998390054740034,0.999728080330689,0.9998481353476031,0.9996860558769858,0.9999498748979038,0.9997301385985758,0.9999508193122635,0.999898544403813,0.9999569681336958,0.9999969815235759,0.9999870279815626,0.9999695902063165,0.9996720601944306,0.9999610253402242,0.9998522240453068,0.9998081138246337,0.9999760776092846
0.8250000000000001,0.9998183503554509,0.9972056737869454,0.9999994535076354,0.00018164964454937094,0.9999812509959397,0.9997124305942773,0.9999991820235435,0.9998818426331388,0.9999426107355273,0.9997880791311413,0.9998798983648004,0.9999429463780222,0.999971611676131,0.9999503340329585,0.9999867612501807,0.9999833175956973,0.9999138696712658,0.999344913393621,0.9999895093627228,0.9999341630060155,0.9999441533087704,0.9999855684839688,0.9999317225713696,0.9999910277971152,0.9999764354102568,0.999988590904744,0.9997556401035989,0.999943617888944,0.9999626559319549,0.9997862838352103,0.9998001479779592,0.9999896629823357,0.9997987595053048,0.999434049890657,0.9998861670916522,0.9999869767225115,0.999976148869123,0.9998347090370525,0.9999944135676835,0.9990266735540929,0.9998819303582033,0.9999783763482187,0.9998931760548871,0.999933905432631,0.9990872840957049,0.9999585321765762,0.9999975134922304,0.9999270414918559,0.9999874432355251,0.9999046068633132,0.9999360921417682,0.999974494777314,0.9998852826412924,0.9998377700504607,0.9999612674091358,0.9999853370738563,0.9996758593256743,0.9998107481202142,0.9999050945989886,0.9999885370482111,0.999922163929532,0.9999156587485207,0.9999277520536947,0.9999459494420595,0.9994896506462457,0.9999002005536911,0.9998991976101446,0.9998682404809043,0.9995195826541725,0.9998868162276257,0.9999646101343403,0.9999936932190535,0.9999157248868296,0.9972056737869454,0.9994724055098446,0.9999044241160037,0.9999478260546173,0.999566434683251,0.9999364415251905,0.999967850930248,0.9999654921392832,0.9999880422184342,0.9998754653824634,0.9995708933745349,0.9999308201521453,0.9998837421890887,0.9998725051836804,0.9997558826540006,0.9995746327895793,0.999995116496942,0.9999463966121892,0.9996841004051668,0.9983909886237649,0.9999823623323546,0.9995271422652333,0.9999856214421378,0.9999712626845862,0.9999278708216803,0.9996967945249113,0.9998759332939623,0.9990695110166644,0.999845344172157,0.9998335351432864,0.9994607227311093,0.9998405664174944,0.9998406451966044,0.999837917833543,0.9997358100341039,0.9999550693407745,0.9996380244910532,0.9998254041851138,0.999831070228112,0.999977087229331,0.9998969418564018,0.9998586708790568,0.9998590267263354,0.9998058531823552,0.9997690664753918,0.9996765693025887,0.9999475943077857,0.9997629913108336,0.9999573566815285,0.9998362024095607,0.9999846782464985,0.9999994535076354,0.9999897487738538,0.9999808003021865,0.9997651087444744,0.9999694087193031,0.9999056431981433,0.9998579546743649,0.9999772863856321
0.8300000000000001,0.9998366280652443,0.9976475827476209,0.9999982554524508,0.0001633719347553219,0.9999933535115378,0.9997341371443775,0.9999940834448439,0.9998947229925389,0.9999715668458907,0.9997981722963108,0.9998869644533823,0.9999459823330069,0.9999453134340203,0.9999554068847785,0.9999597482679626,0.999993828149832,0.9999527248578723,0.9992767428458332,0.999995277571407,0.9999148706757726,0.9999522364904959,0.9999866872147586,0.9999642440126648,0.9999915623096152,0.9999762661117714,0.9999878366260366,0.9997787425263702,0.9999358394639204,0.9999661555138821,0.9998101132899585,0.9998221786314593,0.9999906532472254,0.9998472438109097,0.9994532482016061,0.9999013800704906,0.9999860453921176,0.9999775831020287,0.9998678357311429,0.9999874360947916,0.99910304292137,0.9998477701089247,0.9999902906590453,0.9999194754176068,0.9999302459004625,0.9992547929918668,0.9999547048625127,0.9999982554524508,0.999936022604369,0.9999895592235688,0.9998890056808776,0.9999607534465377,0.999985882049599,0.9998999786655837,0.9998364216449128,0.9999838507417351,0.9999927115130541,0.9997402984929566,0.9998292017859511,0.9999009523452128,0.9999958436346084,0.999945302009491,0.9999379542475189,0.9999175200477892,0.9999660296332132,0.9995333460008148,0.9999206815246836,0.9998708640065848,0.9998962780357149,0.9996534727297494,0.99991312205447,0.9999659211078202,0.9999964948342421,0.9999140440099124,0.9976475827476209,0.9994778172817886,0.999925285745626,0.9999097654750596,0.999614282906039,0.9999473838145675,0.9999645221046067,0.9999536320774471,0.9999805834284421,0.9998793931041002,0.9996222165544013,0.9999366826272669,0.9998922926220773,0.9998951783745441,0.9997635620680566,0.999548856734339,0.9999879748542785,0.999937746757659,0.9997043465963005,0.9985874172299534,0.9999933212548948,0.9995892023823885,0.9999848750520506,0.9999691665956549,0.9999458140414812,0.999798953387127,0.9998447466162618,0.9991972601624493,0.9999034409652182,0.9998391441762577,0.9995454473896224,0.9998353566326501,0.9998538438875431,0.9998976595222493,0.9997423717728996,0.9999408048668867,0.9996723070258048,0.9998185171961648,0.9998531283222821,0.9999841486077556,0.9999046083781875,0.9998586796360781,0.9998612738214526,0.9998045007072587,0.9997789768536702,0.9997616423053858,0.9999592470543719,0.9997885518883348,0.999958435664841,0.9998356579889098,0.9999776022029548,0.9999905723680443,0.9999873762730641,0.9999796956314978,0.9997522247675347,0.9999847924981595,0.999906032387405,0.9998580931319636,0.9999881218945633
0.835,0.9998438207246675,0.9980366552490195,0.9999999274635641,0.00015617927533292895,0.9999999274635641,0.9997216910467445,0.9999996052150945,0.9998793250529825,0.99998809951972,0.9998272841182552,0.9999061575217163,0.9999687734177036,0.9999458016451741,0.9999550275966276,0.9999623554102126,0.9999991244996882,0.9999551741394284,0.9994676153781872,0.9999982290918291,0.9998855362229724,0.9999665551647541,0.9999785638063925,0.9999836067331419,0.999989024810489,0.9999722815586553,0.9999921186717099,0.9998115950391574,0.9999274500064285,0.9999743567506482,0.9998433538131573,0.9998364185234319,0.9999924820829142,0.9998829066010698,0.9994990300800795,0.9998644417985143,0.9999879200832992,0.9999914681440004,0.9998726033024018,0.9999906752644684,0.999028413090214,0.999772949243741,0.9999921496527168,0.9999458200652922,0.999924733384884,0.9991399453903177,0.9999596750991813,0.9999978498172186,0.9999198885964657,0.9999933833482825,0.9998864777785329,0.9999749449256925,0.9999880422285673,0.9999016525438672,0.9998945650535425,0.9999952267964994,0.9999923114188449,0.9997519208328198,0.99985764416525,0.9999188506026678,0.9999959581826042,0.9999447439939125,0.9999509732845432,0.9999340636058478,0.9999636306671945,0.9995373329349841,0.9999439875671912,0.9998643839637583,0.9998751453738576,0.9997549721391973,0.9999224007410157,0.9999778646907025,0.9999986048158646,0.9998984783730432,0.9980366552490195,0.9993266110613936,0.9999307018639243,0.9999563712971283,0.9995349204853229,0.9999470855494371,0.9999659255844126,0.9999690183618759,0.999950654435803,0.9998825300919774,0.999561685564283,0.9999230426957475,0.9999072504251669,0.9998991198243944,0.9997119248901405,0.9996770413938254,0.9999846329167869,0.9999415302938223,0.9996819020315909,0.9985694259415819,0.9999812615634789,0.9996076302509056,0.9999877912561737,0.9999764156010608,0.9998952712343586,0.999820623618051,0.9998524987335274,0.9990943019481962,0.9998962680762332,0.9998275514653253,0.9995811165063869,0.9998492383216814,0.9999111354402398,0.9998963272402409,0.9997713347171493,0.9999696493133119,0.9997244951851428,0.9998786027665209,0.9998502819971464,0.9999821245746687,0.9998557955563036,0.9998613426879098,0.9999074232154914,0.999755921283178,0.9996649968731391,0.9998256968350474,0.9999522246977864,0.9998358641400114,0.9999728598279388,0.9998651585254733,0.9999777907656936,0.9999938110115452,0.9999812990386728,0.9999798092910992,0.9998241869581932,0.99999165710194,0.9999436922715896,0.9999009976109484,0.9999910113550613
0.84,0.9998498260117,0.9983676265936201,0.9999989618558849,0.00015017398829991985,0.9999963770878296,0.9997284249370261,0.9999951795290968,0.9998696608299018,0.9999842902639369,0.9998231274437218,0.9999064235865092,0.9999740245501869,0.9999471072862041,0.9999662214411942,0.9999330148481469,0.9999983921292648,0.9999720923522099,0.9994431007871438,0.9999961371738486,0.999851891073621,0.9999726932477888,0.9999745467872705,0.9999817768774893,0.9999806223759292,0.9999741739704789,0.9999926079774385,0.9998470227458882,0.9999299833721821,0.9999602356832762,0.9998597732451736,0.999849934575764,0.9999948255102262,0.9998888164467972,0.9994422378396568,0.999871968067041,0.9999915164375304,0.9999942413179027,0.9997944750884934,0.9999919453850743,0.9990678409504186,0.9996891195731433,0.9999988650056408,0.9999462938594251,0.9999404698474134,0.999243656540995,0.9999773277192453,0.9999978806564562,0.9999389871507924,0.9999916952675577,0.9998678547402926,0.9999820750066837,0.9999888656187682,0.9999018929703329,0.9999178806054949,0.9999988431816443,0.9999849453481982,0.9997804802708813,0.999816581878428,0.999924882033095,0.9999963072009009,0.9999647674520876,0.9999618846629772,0.9999286209839273,0.9999653499485751,0.9996699575557526,0.9999323695150726,0.9998656804381706,0.9999098233503046,0.9998288281578591,0.999911604191013,0.9999709133740013,0.9999989618558849,0.9998885818753434,0.9983676265936201,0.9995029344459714,0.9998955101969624,0.999957153854921,0.9996629561489659,0.9999558345723086,0.9999770401740966,0.9999617068926744,0.9999619799893525,0.9998894105562918,0.9996263911855116,0.9999355779367329,0.9998760676692603,0.9999137492038439,0.9996898294773651,0.9995253907423564,0.9999874138090237,0.9999426133817899,0.9996634040592128,0.9984944915641355,0.9999638332685736,0.999586466303373,0.9999871156715898,0.9999614523579515,0.999912564647054,0.999809316602447,0.999909284210805,0.9990984434860636,0.999889547412591,0.9998331808840314,0.9996162965668139,0.9998607553787632,0.9999298521986342,0.9998902439566292,0.9998140971861937,0.9999834807577138,0.9997144148933267,0.9998622543924967,0.9998743091693882,0.9999829732446109,0.999859815677812,0.9998344532026219,0.9999357953844223,0.9998103383477775,0.9995163504172149,0.999814763349215,0.9999464075311254,0.9998501880038244,0.9999761038613113,0.9999034416511743,0.9999864139967325,0.9999826700656373,0.9999843777436915,0.9999934269279137,0.9998149741144504,0.9999887955590516,0.9999448531316,0.9999437835725185,0.9999948608580472
0.845,0.9998611739208496,0.9985073954127761,0.9999998025070218,0.00013882607915067797,0.9999959255940118,0.999752258979971,0.9999994968891681,0.9997851141409979,0.9999895715165175,0.999850224147661,0.9999005863276359,0.9999631364833839,0.9999603805071666,0.9999732107441768,0.9999380689723906,0.9999925620681673,0.9999345012755668,0.9993878666962545,0.9999987009879795,0.9998083721640358,0.9999797996876029,0.9999748964426644,0.9999776402484911,0.9999894728529113,0.9999760187529536,0.9999914282454997,0.9998531669359757,0.9999513045238226,0.9999677050483966,0.9998727785074909,0.9998819061193198,0.9999964210535081,0.9999231678220082,0.9995172870435172,0.9999158750234002,0.9999897906527941,0.9999918849372248,0.9998503794621753,0.9999846427497179,0.9991721245877934,0.9997838329602322,0.9999992331337781,0.9999449981322177,0.9998748408668929,0.9993448212706675,0.9999729951544397,0.9999995140294616,0.9999391252279861,0.9999935943374307,0.9998686291714716,0.9999827008306578,0.9999998025070218,0.9999166126575858,0.999953543748734,0.9999993090092575,0.999992557749806,0.9997887699574685,0.9998329462551392,0.9999288844440783,0.9999955595947696,0.9999710871356052,0.9999707964259313,0.9999458396580104,0.9999626009938846,0.9996579482687521,0.9999387574788619,0.9998728311468937,0.9999410370907983,0.9998250892717794,0.9998987297950019,0.9999653503212509,0.9999963741789043,0.9998849653502675,0.9986588412460267,0.9996401931921615,0.999911306565276,0.9999553611747332,0.9996696952474939,0.9999564130044235,0.9999623444369701,0.9999838728830341,0.9999521563511526,0.9998792918394876,0.9996464892187437,0.9999447756601493,0.9998995826734954,0.9999193995707674,0.9997014120782872,0.9995182581579711,0.9999929584820861,0.9999301502773034,0.9997627866005786,0.9985073954127761,0.9999312435097901,0.9996379748253319,0.9999802383407492,0.9999779274378132,0.9999134258018234,0.9997880864831759,0.9999095165825771,0.9991894575781444,0.9999056969970314,0.9998650044419419,0.999680150230952,0.9998599377943101,0.9998909872863979,0.999934411460171,0.9998172243641856,0.9999860087415243,0.9997343737664719,0.9997876515842308,0.9998621086670711,0.9999691273560979,0.999787318920894,0.9998198806612474,0.9999392691170316,0.9998449064770715,0.9996413736652265,0.9998514835534232,0.9999634714020483,0.9998913083984784,0.9999817144494507,0.9999234788861627,0.9999981878706344,0.9999825219991553,0.9999873962642288,0.9999996329067319,0.9997987982545931,0.9999911366865406,0.9999502643270667,0.9999440615420231,0.999989472816606
0.85,0.9998714820296194,0.9987398707579903,0.9999998497242235,0.00012851797037993984,0.9999899685347458,0.9997861019055853,0.9999996388246281,0.9997764756303748,0.9999892075625362,0.9998591255822713,0.9999249451900342,0.9999654294464846,0.9999674458112191,0.999971005038032,0.9999269015732489,0.9999835230685279,0.9999679392087634,0.9993919224717447,0.9999987791304848,0.9998145196033564,0.9999810431628421,0.9999753541475471,0.9999624764601138,0.9999758590538227,0.9999669709209226,0.9999879570352997,0.9998591244731316,0.9999534374521297,0.9999716892941253,0.9998830316287427,0.9999094057952,0.9999955749959617,0.9999433756062353,0.9994601576384162,0.9999176140356916,0.9999851098318205,0.9999973299355892,0.9998380110744975,0.9999811894510663,0.9992144629641045,0.9997822816071983,0.9999965584678124,0.9999095046828176,0.9997681540631828,0.9993768887805659,0.9999736207792919,0.9999992772732902,0.9999282900819637,0.9999811329941588,0.9998965388346216,0.9999871323747457,0.9999987314707988,0.9998739189337379,0.9999790258537953,0.9999982264424762,0.9999662312883388,0.9998185512945478,0.9998512057299145,0.9999501510541673,0.9999880580601406,0.9999786828687992,0.999975990684485,0.999963863634599,0.9999767540460003,0.9997052967799013,0.9999588428430697,0.9998746151063714,0.9999404554020965,0.9998822019499647,0.9999284206604614,0.9999650623618875,0.9999981204917534,0.9998857982598846,0.9989463854727806,0.9997441717034449,0.9999302863433388,0.9999340810623287,0.9997669374652174,0.9999624244010092,0.9999388975078988,0.9999669453143285,0.9999398442983942,0.9998842876309079,0.9996900882571107,0.999961989135447,0.999905481635515,0.9999358557681058,0.9997201739576381,0.9995359618942591,0.9999933714541497,0.9999305766254235,0.999763795043652,0.9987398707579903,0.9999277917077658,0.9996501057102859,0.999983489020449,0.9999919855863414,0.9998495480450065,0.9997752275708693,0.9999185207657308,0.9992877042433581,0.999924086789537,0.999900492650639,0.9997240495016085,0.9998604950713824,0.9999393063422085,0.9999361758659041,0.9998016932147472,0.9999744793239561,0.9997748095530524,0.9997760894057335,0.999893757626126,0.9999754283045649,0.9998339547276958,0.9997553804883906,0.9999460862495922,0.9998875867814023,0.9997434380821943,0.9998921640747279,0.9999592079007107,0.999895790634922,0.9999834472048118,0.9999318063325711,0.9999998497242235,0.9999751187140083,0.9999915160572309,0.9999893205881472,0.9997864827319297,0.9999946637567687,0.9999494298476238,0.9998649474807221,0.9999831576893503
0.855,0.9998805691749284,0.9987870823098532,0.9999997862766028,0.00011943082507127692,0.999998342315861,0.9997722470712842,0.9999997862766028,0.9998469347136175,0.9999935521944707,0.9997944758777717,0.9999383442309957,0.9999488918557402,0.9999529237589483,0.9999573372144669,0.9999364345834839,0.9999735447203618,0.9999880315285214,0.9993919782569215,0.9999965803028228,0.9998709421345027,0.9999830179606608,0.9999645136464244,0.9999659196093772,0.9999867764385294,0.9999452023357072,0.9999896846539178,0.9998861238865984,0.9999531068151525,0.9999458051373012,0.9998915061096479,0.9999307125328835,0.9999960267424515,0.9999628986525178,0.9995229631083486,0.9999331540104651,0.9999828524469584,0.9999956158007199,0.9998319031189371,0.9999723940888394,0.9994308329917397,0.9997815002087582,0.9999933810962472,0.9998961765708637,0.9998533898074571,0.9994544141362381,0.999975874057908,0.9999942942112678,0.9999388750888077,0.9999747836803029,0.999903590487313,0.999992631174453,0.9999989680515469,0.9998804414492379,0.9999790353074367,0.9999982225267532,0.999966088901039,0.9998473890594469,0.99980887034047,0.9999646455016155,0.9999963011017367,0.9999772421769708,0.9999696511536666,0.9999753134043259,0.9999810317561852,0.9997563917559374,0.9999675542474133,0.9998710567234776,0.9999737165527139,0.999920709315955,0.9999156806953792,0.9999699417403758,0.9999993220461483,0.9998873444012276,0.9992018637601982,0.9998213125595523,0.9999197689336722,0.9999429165454674,0.9997426503003592,0.9999641610752152,0.9999469674126727,0.9999648985340567,0.9999482543195161,0.9998885946505013,0.9996400884891259,0.9999757339543024,0.9999362195390709,0.9999390048046224,0.9997869329401304,0.9995467435576646,0.9999967278260504,0.9999500263464249,0.9998425586660284,0.9987870823098532,0.9999467844729008,0.9995884052236632,0.9999825787563793,0.9999861800814075,0.9997591167531604,0.9997920324092737,0.9999233512599459,0.9993927090082624,0.9999299943741997,0.999925397867712,0.9997564617963777,0.9998639913454013,0.9999552037037293,0.9999620891791801,0.9998038766209024,0.9999909450518237,0.999628296090283,0.9997574722640405,0.9999052976808316,0.9999820112265154,0.9998565805677377,0.9996972204585911,0.9999153746350774,0.9998599419944738,0.9997437367936994,0.9999185410288609,0.9999327603604484,0.9999094063803693,0.9999873223186785,0.9999333114827553,0.9999956312567199,0.9999919328117136,0.9999916443848568,0.9999949998890219,0.9997796639685952,0.9999894511980568,0.9999503541760437,0.9999107332791413,0.9999843598633332
0.86,0.9998863857737268,0.9988666756725324,0.9999999724357735,0.00011361422627344768,0.9999985003304257,0.9997793842376214,0.999995678101171,0.999766293446892,0.9999934592685896,0.999822725900638,0.999939756977212,0.9999106113108897,0.9999465938468458,0.9999769398324687,0.9999227405212346,0.9999736368500219,0.9999959569747978,0.9995415669384394,0.9999954682619109,0.99983277516299,0.9999648187165725,0.9999604922680425,0.9999862137273836,0.9999896538617588,0.9999408190076904,0.9999895112599579,0.9998960788506589,0.9999529910938284,0.9999584965174876,0.9999165286068553,0.9999463415568585,0.9999951900471156,0.9999787721756191,0.9996701048316965,0.9999549965461915,0.9999828868165794,0.9999905116902083,0.9998582897732231,0.9999670105065835,0.9993666830845073,0.9997809590476028,0.99999478547724,0.9999357445716941,0.9998495303717352,0.999555211319946,0.9999747949564965,0.9999954461751102,0.9999337579689174,0.9999796495212472,0.9999081616775655,0.9999934265663515,0.999998360178189,0.999894339147596,0.9999907471499779,0.9999981759756068,0.9999651040304067,0.9998328177021681,0.999822033636011,0.9999750836867474,0.9999915667411049,0.9999723466622986,0.9999784696964835,0.9999878227772535,0.9999745851251982,0.999828790318692,0.9999701430976948,0.9998692571435032,0.9999866248688282,0.9999300872411804,0.9999422267986592,0.9999694606517846,0.9999999724357735,0.999868749950862,0.9991165078074379,0.9997874315947762,0.9999257505041508,0.9999533612745369,0.9997336490066115,0.9999646196804577,0.9999686122448406,0.9999518807692279,0.9999523729867649,0.9999063799811975,0.9997148512805646,0.999980922205173,0.999955934404702,0.9999498580260395,0.9998040143061009,0.999560418822435,0.9999969185910619,0.9999690393758873,0.9999056384492311,0.9988666756725324,0.9999090157509807,0.9996802055636972,0.9999911261118816,0.9999794225763148,0.9998553504116586,0.9998673914871742,0.9999239015414206,0.9992735254924102,0.9999179500971713,0.9999009920559282,0.9997768384048501,0.9998585445657011,0.9999270790764523,0.9999639927934145,0.9998307074987592,0.9999961287134724,0.9996754296356967,0.999774180196684,0.9999027251895326,0.9999838942466861,0.9998904405305568,0.99966162876539,0.9999201902837147,0.9998260932640897,0.9998205587759141,0.9999322803571009,0.9999184996938062,0.9998373022323118,0.9999868999471315,0.9999419086432608,0.9999839930618953,0.9999815046642114,0.9999911416959271,0.999992277215657,0.9997622469703185,0.999989822054413,0.9999496513577362,0.9998304778647906,0.999980511694264
0.865,0.9998925337320272,0.9990878728853051,0.9999999736226971,0.00010746626797292563,0.9999988127387776,0.9997892282178684,0.9999814742198987,0.9997876794734462,0.9999942137673774,0.9998423382587621,0.9999338285581155,0.9999216468277038,0.9999601281796973,0.9999886731589529,0.9999357100559142,0.9999854386478931,0.9999919616294906,0.9995630035056227,0.9999943017190616,0.9998837409223273,0.9999643903027591,0.999953604379248,0.9999943663429667,0.9999949616703135,0.9999615524601174,0.9999863736405304,0.9998970922406311,0.9999471519203783,0.9999716342595094,0.9999217157720935,0.999906245739849,0.9999931216246666,0.9999898078033566,0.9995677941517623,0.9999390037532914,0.9999775376546304,0.9999943309499706,0.9997796447633255,0.9999865858600624,0.9993847730346261,0.9998388804553533,0.9999961438105762,0.9999345268196652,0.999857151942891,0.9996185652741212,0.9999663165949074,0.9999982471338462,0.9999166988548144,0.9999843449970659,0.9998801957557186,0.9999862982878814,0.9999971802610367,0.999862909433105,0.9999915121718765,0.9999967949188314,0.999914399229036,0.9998505430613169,0.9998525126483935,0.9999595378323176,0.9999876578104224,0.9999837853254031,0.9999610702263305,0.9999927244110103,0.9999746704371383,0.9998647281182408,0.9999736430393458,0.9999320700896069,0.9999795131395424,0.9999334545188376,0.9999596121194323,0.9999730976488039,0.9999999736226971,0.9998563350150366,0.9992381197638592,0.9998464139244821,0.9999373049667255,0.9999639805471678,0.9998155253400012,0.999954938496577,0.9999701914021953,0.9999362630440712,0.9999679228244515,0.999921186095275,0.9997451825403287,0.9999879701299874,0.9999681823283026,0.9999519469848265,0.9998403862418123,0.9995718946224494,0.999995299290102,0.9999548296247268,0.9999499020817831,0.9990878728853051,0.9999409455104072,0.9997523148753739,0.9999867333009391,0.9999412093897874,0.9998575325931932,0.9998591129857988,0.9998867776166298,0.9991645331058685,0.9999133038680817,0.9999232838218334,0.9997943910109675,0.9998532773339306,0.9999406698452862,0.9999703935818165,0.9998774146583371,0.9999961196051111,0.9997323418539953,0.9998458921803601,0.9998455914694181,0.9999691885279256,0.9998960261674446,0.9995674852182617,0.9999262880903987,0.9998295946326635,0.9998595268697407,0.9999208440400605,0.9999313970286614,0.9998755456064848,0.9999853716640508,0.9999419394406873,0.999989503335004,0.9999788578839129,0.9999882029194226,0.9999966906997226,0.9996767742240504,0.9999688686478205,0.9999501365529411,0.9998859402609959,0.9999800209380502
0.87,0.9998991006095999,0.9991553021793579,0.9999988372376888,0.00010089939040013965,0.9999979280075943,0.999799332547859,0.9999885353483932,0.9998569267812408,0.9999843573001708,0.9998598618309128,0.9999334196096537,0.9999637899341625,0.9999782286779895,0.9999927795578174,0.9999269942678912,0.9999955841593203,0.999976597029974,0.9996800669688992,0.9999964359180017,0.99992054232578,0.99995424660043,0.9999536164678923,0.9999929714308329,0.9999987145877772,0.9999492661686721,0.9999900690133225,0.9998970425065421,0.9999447463673622,0.9999850064142574,0.9999251809141453,0.9998545823401781,0.9999884130316278,0.9999979714658335,0.9995673773528856,0.9999524689813442,0.9999679189947029,0.9999926163263309,0.9997700889771886,0.999973047369979,0.9993208922031573,0.9998807921793373,0.9999922983768252,0.9999194697672174,0.9998663090569266,0.9996375919294731,0.9999648242099745,0.9999975963879367,0.9999280483779591,0.9999658024917996,0.9998968825558054,0.9999835367201448,0.999996572218553,0.9998688180523965,0.9999916379610639,0.9999987637157502,0.9999141188374309,0.9998783391430632,0.9998865695173403,0.9999501599514343,0.9999863563500023,0.9999931491974869,0.9999425107216956,0.999985262000379,0.9999739494204425,0.9998387457066689,0.9999585581038949,0.9999053703678916,0.9999633856753971,0.9999637232307934,0.9999627870815385,0.9999804279508044,0.9999988372376888,0.9998576835798524,0.99917596040167,0.999831259142943,0.9999040381477969,0.9999563656572257,0.9998263643592885,0.9999787838597312,0.9999803107676178,0.9999301438183708,0.9999825138440727,0.9999307805438657,0.999805919141282,0.9999947372007638,0.9999709970489549,0.9999470059824515,0.9998640666385442,0.9996581381730935,0.9999914116163174,0.9999074895416699,0.9999495764197274,0.9991553021793579,0.9999087674971467,0.9997557053812502,0.999988516945709,0.9999445173268299,0.9998681095509736,0.9999232913516971,0.9998384126223849,0.9993522069015011,0.9998507327578516,0.9999415359326819,0.9998262170724018,0.999891465588021,0.9999120507261183,0.9999758687867967,0.9998640323862229,0.999990230316409,0.9997913440766444,0.9998574870495824,0.9998626356468538,0.9999627120615551,0.9999008544464022,0.9995867202050551,0.9999363680837,0.9998616505142544,0.9998659872367853,0.9999305025769359,0.999936674685523,0.9998995874981682,0.99998195389224,0.9999566176863575,0.9999770054950753,0.9999890557016995,0.9999890709954133,0.9999916516832529,0.99977465829916,0.9999864290660544,0.9999528283464035,0.9998850830274609,0.9999786782703741
0.875,0.9999026966574455,0.9990292059193187,0.9999999695473129,9.730334255457867e-05,0.9999995322036399,0.9998371891992954,0.9999927917071791,0.9997976490706919,0.9999915752661996,0.9998520384761604,0.9999548850769328,0.9999442174123451,0.9999712570609184,0.9999968557629367,0.9999325147147186,0.9999999695473129,0.9999849524355193,0.9996836982429743,0.9999941830109345,0.999915203539395,0.9999212345110217,0.9999543380644815,0.9999987036262947,0.9999973343788893,0.9999673013126484,0.9999896814905506,0.9998330071763274,0.9999415263989676,0.9999838129249475,0.9999457046647362,0.9998826214553324,0.9999851355434249,0.9999993238446298,0.9995192134981541,0.9999441637823394,0.9999757330084519,0.9999918123436854,0.9996815529488656,0.999952675012936,0.9992944690303238,0.9998833732951936,0.999982272788867,0.999907525248926,0.999863878101126,0.9997112752572322,0.9999417126378677,0.9999966582943901,0.9999347140247685,0.9999707082543019,0.9998704607799103,0.9999831168904816,0.9999884775207326,0.9998684733221018,0.9999737318910356,0.9999990133198945,0.9998385429685938,0.9998664086673535,0.9998862291000961,0.9999213811238601,0.9999880431590015,0.9999960672922084,0.9999475537013855,0.9999920526166491,0.999975718289829,0.9998900245387519,0.9999594244076407,0.9999098897247676,0.9999778363427217,0.9999541115955167,0.9999608646430609,0.9999781879429953,0.999995668771539,0.9998376428569159,0.9993335932111588,0.9998253095445135,0.9999216921302322,0.999984045518557,0.9998074911463525,0.9999772839721406,0.9999745217639395,0.9999670188188364,0.9999912192827392,0.9999253018420157,0.9998596622570437,0.9999847863371567,0.999977048389479,0.9999365572820087,0.9998695272946567,0.9996718954144715,0.9999960514855599,0.9999293115685062,0.9999783855881565,0.9990292059193187,0.9999095525188473,0.9998149984828516,0.9999817261309092,0.9999384977286903,0.9997965376457357,0.9999384828679101,0.9999059821772308,0.9995301252967007,0.9998461680012104,0.9999381968508183,0.9998665060615776,0.9999008100254734,0.9999506907892419,0.9999873715692187,0.9998644261694718,0.9999802778314411,0.9997854255763909,0.9999134906212082,0.9998493201422699,0.999977056721755,0.9999327970953203,0.9996931755017701,0.9999475927987159,0.9998787496601188,0.9999084160429881,0.9999361276662565,0.9999331038757369,0.9998735415720604,0.9999797289492794,0.9999581062374508,0.9999615134053518,0.9999988211435695,0.9999861238498857,0.9999972793437937,0.9997796048414915,0.9999918788969617,0.9999494471728283,0.9998901223766071,0.9999745926331536
0.88,0.9999125543463938,0.9992291824815014,0.9999993696101563,8.744565360678721e-05,0.9999993696101563,0.9998820285709863,0.9999762013735706,0.9998186029873932,0.9999942869785063,0.9998828341869884,0.9999499298596211,0.9999772211707317,0.9999773144467002,0.9999969575374228,0.9999294619022099,0.9999960986372713,0.9999825557640403,0.9997664407433688,0.9999944131272327,0.9999142293528203,0.9999201334078607,0.9999567521526469,0.9999963178493894,0.9999932207055717,0.9999552217688881,0.9999851133062744,0.9998343082033591,0.9999163813971952,0.9999817903402427,0.9999472987015718,0.9998387734256545,0.9999844353121964,0.9999983415529357,0.9995313599754713,0.9999384107717657,0.9999695445654236,0.999991558591505,0.9997803357383185,0.9999269321602023,0.9992291824815014,0.9998505872992046,0.999991273952025,0.9999439848466143,0.9999159020878992,0.9997498477678277,0.9999372681042656,0.9999971911450658,0.9999384861084352,0.9999601186839889,0.9998983254094272,0.9999788278683537,0.9999557625548549,0.9998524307300731,0.9999915180950579,0.9999929609260897,0.999838833496918,0.9998573532723953,0.9999202079194407,0.9999300616447021,0.9999916819543899,0.999992156949535,0.9999532925673621,0.9999749869542393,0.9999782345593088,0.9998923569694189,0.9999608045972953,0.9999542201117257,0.9999828088109304,0.9999556653726533,0.9999755312874421,0.9999708980210577,0.9999989202943701,0.9998246269543382,0.9994058482098167,0.999872387025711,0.9999369277750465,0.9999630436335234,0.9997315007736008,0.9999923052325158,0.9999764120353576,0.9999498347012616,0.9999900954976811,0.9999436534764026,0.9998532583996715,0.9999695462233832,0.9999783825530262,0.9999518414405194,0.9999125739349284,0.9996980727152994,0.9999959164158781,0.9999124627515351,0.9999786932788594,0.9992665463708599,0.9999114232086742,0.9998258803312979,0.9999831340122873,0.9999383821987473,0.9998869989968349,0.9999735500057738,0.9999216806715444,0.9996812481368277,0.999915577704313,0.9999314921610095,0.9998648473853496,0.9999014700003743,0.9999496344880273,0.9999918196979078,0.9999065830679351,0.9999930429692065,0.9998476038399077,0.99995355567032,0.9998708445318171,0.9999672082213811,0.9999132164479,0.9997718109211412,0.999960833916215,0.9998202949096335,0.9998951482134467,0.9999318668612814,0.9999558071262079,0.9999095248270661,0.9999793574960295,0.9999775853920306,0.9999471683464477,0.9999944030042565,0.9999902085738698,0.9999981802114594,0.9997766225767916,0.9999951979224888,0.9999741022133294,0.9999193606658353,0.9999805009947863
0.885,0.9999170527705936,0.9993034214491779,0.9999999677131111,8.294722940650058e-05,0.9999975702476552,0.9999072055568293,0.9999821085366335,0.9997965601088133,0.9999904129298532,0.9999182815232133,0.9999276256283777,0.9999776989882128,0.9999766703441036,0.9999956177332879,0.9999455249067325,0.9999999677131111,0.9999765434808185,0.9997721217768203,0.9999947753415219,0.9999460347494498,0.9998708371874039,0.999960042501788,0.9999907766181819,0.9999817199886347,0.9999708494487184,0.9999885543645233,0.9998679572614055,0.9999121045452415,0.999980204078575,0.9999471601388815,0.9998744062623346,0.9999916490422441,0.9999970758806834,0.9994979734939886,0.9999398700026532,0.9999776244389401,0.9999870638216727,0.9997729395979513,0.9999606685443222,0.9994422556800656,0.9998924206168525,0.9999754032636989,0.9999686429285722,0.9999315728604705,0.999818993756694,0.9999395835745258,0.9999860403129633,0.9999333615044654,0.9999467550836384,0.9998929406492921,0.9999706408188894,0.9999606450709053,0.9998469471030702,0.9999918991439121,0.9999835753701545,0.9998396662165485,0.9998869978378555,0.9999531818228876,0.999952111191708,0.9999860255740062,0.9999855828295054,0.999949553915314,0.9999752593602771,0.9999818356436317,0.9999369003931463,0.9999751704492774,0.9999401964282824,0.9999918355603911,0.9999649917927369,0.9999694143009445,0.9999731388533907,0.9999983276302761,0.999888541609815,0.9993837274172263,0.9998658626750094,0.9999518354082368,0.9999832967456386,0.9997123479122367,0.9999886359004886,0.9999688045122352,0.9999605150594943,0.9999853546361774,0.9999659621274317,0.9998936563997557,0.9999793524530776,0.999976314182424,0.9999349577043998,0.9999106289578554,0.9996970671192785,0.9999943939408429,0.9999148299066254,0.9999784193049968,0.9993034214491779,0.9998839004491298,0.999830499395456,0.9999825790415551,0.9999352135254278,0.9998890477770318,0.999956643026462,0.9999176476597105,0.9996791851723144,0.9999178217094503,0.9999351787612648,0.9997584152781763,0.9998634030417225,0.9999424828986206,0.9999927006669664,0.9999390882047317,0.9999942984725328,0.9997220345989183,0.9999303607750891,0.9999036585384855,0.999981333414184,0.9999148642632304,0.9998298882867271,0.9999613559204721,0.9998044605404707,0.9999339380320894,0.9999381173498115,0.999954443576941,0.999914696783619,0.9999752168463495,0.9999773375157639,0.9999485972668091,0.9999884225408148,0.9999874371495571,0.9999999151008868,0.9998466846472986,0.9999921903280952,0.9999798532769332,0.9999434002459036,0.9999824528126126
0.89,0.9999221427979369,0.999462072777874,0.9999999555291192,7.785720206313745e-05,0.9999911826571105,0.9998253312937921,0.9999937541605396,0.9998126852218262,0.9999821583816774,0.9999514115144313,0.9999458578328018,0.9999948258228011,0.9999599502511629,0.9999908502946211,0.999903643381916,0.9999999555291192,0.9999715823272117,0.9997464388987696,0.9999950247232328,0.9999603410602971,0.9998727105672012,0.9999469188384286,0.9999947169471115,0.9999911185220763,0.9999759609561044,0.9999881410345854,0.9998971601752736,0.999903710789897,0.9999825081778786,0.9999647474904112,0.9999043030370318,0.9999934363304545,0.9999977485016108,0.9994625863062184,0.9999422051456959,0.9999704124791341,0.9999863296670553,0.9997205715203582,0.9999807884626959,0.9994819952521234,0.9998690548639987,0.9999740551846172,0.9999845128960656,0.999863438808584,0.9998823651847204,0.9999442866848198,0.99998712013934,0.9999568311787783,0.9999392863726597,0.9999214475494627,0.9999542019003635,0.9999638285396952,0.9999036263036889,0.9999920620028735,0.9999653601318541,0.9998387810335706,0.9999100504851642,0.9999374162002319,0.999956037879467,0.99999187747557,0.9999761899415096,0.999951294520186,0.9999573633593278,0.9999932244873821,0.9999382659447912,0.9999735813452924,0.9999433501348498,0.9999888171506945,0.999939563438571,0.9999702723831526,0.9999684971745118,0.9999991401396956,0.9998874110107271,0.999462072777874,0.9999076262593061,0.9999712433981014,0.999968566777884,0.9996993369226959,0.9999947490562185,0.9999661846990152,0.9999611301491844,0.9999728022548621,0.9999220046324795,0.9998771982067141,0.9999834509200833,0.9999730104274714,0.9999246999701759,0.9999502362199204,0.9997401092906116,0.9999956911754362,0.9999532463336968,0.9999551314290553,0.9995049924240248,0.9999132544977003,0.9998844597518947,0.9999821706639807,0.9999388341799427,0.9999475605355718,0.9999560657110556,0.9999104142667994,0.9996861855020274,0.9999154319395087,0.999935052816313,0.9997873024221604,0.9998880205272507,0.9999373811496831,0.9999906683624643,0.9999500960684709,0.999982606452596,0.9998090373153409,0.9999641828393705,0.9998970505225383,0.9999736174246794,0.9998609773148103,0.9998728155142661,0.9999592563259407,0.9998019907408514,0.9999605274876969,0.9999029433890408,0.9999721698676027,0.9998742910086945,0.9999827256858081,0.9999825377523379,0.9999240884791477,0.9999995247603134,0.9999906338121458,0.9999983572846985,0.9998967868160683,0.9999921814367525,0.999978973271333,0.9999627461115675,0.9999821994038094
0.895,0.9999282821885513,0.9994939377209817,0.9999995769177904,7.171781144858152e-05,0.9999935090006962,0.9998820004301527,0.9999821760827192,0.999875189828615,0.999987129041689,0.9999311308118926,0.9999236312275517,0.9999875742989638,0.9999789650919276,0.999986917040291,0.9999347692751462,0.999996184462884,0.9999690278538618,0.9998194542017035,0.9999942890254492,0.9999520533246483,0.9999181234977469,0.9999414550168656,0.9999956376131987,0.9999934243459049,0.9999856194347448,0.9999886823747349,0.9998861493756109,0.9998968708495117,0.9999624722790411,0.9999615766621136,0.9999029342506348,0.9999914053885562,0.9999988182013118,0.9996402881053343,0.9999549981882656,0.9999511583282581,0.9999837360023047,0.9997186893553669,0.9999795356612871,0.9994939377209817,0.9998541687694176,0.999950136541031,0.9999910981561079,0.9998628690919322,0.9998788128393965,0.9999407994709687,0.9999899273530374,0.9999626204650832,0.9999262332638111,0.9999501927327167,0.9999582000494079,0.9999727865322215,0.9999410728589794,0.9999917543597129,0.9999669531571597,0.9998376857356193,0.9999294269336537,0.9998979546176517,0.9999578676644197,0.9999794072059365,0.9999821056041327,0.9999534869771398,0.9999626201072037,0.9999934112679446,0.9999123188535612,0.9999693161873553,0.9999107292446385,0.9999969512890863,0.9999454983858127,0.9999561275088017,0.9999681884086606,0.9999995769177904,0.9998866011225961,0.9995918193213176,0.9998999303111475,0.9999740337821542,0.9999743124332209,0.999793383338161,0.9999940113574928,0.9999785838302265,0.9999511524594261,0.999977696075862,0.9999321938320721,0.9999193399334474,0.9999662164709471,0.9999477530014043,0.9999488007024667,0.9999411596816006,0.9997315207235299,0.9999910030548815,0.9999693813234856,0.9999806640615048,0.9995170845153877,0.9999211270705386,0.9998806189985644,0.9999862968826361,0.9999431899987898,0.9999264910836854,0.9999203575725997,0.999902542893392,0.9997080658932324,0.9999245919532044,0.9999301112208607,0.9998248917727891,0.9998927517117037,0.9999328033330396,0.9999948596592507,0.9999649852708989,0.9999845376904555,0.9998433723507486,0.999980286732821,0.9999065031283645,0.9999423701327572,0.9999111544860788,0.9999045994440522,0.9999564031576791,0.9998039412180343,0.9999586247944331,0.9999189080894523,0.9999714853456874,0.9999155852752002,0.9999895073363955,0.9999830833037591,0.9999003395801022,0.9999937814190356,0.9999886633112758,0.9999979194902042,0.999882743535911,0.9999952182753762,0.999991836131861,0.9999661611888512,0.9999829558681699
0.9,0.9999310804974326,0.9994026929859163,0.9999997583225484,6.891950256754896e-05,0.9999895331503943,0.9998726297745004,0.9999921462953337,0.9999189453381777,0.9999915328879782,0.9999613738675107,0.9999535345513845,0.9999864479267984,0.9999801315933251,0.9999945459153352,0.9999150281856536,0.9999996993197968,0.9999650161665125,0.9998722476131455,0.9999936012041,0.9999700556039571,0.9999230421746916,0.99992230335993,0.9999922717462125,0.9999827086866093,0.9999921045417987,0.9999912181443603,0.9998677844733773,0.9999004534449589,0.9999747553548479,0.9999719538322195,0.999896364198887,0.9999959483624233,0.9999972593061902,0.9994887330996719,0.9999585568229812,0.999955506715665,0.9999865329166883,0.9996979569972508,0.9999920133784616,0.999523091560199,0.9998508037669319,0.9999201015087061,0.9999913072941725,0.9998962167637875,0.9999286348031622,0.9999370943845419,0.9999903415288263,0.9999618368085369,0.9999337880458656,0.9999570277425516,0.9999669820038414,0.9999767876080149,0.9999323264140046,0.9999995987523421,0.9999876086289037,0.9999149901317154,0.9999351231686985,0.9999325852195559,0.9999518546524379,0.9999922304094372,0.9999958365021162,0.9999632532459745,0.9999840648318749,0.9999977358636929,0.9999549704492188,0.9999597411074228,0.999907929630778,0.999991195993785,0.9999492814906723,0.9999532911354307,0.9999683784489989,0.9999993628733987,0.9999174078565013,0.9996511260289406,0.9998991443893506,0.9999668245901279,0.9999763848917617,0.9998071908742873,0.9999937965472412,0.9999634810997411,0.9999771865654682,0.9999770747324004,0.9999353809345893,0.9999072475879773,0.9999857792611627,0.9999674465896012,0.9999663483455149,0.999949242715612,0.9997754198383603,0.9999909667713601,0.999970042458106,0.9999879746345194,0.9994026929859163,0.9999437942776777,0.9998863808447574,0.9999854283306226,0.9999009679999259,0.9999335903223464,0.9998742524837584,0.9999434010297763,0.9996650158206002,0.9999254419645383,0.9999209419580319,0.999839154402826,0.9998975344182907,0.9999254769135376,0.9999947219838524,0.9999566216380079,0.9999728750045148,0.9998962386120891,0.9999800750038661,0.9999220552617653,0.9999442155931207,0.9999105739013254,0.999898363777487,0.9999614135149467,0.999806087147948,0.9999485155466721,0.9999185863828663,0.9999706085992136,0.9998846335055313,0.9999792052312014,0.9999940189095282,0.9998824261199469,0.9999892402871073,0.99998494984799,0.9999997583225484,0.9998838468285974,0.9999943422472869,0.9999920233127547,0.9999712430162226,0.999982813889008
0.905,0.9999324841363496,0.9992899516995383,0.9999993072157478,6.751586365064679e-05,0.9999809024838464,0.9999196557731774,0.999994557752576,0.9999481898312287,0.9999932510797218,0.9999299603557433,0.999943584444786,0.9999915593341483,0.9999608427491159,0.9999984609609432,0.9999184580987733,0.9999982434392811,0.9999623815745307,0.9998570986456753,0.9999975431133806,0.9999701379013772,0.9998774893422271,0.9999497807431217,0.999998614803916,0.9999679979627996,0.9999938559682021,0.999993609445757,0.9998800401205163,0.9998954404303604,0.9999735152633451,0.9999712859366221,0.9998952291433167,0.9999980183163782,0.9999954451181142,0.9994986201206103,0.999966083912976,0.9999615314177647,0.9999932968412165,0.9997007696081586,0.9999899885388057,0.9995619501031373,0.999848687577948,0.9999640446256961,0.9999960520828534,0.9998889201986283,0.9999149009112394,0.9999362613809267,0.9999895391049669,0.9999775774102252,0.999921192026766,0.9999793069835883,0.9999772433739343,0.9999921964702675,0.9999620834946653,0.9999952109692186,0.9999821536312701,0.9999636217765789,0.9999347554388784,0.99992194432732,0.9999712888645926,0.9999907381312806,0.9999895534500783,0.9999632493971347,0.999993040233899,0.999995505253605,0.9999632901051767,0.9999597264302106,0.9998943643926416,0.9999895885334096,0.9999761664275505,0.9999425018459227,0.9999746849436579,0.9999993072157478,0.999953024854533,0.999675337832717,0.9999010047087398,0.9999713699713848,0.9999640412190974,0.9998020333139842,0.9999935003331071,0.9999532941587954,0.999975644929579,0.9999806058951972,0.9998827319431486,0.9998453082674065,0.9999700939490007,0.9999764992255863,0.9999623797930024,0.9999784331022101,0.9998130659252709,0.9999976015505456,0.9999566832356073,0.9999883893243898,0.9992899516995383,0.9999576320909093,0.9998891999509502,0.999976858553078,0.9999092698559964,0.9999739351934823,0.9998779120468725,0.9999349330736818,0.9996407408535789,0.9999670940193343,0.9998771289940941,0.9998356949588504,0.9999238545790519,0.9999224870897132,0.9999984388416653,0.9999587258320217,0.9999719913414621,0.9998972713602637,0.9999597805973105,0.9999078518091652,0.9999692576884185,0.9999227771057093,0.9998902554545905,0.9999655447136412,0.9998519486184646,0.9999697378813593,0.9999292509903606,0.9999591705359222,0.9999032330340629,0.9999865301176956,0.9999904366759489,0.9998634574597078,0.99996800497154,0.9999788074195929,0.9999972890226979,0.9998874391121004,0.9999935885714631,0.9999919251594142,0.9999728545414873,0.9999785764186866
0.91,0.9999407641703575,0.9993219233291051,0.9999995751102927,5.923582964272127e-05,0.9999904250744779,0.999919412850321,0.9999829080612092,0.9999336695544637,0.9999911546562569,0.9999540511376219,0.9999316173006929,0.9999909691001144,0.9999630958503261,0.9999967763788248,0.9999407561745008,0.9999984302419183,0.9999754418843828,0.9998994008769104,0.9999978881426446,0.9999651700106497,0.9998535451451487,0.9999672773807537,0.999998986010218,0.9999702673912493,0.9999927741435073,0.9999972818240461,0.9999191396421868,0.9998891686309099,0.9999767019421294,0.999962343488486,0.9998884903330258,0.9999984249984532,0.9999968448334194,0.9996694141031902,0.9999556168383772,0.9999839451882497,0.999992487505978,0.9996848137347352,0.9999968538937042,0.999617885606171,0.9998508497907078,0.999961339332705,0.9999968735080055,0.9998824639593917,0.9999179812470612,0.9999155333317776,0.9999875824583488,0.9999729279116748,0.9999667422130714,0.999981856162539,0.9999809914667881,0.9999868173560393,0.999963107818254,0.9999861416193875,0.9999807382239077,0.9999639918346928,0.9999360471654589,0.9999514192611656,0.9999612117545652,0.9999905348221719,0.9999756150506883,0.9999621294963673,0.999996072524723,0.9999902672825889,0.9999386060833663,0.9999572828410284,0.9998752357618874,0.9999894208892683,0.9999609686037759,0.9999594728697994,0.9999801330223461,0.9999995457993803,0.9999758667255415,0.9997382670192522,0.9999233479360741,0.9999653729448555,0.9999643603210764,0.9997767993558785,0.999994496749726,0.9999515067501304,0.9999935270409956,0.9999876399008076,0.9999302749473993,0.9998975407959872,0.9999839416003662,0.9999782445928326,0.9999765378829774,0.9999938998573661,0.9998113622666874,0.9999964872374466,0.9999727490120446,0.999995269689816,0.9993219233291051,0.9999784403446091,0.9999048709587037,0.9999805273336659,0.9999085054400493,0.9999713996552669,0.9999372145526784,0.999929273955519,0.9997594549441748,0.9999491658243889,0.9999268800565292,0.9998813700556769,0.9999323733892491,0.999928889262022,0.9999995751102927,0.9999743418154873,0.9999641541979202,0.9999322957294251,0.9999824933224313,0.9999096417628652,0.9999903443307727,0.9999349210250272,0.9998794268442422,0.999965409433669,0.9998485364109566,0.9999769456168541,0.9999385036955123,0.9999588295943732,0.9998981762105732,0.9999712153381854,0.9999929072435161,0.9999043958596606,0.9999723577674641,0.9999805006054739,0.9999938472251724,0.999920909246308,0.9999962901236752,0.9999910800688226,0.9999864350675958,0.999973167038367
0.915,0.9999460531615734,0.9993606061430611,0.9999994536485859,5.394683842624095e-05,0.999991659697678,0.9999443316197285,0.9999931070273566,0.9999297457188254,0.9999874164386839,0.9999191619758206,0.999957472967602,0.9999776953292021,0.9999604063499361,0.9999875656983388,0.9999586663191599,0.9999991266603869,0.9999726475202063,0.9998909104972948,0.9999989332709334,0.9999632069016176,0.9998479568663111,0.9999642252213777,0.9999990364798166,0.9999705676270092,0.9999967323084695,0.9999978376812442,0.9999562917598259,0.9999464142581888,0.9999853074734457,0.9999665896111207,0.9999193910764895,0.9999944660797359,0.9999964875337196,0.9996612473318902,0.9999600845354804,0.9999865633299289,0.9999943502821841,0.9996811677892573,0.9999942149504278,0.9996801378735776,0.9998456377340161,0.9999700007139396,0.9999981668771672,0.9998729849397686,0.9999545753272415,0.9999133314500699,0.9999848555760009,0.9999793038000397,0.9999619341829383,0.9999825511527909,0.9999708948283202,0.9999926752386133,0.9999517767413258,0.9999919153473876,0.9999793045937827,0.9999718900293101,0.9999581596148772,0.9999716957644872,0.9999602444096581,0.9999844620989864,0.9999941482839312,0.9999562846519994,0.999998498434654,0.9999956039780286,0.9999420686393908,0.9999830911668305,0.9998726371246907,0.9999905639868887,0.999967223778609,0.9999726194590152,0.9999838068750869,0.9999994536485859,0.9999634438225938,0.9997964024305883,0.9999405052044986,0.9999578958787082,0.999938180215965,0.9997895317279356,0.9999945650175468,0.9999566943243938,0.9999922597428027,0.9999902184548574,0.9999666597907347,0.9999019502543575,0.9999854131255426,0.9999764170107701,0.9999720795739225,0.9999932961509987,0.9998038012594357,0.999995161382747,0.9999638296589636,0.9999949528975997,0.9993606061430611,0.9999824336057642,0.9999246577651042,0.9999802824752527,0.9999063923615523,0.9999804196492713,0.9999111856768971,0.9999307080362922,0.9998500989028161,0.9999511853883033,0.9999098718926979,0.9998778693862452,0.999957679386474,0.999922359733848,0.9999964942845306,0.9999827879728754,0.9999700330295233,0.9999345001619161,0.9999824210604207,0.9999328379914698,0.9999744869071363,0.9999672244564668,0.9998656947238521,0.9999741584792765,0.9998774050579511,0.999988070692139,0.9999287002283647,0.9999787169315945,0.9999151617909722,0.9999704005385658,0.9999927817324895,0.9999328126654113,0.9999645098169885,0.9999677782685484,0.9999993173223314,0.9999443808713788,0.9999949205062171,0.9999982966531303,0.9999940276164788,0.9999643920821658
0.92,0.9999514071785519,0.9995536295578353,0.9999996354285327,4.8592821448444034e-05,0.9999862316120949,0.9999698410763788,0.9999970505365187,0.9999328332924527,0.9999904864626575,0.9999537799740996,0.999973749997685,0.9999948013887248,0.9999840096614143,0.9999852276153361,0.9999678657012218,0.9999992120434696,0.999983330089034,0.999902880045673,0.9999982532212245,0.9999552087241761,0.999879824149284,0.9999797506854382,0.9999909432911747,0.9999846203566798,0.9999925833255305,0.9999993304194799,0.9999829804660494,0.9999412975765302,0.9999906376609664,0.999965441085383,0.9999139272658656,0.999992369795386,0.9999922481406646,0.9996712020366441,0.9999644894487012,0.9999878543699576,0.9999922232261969,0.9996876645131713,0.9999995439345323,0.999739605749264,0.9998930897940628,0.9999633482018172,0.9999950578595908,0.9998878905438854,0.999951124151304,0.999910030230692,0.9999812958864528,0.9999776603271535,0.9999627089451609,0.9999880553530834,0.9999826373720336,0.9999943782657756,0.9999356970648605,0.9999989102218856,0.999981141501034,0.9999599586684502,0.999979828775608,0.9999456789746167,0.9999486927848498,0.9999777473634252,0.9999934968748075,0.9999495796825439,0.9999936821943283,0.999998214770141,0.9999658601606457,0.9999784159664152,0.9998718898788238,0.9999914911899186,0.9999482444175248,0.9999819553975379,0.9999823888101513,0.9999979549599026,0.9999813773835432,0.9998003923218997,0.9999537004619717,0.9999726370242815,0.9999573554704406,0.9997674775553226,0.9999948798923777,0.9999559502796627,0.999999219594784,0.999986370312397,0.9999582821042273,0.9999419313001318,0.9999884696374978,0.9999795373439955,0.9999755182659267,0.9999996229248651,0.9998548847922119,0.9999956313658579,0.99995683560042,0.9999996354285327,0.9995536295578353,0.9999835901610268,0.9999133262843057,0.9999758589697878,0.9999310189644686,0.9999585925821449,0.9999088916762522,0.99994329500022,0.9998387537020095,0.9999352963915172,0.9999085900313988,0.9998875867985355,0.9999484097809306,0.9999153822753922,0.9999912451333482,0.9999856623826618,0.9999574130015194,0.999930953209268,0.9999950199626156,0.9999084723503281,0.9999735015828756,0.9999748454824388,0.9998414082732452,0.999976661111017,0.9998943247195469,0.9999711662913089,0.9999668457890584,0.999990495299223,0.9999419492931814,0.9999864532644772,0.9999930314124387,0.9999417686992649,0.9999558389883431,0.999975994376868,0.9999990180811673,0.9999607680022187,0.9999961834103414,0.999997757811829,0.9999958379637783,0.9999641661985204
0.925,0.9999535595451569,0.9996722330233853,0.9999999875138016,4.644045484266189e-05,0.999992568927314,0.9999717449933947,0.999997436178273,0.999948755503587,0.9999925255558834,0.9999510705366125,0.9999773864017218,0.9999987994996458,0.9999839538614369,0.9999892106140337,0.999958664930927,0.9999988609498498,0.9999949972089681,0.9998940091809412,0.9999966048530845,0.9999503928624242,0.9999049733108674,0.9999793892554807,0.999991118461084,0.9999824169903273,0.9999932253177227,0.9999986727956935,0.999969135791247,0.9999291312444736,0.9999926919925513,0.9999580693609389,0.9999286684607982,0.9999983873375488,0.9999918997996572,0.9996722330233853,0.9999756003109919,0.9999908726422609,0.9999884652842346,0.9996855386449242,0.9999981303135729,0.9997284329145766,0.9999085002441414,0.9999540965398086,0.9999886118107816,0.9998809670597976,0.9999776534385636,0.9999438323537376,0.9999803525926888,0.9999754453108136,0.9999606240351355,0.9999951114426164,0.9999881896881311,0.9999920701811232,0.999937571435197,0.9999997806885963,0.999969720327778,0.999958314411231,0.9999848451886038,0.9999369876003521,0.9999357015976912,0.9999824473703519,0.9999878853326587,0.9999697926778018,0.9999955718122175,0.9999976149173131,0.9999768897233244,0.9999773667932756,0.9999152597067901,0.9999907136315678,0.9999572044046483,0.999986738602176,0.9999876146480622,0.999990915619355,0.9999930210506423,0.9998482001604473,0.9999342993848317,0.9999799408303165,0.999945547034562,0.9997638838397926,0.9999976713059977,0.9999454937638429,0.9999982358511882,0.9999855169106177,0.999956053482529,0.999973352619743,0.9999779108921023,0.999982118662426,0.9999780605229596,0.9999946544648728,0.9998459427907072,0.9999956435730576,0.9999582197776672,0.9999997310892353,0.9997073172930251,0.9999693115784385,0.9999396568598674,0.9999789167501667,0.9998811536659123,0.9999568434377686,0.9999109584774606,0.9999378742156351,0.999830753734687,0.9999329136694179,0.9999072860254827,0.9998856846846912,0.999951288549166,0.9998914406929972,0.9999900914239591,0.999989961064953,0.9999874883452691,0.9999319788424166,0.9999952814724293,0.9999099967038033,0.9999925254612135,0.9999881204678636,0.999834289533808,0.9999663109362404,0.9998882013792459,0.9999781409200362,0.9999629562130253,0.9999974488346662,0.9999203251621567,0.9999937655437815,0.999998551990428,0.9999260368489251,0.9999482147138186,0.9999778662296736,0.9999999875138016,0.9999640870778368,0.9999934960568153,0.9999929358254174,0.999998117393077,0.9999561216864582
0.93,0.9999592225195802,0.9996321146445157,0.9999998933491959,4.0777480420223276e-05,0.9999896628213015,0.9999854937945962,0.9999919890898467,0.9999298840517096,0.9999801096148753,0.9999264976493377,0.9999898503819332,0.9999912478804888,0.9999967944409782,0.999987768922689,0.9999778235843702,0.9999937317579017,0.9999904231695734,0.9999093568412777,0.9999969926667559,0.9999481970568125,0.9999364102331155,0.9999893247613749,0.9999802191509328,0.9999900313817852,0.999985823752123,0.9999924441826475,0.9999725760138423,0.9999371844097884,0.9999960161072466,0.999967469738273,0.9999541417657002,0.9999957723670166,0.9999975119038781,0.9996631985543437,0.9999826371819344,0.9999969287010294,0.999981316942924,0.9997892189028691,0.9999975293611456,0.9997841989204626,0.9998995858983355,0.9999644234498375,0.9999944721714102,0.9998777163449915,0.9999917681159374,0.9999394227511599,0.9999775644300173,0.9999865081665515,0.9999854730366945,0.9999925051106521,0.9999902537976758,0.9999945473214283,0.9999684237559818,0.9999968744851385,0.9999714067736653,0.999909133659708,0.999982886205655,0.9999566271839005,0.9999471992561234,0.9999863417590515,0.9999977774295427,0.9999787868109474,0.9999998933491959,0.9999901495021717,0.9999611008033825,0.9999875286224514,0.9999425729157917,0.9999995492321384,0.9999802189147893,0.9999928687929972,0.9999892568573109,0.9999917344603071,0.9999998451086585,0.9998967484040765,0.9999339972635958,0.9999839851783241,0.9999603514794235,0.999839759616943,0.9999977080602911,0.9999693750479749,0.9999961231685328,0.9999839737153142,0.9998996637103306,0.9999854660607308,0.9999794558720043,0.9999834748842167,0.9999928115211788,0.9999990274029626,0.9998962718953895,0.999997579176654,0.9999692318543426,0.9999973121120983,0.9996321146445157,0.999983438526943,0.9998968024428248,0.9999753392995562,0.9999231953787787,0.9999575586807057,0.9999097694575939,0.9999328210122054,0.999830584663183,0.9998819613839748,0.9999342729188433,0.9999222513564182,0.9999701459472187,0.9999005760477416,0.9999924353758821,0.9999917915211497,0.9999927941281174,0.9999581618187954,0.9999997833344175,0.9999394974885177,0.9999982083394793,0.9999945230981457,0.9998895107710186,0.9999631483214255,0.9998803411201987,0.999984157266164,0.9999609529105296,0.9999973782732283,0.9999422571566134,0.9999895435426053,0.9999985088570904,0.9999511687101649,0.9999522229419124,0.9999841037058227,0.9999998674028474,0.9999625018753477,0.9999980273398505,0.9999928702076939,0.9999977999277679,0.999955584356057
0.935,0.9999619455763183,0.9996756607166737,0.999999963496493,3.805442368133317e-05,0.9999873531444179,0.9999938691507525,0.9999938420233149,0.9999260518418913,0.9999901298923473,0.999902849810279,0.9999781426334803,0.9999911148439081,0.9999994064019049,0.9999783535443143,0.9999888896830246,0.9999933632004073,0.9999867899288385,0.9999391350193596,0.9999972382258885,0.9999320301217917,0.999923838465508,0.9999894097996476,0.9999796469948269,0.9999940069690567,0.9999878097870845,0.9999869074678683,0.9999804499956669,0.9998866521535382,0.9999971949402465,0.9999698276072421,0.9999458224919254,0.999999963496493,0.9999987311478582,0.9996756607166737,0.9999769344512738,0.9999976222172464,0.9999817367243496,0.9997717313148121,0.9999945777355341,0.9998496750450757,0.9999224506305776,0.9999601643289331,0.9999911963648972,0.9998722595877393,0.9999750515379814,0.9999030778892795,0.9999865078216611,0.9999931699536072,0.9999769780095549,0.999992857584709,0.9999931968570325,0.9999958287453209,0.99997677423731,0.9999998983528281,0.9999759376724019,0.9999168497486719,0.9999937617518988,0.9999513882358531,0.99995027345752,0.9999896434431492,0.9999970872584297,0.9999863640467763,0.9999969375803865,0.9999879550803153,0.9999726655203456,0.9999973674745318,0.999909749968709,0.9999990991602008,0.9999807629896806,0.9999932119193631,0.9999934577775803,0.9999811196884131,0.9999969554389811,0.9999361014700217,0.9999374292051922,0.9999870243220808,0.9999509804771863,0.9998461051117435,0.9999968586668392,0.9999643774587152,0.9999965744649894,0.9999943846662406,0.9999519691331215,0.9999987198966437,0.9999830853862096,0.999986435130946,0.9999946078180076,0.9999985814202774,0.9998874466303029,0.9999958231003415,0.999972302567791,0.9999926025557685,0.9997610862900935,0.9999847552848482,0.9998924726989802,0.9999720870543771,0.9998538042730819,0.9999857238305337,0.9999066618692821,0.9999345810518082,0.9998960688630462,0.9998857911190822,0.9999633187354356,0.999918532975238,0.9999688203260164,0.9999446089397448,0.9999924936166313,0.9999838345465087,0.999975291808182,0.9999754389539658,0.999997059106119,0.999930134787587,0.9999996917043508,0.9999947014222672,0.9998655772976941,0.9999682827368865,0.9999019546243861,0.9999878868702952,0.9999844298347291,0.9999974409084262,0.9999567938298629,0.9999928164156878,0.9999985267960341,0.9999584279203654,0.999964167488103,0.9999812473701769,0.9999998990335192,0.9999438459445512,0.9999960195328248,0.9999973629368559,0.999997299722839,0.9999719266634642
0.9400000000000001,0.9999653647848841,0.9997538081325151,0.9999999967357887,3.4635215116366034e-05,0.9999860002218095,0.9999932372508264,0.9999946804775256,0.9999301201468617,0.9999933534174535,0.9998418854264697,0.9999815698232216,0.9999779000819411,0.999997085676801,0.99999308105349,0.9999828389731938,0.999984830345913,0.9999892277955312,0.9999391296094334,0.9999969096196019,0.9999328823266627,0.9999284581962398,0.9999845333972441,0.9999774197888204,0.9999918304272262,0.9999836480794788,0.9999959210407072,0.9999716147097204,0.9998141264524557,0.9999835770319625,0.9999646870357344,0.9999101958173071,0.9999968630153001,0.999990710729445,0.9997883919500713,0.9999719788594815,0.9999929817817198,0.9999922758251236,0.9997538081325151,0.9999968304183434,0.9999033766074724,0.9999217044554408,0.9999855250889039,0.9999958360405964,0.9998829320519893,0.9999842216079275,0.9999377997496642,0.999992190749129,0.999992092869963,0.9999932970398004,0.999994476803481,0.9999761545696706,0.9999950284173098,0.9999882373922004,0.9999999846558772,0.9999829392143835,0.9999627081559679,0.999995854507331,0.9999727595491097,0.9999360536612047,0.9999904976459667,0.9999997638335458,0.9999891177445824,0.9999965777167,0.9999951292256375,0.9999820504915843,0.9999987212830707,0.9999354869242921,0.9999952933697466,0.9999945953535816,0.9999906045068843,0.999989549480585,0.9999943732581539,0.9999992453547898,0.9999344316398482,0.9999474761149242,0.9999885813161963,0.999965884080382,0.9999001742340788,0.9999958000509078,0.9999717259969112,0.9999875671034517,0.999997502048863,0.9999503763274408,0.9999999967357887,0.9999782858613224,0.9999818318571533,0.9999985818783821,0.9999994418136202,0.9999316672604057,0.9999983117580223,0.9999705775265593,0.9999963564977049,0.9998507623168222,0.9999868694777954,0.9999014564991534,0.9999633470624155,0.9998655811392263,0.9999706213542873,0.9999508113867944,0.9999628481972164,0.9998809571699873,0.9998803412052903,0.9999797490104988,0.9999171259323713,0.9999659591775875,0.9999461198873244,0.9999876232005276,0.9999667529180954,0.999972946999529,0.999986250410696,0.999991371946071,0.9999567461544556,0.9999960803944263,0.9999914417149699,0.999854459520044,0.9999745523211181,0.9999257228441617,0.9999887765667954,0.9999778193045087,0.9999960743667584,0.9999634033877612,0.9999925885541604,0.9999880890419447,0.9999604014105427,0.9999591300514915,0.9999824626872074,0.9999996001683641,0.9999440316062479,0.9999940881774741,0.9999924755924321,0.999997270436042,0.9999606484583698
0.9450000000000001,0.999969438134299,0.9997847762590651,0.9999997080520469,3.056186570113867e-05,0.9999929469513735,0.9999882167390985,0.9999981405892703,0.99993509395813,0.9999905876581373,0.9998975460755511,0.9999913971525979,0.9999620148630531,0.9999995865314769,0.9999848170751507,0.9999632768544789,0.9999891611018238,0.9999881154296653,0.9999393606898176,0.9999961905634753,0.9999138863748925,0.9999527066663917,0.9999843241401133,0.9999777014993664,0.9999855307834083,0.9999908551790156,0.999996326636096,0.9999712352960566,0.9998983115385753,0.9999902506825408,0.9999833087828124,0.9998939873222994,0.9999989878303639,0.9999933976400421,0.9997862626517157,0.9999671380323883,0.9999924835297715,0.9999891066693071,0.9997847762590651,0.9999982390636191,0.9999255787199604,0.9999216956520581,0.9999980867245001,0.9999882416492267,0.9998949532386444,0.9999601028414667,0.9999397845907501,0.9999918197617357,0.9999939249577066,0.9999949844060327,0.9999909103927518,0.9999643574945453,0.9999917035160074,0.9999866806827751,0.9999994256320022,0.9999853239047126,0.9999507116862062,0.9999966846628017,0.9999699330060128,0.9999336103959326,0.9999907592021117,0.9999995881636051,0.9999837733478844,0.9999828270844484,0.9999856617043714,0.9999874174191993,0.9999997080520469,0.9999233362210627,0.9999992393378407,0.9999845401396904,0.99998849579143,0.9999843415059383,0.9999949609500031,0.9999995111065442,0.9999658845496966,0.9999459784521885,0.9999888958704671,0.9999767680825999,0.9999092811557494,0.9999968889048849,0.9999704566997989,0.9999977704530804,0.9999955916909284,0.9999821806138236,0.9999978781320847,0.9999926984199907,0.9999817614650153,0.9999959554201584,0.9999992886595477,0.9999232103500706,0.9999965143669989,0.9999744626003849,0.9999971763065714,0.9999104832904514,0.9999947747117524,0.9999129385704385,0.999982222746139,0.9999198078702947,0.9999914909545808,0.9999521977922586,0.9999821964609635,0.9999287036727809,0.9998808303551493,0.9999890167100481,0.9999213566205218,0.999961387573384,0.999963876249751,0.9999829234674693,0.9999825042189768,0.9999926994478673,0.9999818854308746,0.9999919551971296,0.9999599090012739,0.9999910288550944,0.9999963937665524,0.9998499776464735,0.9999750941205006,0.9999397546115547,0.9999946731646177,0.9999900095279229,0.9999994690786794,0.9999793843926105,0.9999900276717655,0.9999890798205677,0.999946793420432,0.9999559184329591,0.9999808392970098,0.9999976601226234,0.9999443420095968,0.9999892708065303,0.9999891592971684,0.9999995124026074,0.9999699474558947
0.9500000000000001,0.9999730511901822,0.9997791490517616,0.9999998579157938,2.6948809817341183e-05,0.9999797616996903,0.9999817222141969,0.9999954689725907,0.9999614286641315,0.999997214973629,0.9999288660573282,0.999997817938249,0.9999857658881456,0.9999942712514531,0.9999958774156052,0.9999706146174729,0.9999915631222123,0.9999886542083242,0.9999635737904062,0.9999958129468535,0.9999371608103029,0.9999735177518042,0.9999844798920121,0.9999702843429039,0.9999922925257457,0.9999826375381501,0.9999995284340577,0.9999887093287807,0.999896045677306,0.9999956763797035,0.9999892355402433,0.9998875377261527,0.9999995296552379,0.9999746258812632,0.9998701894860706,0.9999597342259059,0.9999883607974642,0.9999887906000775,0.9997791490517616,0.9999979856766739,0.9999306791380829,0.9999508372872797,0.9999932439856378,0.9999882834830002,0.9999324447615463,0.9999596010345537,0.9999392768545625,0.9999920810262332,0.9999971754972844,0.9999933660493887,0.999996811051427,0.9999809672257556,0.9999968012431718,0.9999846899011433,0.9999953376383788,0.9999797317141373,0.9998925550465677,0.9999967523253814,0.9999686670523386,0.9999357645009886,0.99999083988516,0.9999993712749184,0.9999583941185134,0.9999798331786985,0.9999708211571741,0.9999888165713318,0.9999996054725321,0.9999455380618658,0.9999967938517074,0.9999628907369702,0.9999890589246646,0.9999732453108227,0.9999998579157938,0.9999987575632064,0.999974231001478,0.9999476201275868,0.9999981768195093,0.9999776454926392,0.9999434635852844,0.9999971490498062,0.9999742052649623,0.9999912675890166,0.9999928580325814,0.9999898825425628,0.999993871468603,0.9999974092776194,0.9999831701252809,0.9999921498496436,0.9999979332016694,0.9999248554773184,0.9999983022855877,0.9999798917245808,0.9999943904112317,0.9999486058101246,0.9999954266407409,0.9999252026369762,0.9999835983241117,0.9999132160516214,0.9999802170841935,0.9999543480994384,0.9999852952446744,0.9999301362123497,0.9999355166504447,0.9999867778552751,0.9999444006575486,0.9999548346906891,0.9999830911530898,0.9999837602458304,0.9999912661508906,0.999995786595601,0.9999899364048321,0.999991827591547,0.9999517007870984,0.9999983019818334,0.9999940741660918,0.9999108835555939,0.9999821960880781,0.9999306191032361,0.999994313823338,0.9999872406418239,0.9999966497535677,0.9999847488381909,0.9999838535729618,0.9999869125948051,0.9999506191413369,0.9999548163668414,0.9999754885161688,0.9999991823588595,0.9999593983807952,0.9999855738784522,0.9999906411939343,0.9999974237959162,0.9999714204553908
0.9550000000000001,0.9999744262738001,0.9998179666613815,0.9999999202299675,2.557372620015323e-05,0.9999537434361061,0.9999899025073252,0.9999987696704383,0.9999526781464543,0.999997210569213,0.9999292009129026,0.9999900741305927,0.9999856270886276,0.9999946371035898,0.999990267617866,0.9999710647830018,0.9999915326771884,0.9999899155471338,0.999964396472901,0.9999977487943534,0.9999606674160864,0.9999436304536256,0.9999845531187413,0.9999708030999794,0.9999793543519189,0.9999800770788779,0.9999957006560054,0.9999983447408732,0.9999039147681192,0.9999986694562583,0.9999821340402028,0.9998829326351432,0.9999976119216911,0.9999485110604162,0.9998730478120583,0.9999711806875203,0.9999960387614051,0.9999893684172338,0.9998179666613815,0.9999960580997282,0.9999549948725194,0.9999453647182088,0.9999971415877141,0.9999816827618451,0.9999498842680077,0.9999797004446499,0.9999365629457986,0.9999893516970225,0.9999963468439764,0.9999931360106875,0.9999978919710834,0.999954062924897,0.9999963429408772,0.9999830777350481,0.9999958763002726,0.999979814746748,0.9999472618174792,0.9999974821443209,0.9999816659133398,0.9999598390306147,0.9999941771474653,0.9999906998375444,0.9999741939665104,0.9999759249975613,0.9999765424579526,0.9999926872843455,0.9999968617013791,0.9999592893376463,0.999993565056964,0.9999718391502159,0.9999961865881613,0.9999738278646383,0.9999960704875174,0.9999956770503616,0.9999707829810559,0.9999456152933246,0.9999980681564835,0.9999896559393175,0.9999512031521368,0.9999977853999301,0.9999762955085889,0.999997892928061,0.9999984658087248,0.9999911171312919,0.9999840923898066,0.9999966803686476,0.9999850798867145,0.9999985948182641,0.9999999202299675,0.9999266199742397,0.9999966997347894,0.9999804503806277,0.9999940202954557,0.9999541418765221,0.9999989333747602,0.9999360948453478,0.9999932387169541,0.9999230001052458,0.9999535794879696,0.9999478737428077,0.999989829045378,0.999937523529268,0.999919278061938,0.9999902761444693,0.9999531684907196,0.9999704411526922,0.9999796477618188,0.9999842824426451,0.9999828183731193,0.9999961768371849,0.99996221453918,0.9999689317888942,0.9999416107514487,0.9999958274386945,0.9999878565019438,0.9999486877730085,0.9999771011112433,0.9999501078901878,0.9999976164766485,0.9999871259457582,0.9999991927949373,0.9999849827243359,0.999973385796624,0.9999843680549574,0.9999696306953404,0.9999650226535391,0.9999748496987685,0.9999999162900617,0.999949790348373,0.9999947848312459,0.9999826323501457,0.999997943829474,0.9999712790969661
0.96,0.9999780790230517,0.9998700376060189,0.9999994614815193,2.1920976948388283e-05,0.9999540684966233,0.9999924727909614,0.9999985993950182,0.9999799755697907,0.9999934210503316,0.9999578743627836,0.9999957291675524,0.9999865565361594,0.9999810046234158,0.9999941725247627,0.9999837115486634,0.9999903818400648,0.9999867340769683,0.9999809642604243,0.9999955610589555,0.9999782697232841,0.9999671868203709,0.9999822834198295,0.9999850954818087,0.9999835623891732,0.9999765292876112,0.9999979815109903,0.9999994614815193,0.9999154852224342,0.9999992380836251,0.99997894754541,0.9998703775172307,0.9999980300959731,0.9999416173696032,0.9998700376060189,0.9999461480150381,0.9999930783231553,0.9999924330957013,0.999879961741844,0.999995765532665,0.9999690820239244,0.9999585819847647,0.9999963082792475,0.9999813714198281,0.999970870175002,0.9999741010943747,0.9999655996293132,0.9999941268107786,0.9999976538613693,0.9999830694340964,0.9999954622042083,0.9999457501547212,0.9999946878605516,0.9999769327260039,0.9999886754336734,0.9999780557703992,0.9999600782085052,0.9999964079469134,0.9999626555102817,0.9999586584641492,0.9999916718577483,0.9999958883513486,0.9999841131414279,0.9999874729960871,0.9999793917260429,0.9999893744238294,0.9999945272006178,0.9999487632738978,0.99999944107739,0.9999749531804393,0.9999974386804578,0.999981633119995,0.9999871044359099,0.9999993250248859,0.9999901248558513,0.9999037042764509,0.9999982275909468,0.9999859033325792,0.9999704572769382,0.99999784980872,0.9999790715611667,0.9999972729387366,0.9999965580470265,0.9999966122286801,0.9999822274467244,0.9999908121472844,0.9999891280199443,0.9999977298230844,0.9999967553187435,0.999962153053349,0.9999965386368976,0.9999908563761529,0.9999889865601124,0.9999758492228829,0.9999983948996419,0.999958431142164,0.9999973821150554,0.9999589694790801,0.9999660912331672,0.9999301202548272,0.9999920748941479,0.999948375930939,0.9999229596922061,0.9999827555666382,0.9999702946728698,0.9999717794365274,0.9999912071643771,0.9999838473566304,0.999991937513754,0.999994695595892,0.9999588560945634,0.9999912072924716,0.9999616207447727,0.9999861112341938,0.9999783115821469,0.9999713169034747,0.9999780375561663,0.9999672411829961,0.9999924320890489,0.9999878018688855,0.9999989664783909,0.9999918431707495,0.9999865303849809,0.9999903555911872,0.9999805225998,0.9999755418338891,0.9999838902868391,0.9999989597077109,0.9999510714400012,0.9999926414348327,0.999972946024984,0.9999974735434703,0.9999723553869158
0.965,0.9999798108149776,0.9998614851123779,0.999999756493909,2.0189185022219333e-05,0.9999534583288472,0.9999900226102262,0.9999962684730189,0.9999911735918693,0.9999866933863197,0.999977266124572,0.9999871660080266,0.9999648252911804,0.9999891863267012,0.9999932132551667,0.9999876799594652,0.9999829743932057,0.999986571174106,0.9999948766843749,0.9999918893612817,0.9999882389460003,0.9999831130834209,0.9999820411224016,0.9999881949852165,0.9999935125055525,0.9999763891661109,0.999999756493909,0.999995926908609,0.9999602955906742,0.999999201149597,0.9999867596666461,0.9999161913268305,0.9999994067838712,0.9999357078835993,0.9998706309023756,0.9999459009165268,0.999989987228745,0.9999930604093528,0.9998832656884776,0.9999960057583351,0.9999741498699185,0.9999751641365209,0.9999930825000659,0.999977414915275,0.9999869713696062,0.9999659784817956,0.9999829695544113,0.9999956325540584,0.9999974655569943,0.9999940619773401,0.9999963783605454,0.9999641618196425,0.9999987322504065,0.999985665043049,0.9999970093386165,0.9999810318728206,0.9999503806406244,0.999997014325205,0.9999608997583694,0.9999655479629681,0.9999873789204051,0.9999915203714431,0.9999853898183212,0.9999954966804873,0.999978754927708,0.9999970325255771,0.9999924654462096,0.9999432628365356,0.9999994139656619,0.9999854990273721,0.999984090153013,0.9999765382546223,0.9999871859348988,0.999998373569839,0.9999982180051747,0.9999044881908979,0.9999981927442345,0.9999911833951193,0.9999824546820424,0.9999991892108844,0.9999842348810584,0.9999971321682186,0.9999945097973828,0.9999971876463483,0.9999912840837507,0.9999979550435727,0.9999933392328426,0.9999945830926678,0.9999964294850138,0.9999559745055794,0.9999986565035324,0.9999958607617468,0.9999907753312974,0.9999880431219477,0.999993602420609,0.9999615118758634,0.9999948041006511,0.999982081571718,0.9999682586953054,0.9999401695840188,0.9999888084781697,0.9999598439558036,0.9998614851123779,0.9999793384302694,0.9999707735246001,0.9999685873451079,0.9999688398208139,0.9999901149056009,0.999982078146553,0.9999930580546126,0.9999559131839475,0.9999973698084248,0.9999591639515341,0.9999839016013864,0.9999536415080388,0.9999646552379362,0.99998086663093,0.9999821175968998,0.9999934744156637,0.9999926922333059,0.9999955395672939,0.9999902337711115,0.9999935168191852,0.9999821179872433,0.9999813505183692,0.999977686098836,0.9999857333447046,0.9999961049955969,0.9999582583259251,0.9999905473205749,0.9999837332297911,0.999995319895404,0.9999698321647243
0.97,0.9999813005465225,0.9998561559994459,0.9999997092808192,1.869945347763685e-05,0.9999776478012948,0.9999769268275043,0.9999963305377084,0.9999973867290215,0.9999877842165747,0.9999931071057993,0.9999847558967482,0.9999683328639969,0.9999897927209005,0.9999911688751008,0.9999958165188761,0.9999835317686888,0.9999774486655826,0.9999929421966796,0.9999953561863776,0.9999795237021863,0.9999850370576534,0.9999738588110584,0.999990543986686,0.9999950560861958,0.9999854127947798,0.9999980551084281,0.9999972809415821,0.9999569170203525,0.9999960639296502,0.9999908304108184,0.9999487435689751,0.9999937682686385,0.9999322296291571,0.9998988855775447,0.9999440348706656,0.9999955583388876,0.9999906752953363,0.9998903520407117,0.9999963046562546,0.9999608713965441,0.9999709988347859,0.9999831252186844,0.9999837469742355,0.9999943934039159,0.9999728048790621,0.9999748991053575,0.9999963448903765,0.9999985099722171,0.9999989039238847,0.9999959394620738,0.9999811876928849,0.9999915487440542,0.9999850309718394,0.9999926653968848,0.9999676191949706,0.9999428433697104,0.9999940413821681,0.999963004954539,0.9999817551268091,0.9999885633215836,0.999997233617089,0.9999852739894647,0.9999790052410567,0.9999931206812338,0.9999969971245449,0.999989409061588,0.9999336673688038,0.9999961780946628,0.9999949262185759,0.999983470828687,0.9999858507338235,0.9999753914948565,0.9999968521939399,0.9999984118344396,0.9999188152856108,0.9999992563781438,0.9999896981179806,0.9999839562125489,0.9999992335309169,0.9999874844303761,0.9999982439278259,0.9999958854051069,0.9999991453999529,0.9999922245824538,0.9999933152695069,0.9999917266815763,0.9999804854079337,0.9999988755097176,0.9999635216873335,0.9999964761406184,0.9999963970305447,0.9999905775080846,0.999987858627915,0.9999997092808192,0.9999637163904082,0.9999947291851387,0.9999738243935379,0.9999710071700256,0.9999535662314641,0.9999922374603457,0.9999616591208135,0.9998561559994459,0.9999918373771293,0.99997214900869,0.9999870202842815,0.9999698345725662,0.9999927484685929,0.9999681837807026,0.9999822387916235,0.9999604517562226,0.9999922616269054,0.999980391151892,0.999982527041781,0.9999798210314754,0.9999832380292397,0.9999808453245229,0.9999590232398237,0.9999903500839465,0.9999920359583117,0.999998937826148,0.999986567929019,0.9999943879412565,0.999991660091826,0.9999896851903529,0.9999786206265492,0.9999892336193099,0.9999917153187248,0.9999694146023068,0.9999869952700824,0.9999861696243307,0.9999938159002428,0.9999824784150966
0.975,0.9999842324291539,0.9998555796867443,0.9999998625493771,1.5767570846131324e-05,0.999988230744577,0.9999812854852677,0.999984304560912,0.9999996273042134,0.9999939881895844,0.9999954155307832,0.9999943042983401,0.9999802113489272,0.9999899172396652,0.9999756229789559,0.9999975725389689,0.999985573434844,0.9999776758225285,0.999993778945532,0.9999965044223424,0.9999675789344349,0.999994796600139,0.9999760909104052,0.9999868450376,0.9999910495676054,0.9999800448206075,0.9999979253860419,0.9999921630131897,0.9999513222055404,0.9999922122508285,0.9999843650649197,0.9999448429433803,0.9999941666216529,0.9999548691693468,0.9999383747114494,0.9999731542280501,0.9999973873635762,0.9999960360750108,0.9998802616106554,0.9999974320513159,0.9999765619175963,0.9999747168989581,0.999995196565292,0.9999962401304006,0.9999886769508619,0.9999884878262426,0.9999764307060899,0.9999966093216217,0.9999974965788588,0.9999965822292106,0.9999929451071444,0.9999895046958058,0.9999961895070708,0.9999811370034251,0.9999882840688895,0.9999722868381462,0.9999732199823149,0.9999964811088812,0.9999563215119934,0.9999806536274318,0.999991326318345,0.999997620130392,0.9999877933791996,0.9999929809242201,0.9999923509627429,0.9999824392744694,0.9999996641753977,0.9999663500306788,0.9999988166411914,0.999982518796149,0.9999855932238128,0.9999665411196206,0.9999908078257548,0.9999998625493771,0.9999998154508043,0.999928518478205,0.9999911154244365,0.9999977352718182,0.9999912462705051,0.999999173596346,0.9999895583379641,0.9999967445836773,0.9999947976006897,0.9999992860594643,0.9999962878212768,0.9999932312470508,0.9999958679868948,0.9999896627131912,0.999998658994119,0.999984310267275,0.9999985363532422,0.9999937670231049,0.999981049616136,0.9999948208591125,0.9999987397096313,0.9999827930470715,0.9999958846878458,0.999978225999037,0.9999668680379785,0.9999814734684698,0.9999971542245633,0.9999747801461577,0.9998555796867443,0.999986131973297,0.9999779099675821,0.9999859104434068,0.9999595843560161,0.9999929892536245,0.9999692160942347,0.9999700623987422,0.9999772121788865,0.9999993242135553,0.9999822421208174,0.9999927228452855,0.9999909346905326,0.9999927516741317,0.9999812557087817,0.9999722730825849,0.9999853964576773,0.9999917778586043,0.9999951448370882,0.9999869752357136,0.999993621669909,0.9999972865154972,0.9999892735061037,0.9999812300097579,0.9999909095789351,0.9999862023028794,0.999974824365597,0.999979999490677,0.9999876344429137,0.999999284527426,0.9999923668298452
0.98,0.9999872407715724,0.9999212601273135,0.999999908672704,1.2759228427864712e-05,0.9999955132720159,0.999990940944243,0.9999893296833683,0.9999933022782597,0.9999951708216184,0.9999972639925876,0.9999869257386891,0.9999922819323719,0.9999897046287871,0.9999886697032535,0.9999927926391204,0.9999878716442052,0.9999855609066192,0.9999979733243748,0.9999977356130771,0.9999843473924028,0.999997807341358,0.9999777755012847,0.9999941461031197,0.9999985797259552,0.9999940750619927,0.9999982206864634,0.9999954861648425,0.9999639755468216,0.9999921368055514,0.9999855300532995,0.9999675898716629,0.9999995571076558,0.999960527533801,0.9999680113489097,0.9999792340095606,0.9999973543784415,0.999996078330752,0.9999212601273135,0.9999977030665288,0.9999840543553472,0.9999764933250944,0.9999998684411945,0.9999979135026305,0.9999930991824327,0.999989189658705,0.9999887338611986,0.999999761703449,0.9999980734890195,0.999999908672704,0.9999971558706731,0.9999905996333006,0.9999959737762466,0.9999887035230834,0.9999883556192568,0.9999811474972367,0.999973941998146,0.9999972824827085,0.9999790151489861,0.9999929909878468,0.9999947567480161,0.9999977783128424,0.9999855842358242,0.9999989080377301,0.9999991555858034,0.9999800601858114,0.9999883276073164,0.9999862106417429,0.9999968895494238,0.9999876797322905,0.9999516868815392,0.9999899228805683,0.999991703365451,0.9999979220092202,0.9999998469596255,0.9999281816027494,0.9999916321684394,0.9999957819399322,0.9999773436495344,0.9999992364845628,0.9999906411561161,0.9999978296352392,0.9999962760536464,0.9999982629832781,0.9999800352937496,0.9999988929468921,0.9999964373322613,0.9999809628001395,0.9999992685370851,0.9999839829404333,0.9999984884751851,0.9999903783233889,0.9999906645230111,0.9999939144641146,0.9999987427730049,0.9999853915838727,0.9999925355911066,0.9999859462683872,0.9999533584725198,0.9999951212336822,0.9999977335753083,0.999988643825398,0.9999219154063866,0.999987765344514,0.9999840588370725,0.9999945300035215,0.9999590881862432,0.9999900056541452,0.9999699791136273,0.9999812043537825,0.9999294234542055,0.9999978168293494,0.9999760414762211,0.9999749065689205,0.9999809575553164,0.9999892056199827,0.9999897020596099,0.9999776032019383,0.9999855764131526,0.999993507914539,0.9999970233219109,0.9999871484678104,0.9999979127858384,0.9999995902227936,0.9999876968966528,0.9999800071053538,0.9999944612086492,0.9999975721708366,0.9999771245932607,0.9999923468242127,0.9999952331077054,0.999998602302631,0.9999839983852375
0.985,0.9999889251111375,0.999928367173985,0.9999999961143695,1.1074888862509911e-05,0.9999986851112705,0.9999917217496671,0.9999933338132689,0.999991967161849,0.9999909022241517,0.9999895418637333,0.9999931893583874,0.9999930648827521,0.9999901424035718,0.9999850405875002,0.9999967528046041,0.9999885991175697,0.9999847014173437,0.9999995829277079,0.9999947467065612,0.9999891871442312,0.9999968477835264,0.9999893149442178,0.9999956496127482,0.9999991694665069,0.9999967533763847,0.9999968524954954,0.9999961615933421,0.9999750967568181,0.9999946645676021,0.9999917644377863,0.9999651446224149,0.9999929348688276,0.9999739043188727,0.9999857500559212,0.999965726162349,0.9999966640977632,0.9999980880566645,0.9999508901968582,0.9999992115155633,0.9999841617582609,0.9999785886987133,0.9999968284575081,0.9999990167173489,0.999992995264839,0.9999876191097133,0.9999888604957232,0.999999800719114,0.999997427874923,0.9999972726092952,0.9999989314082507,0.9999959769454341,0.999987296643363,0.9999873180516587,0.9999886497781061,0.9999896429708387,0.9999730726611065,0.9999956125465864,0.9999897142608263,0.9999941247469637,0.9999921383398657,0.9999997732496174,0.9999883610390494,0.9999971467203062,0.999998371342551,0.9999797337083511,0.999994620649306,0.9999949559247172,0.9999974724227577,0.999988064886678,0.9999783547700931,0.9999966217795783,0.9999992385248119,0.9999967458900623,0.9999999871737347,0.9999430819176869,0.9999998422178891,0.9999942773218226,0.9999696692939901,0.9999995424972633,0.9999914164898639,0.9999912148224822,0.9999955460143195,0.9999945582609595,0.9999908166944951,0.999997332254156,0.9999936962651041,0.9999811484904767,0.9999999961143695,0.9999828017540169,0.9999983919846877,0.9999946790945822,0.9999918793154502,0.9999902763175271,0.9999958949623468,0.9999907211907728,0.9999911588086626,0.9999796653800483,0.9999682609862665,0.9999953066363106,0.9999995115428439,0.9999868720502108,0.9999643503216965,0.999994315759778,0.999989232804945,0.9999898397947121,0.999928367173985,0.9999859328931533,0.9999826307935304,0.999985865921536,0.999962114124815,0.9999982596532474,0.9999876462440943,0.9999802367349891,0.9999547690403944,0.9999897448762034,0.9999909041131307,0.9999666031969049,0.9999839800984441,0.9999939996314638,0.9999946541978858,0.9999966317413902,0.9999949501119175,0.9999981496106378,0.9999842352865977,0.9999795852533138,0.999992676487418,0.9999977343355883,0.9999786095308691,0.9999865665570753,0.9999958359028466,0.9999991184096644,0.9999910686008806
0.99,0.9999925254841268,0.9999587899345701,0.9999998511743388,7.474515873089289e-06,0.9999956112797007,0.9999913530975908,0.9999923272400528,0.9999866750620048,0.999993340062912,0.9999988839962501,0.9999966752475831,0.9999924525807131,0.9999895080250508,0.9999933844772892,0.999996720056609,0.9999892886354662,0.9999907380191685,0.9999991725432367,0.9999836757747531,0.9999916543672548,0.9999944603559392,0.9999955874110688,0.9999994652574937,0.9999987824001388,0.9999964979298861,0.9999930945085015,0.999997915100223,0.99998432122277,0.9999949838505848,0.9999965593512846,0.9999674628102685,0.999999327076278,0.9999652204559326,0.9999971236645626,0.9999912667747477,0.9999964430423885,0.9999987285630431,0.9999794479755323,0.9999992476302215,0.9999937295578484,0.9999849609133364,0.9999981476106299,0.9999982283097776,0.9999984368036371,0.9999948532758449,0.9999962710846668,0.9999961824621751,0.9999984502240153,0.9999946326617029,0.9999991761354898,0.999998201909497,0.9999877604983303,0.9999928958556125,0.9999962089252753,0.9999917797819403,0.9999856198375898,0.999998511221138,0.9999954712069798,0.9999907546837803,0.9999993202616881,0.9999997723228734,0.9999928335522664,0.9999939277149471,0.9999974891442454,0.9999919111356141,0.9999978099842544,0.9999942548000561,0.9999955978337332,0.999994466922308,0.9999904870191517,0.9999998511743388,0.9999938406806856,0.9999932247717108,0.9999994056083549,0.9999587899345701,0.99999574399204,0.9999989751603591,0.9999890549373379,0.9999996169994875,0.9999943292411304,0.9999984699059584,0.9999927951599195,0.9999954085248495,0.9999957733734316,0.9999952457619342,0.9999937763965827,0.9999944960576417,0.99999155283735,0.9999949235570788,0.9999994901653294,0.9999911092650434,0.9999980865334213,0.9999916827923971,0.9999968705301365,0.9999929754147325,0.9999949347265509,0.9999850432943977,0.999988215286047,0.999999394206909,0.9999939373583865,0.9999973754199561,0.9999762176225897,0.999995046965557,0.9999903241243322,0.9999917049170215,0.9999645218302351,0.999996468697436,0.9999904042494423,0.9999927749967711,0.9999890001969233,0.999997966832571,0.9999876767274405,0.9999816733952797,0.9999742876159647,0.9999871038818668,0.9999967106984081,0.9999808090630292,0.9999860453261249,0.9999970563897862,0.9999960650037125,0.9999998448448396,0.9999921496758545,0.9999934023301889,0.9999975816648308,0.9999813615656604,0.999994405551203,0.9999942895842965,0.9999783066950805,0.9999861216762953,0.9999993793501989,0.9999931393799475,0.9999914925503812
0.995,0.9999947115762559,0.9999823585620676,0.9999999995060241,5.288423744083833e-06,0.9999930878213114,0.9999902714465074,0.99999472287633,0.999994955451083,0.9999903950674843,0.9999966961755944,0.9999997369821402,0.9999994577986137,0.9999896604454426,0.9999938423232899,0.9999999447969259,0.9999929568220057,0.9999938760913651,0.9999993998916328,0.9999929475577094,0.9999926613075496,0.9999910052203844,0.999998664728533,0.9999994982148998,0.9999994316916874,0.9999998235361353,0.9999939339124112,0.999999973933337,0.9999860694715074,0.9999972257087215,0.9999985830928679,0.999990607714836,0.9999994911452499,0.9999887072731809,0.999999980508772,0.9999933260757239,0.9999995896032543,0.9999974498792851,0.9999907587169553,0.9999987218282641,0.999993160730265,0.9999875404414351,0.9999999825637659,0.9999999897984123,0.9999998472631819,0.9999999905364099,0.9999953542398267,0.9999918631791481,0.9999993864644445,0.9999971320854681,0.9999999471879949,0.9999983362258233,0.999991632253188,0.9999956229860857,0.9999953445437877,0.9999906618508377,0.9999861253778822,0.9999996739489321,0.9999918844685832,0.9999874746253672,0.999999367853792,0.9999905738569953,0.9999875954373009,0.9999895963638931,0.9999992330613088,0.9999897538183535,0.9999982582956317,0.9999905459889048,0.9999963874420288,0.9999968623905838,0.9999925629038836,0.9999999031864389,0.9999997597060509,0.9999938553837066,0.9999994022901771,0.9999823585620676,0.9999987172031298,0.9999995107832026,0.9999879066665124,0.9999999664211767,0.999995036731488,0.9999999995060241,0.9999951686297601,0.9999956850985703,0.9999955163309527,0.999999001424942,0.9999949988120965,0.9999975795520665,0.9999885716850645,0.999994971605812,0.9999988103367841,0.9999924215887642,0.9999955393517038,0.9999966286023186,0.9999912403695865,0.9999919361630033,0.9999938603894619,0.9999859699581674,0.999988292925155,0.9999996163810531,0.9999943228697166,0.9999995612754703,0.9999880324543837,0.9999907731704071,0.9999904466740159,0.9999920758997372,0.999989941689823,0.9999967070735302,0.9999966884399981,0.9999952149429444,0.9999902512096499,0.9999900828708286,0.9999915078151228,0.999993229974867,0.9999895732923149,0.9999965220649811,0.9999964515690476,0.9999940431291724,0.9999950786124148,0.9999950012399674,0.9999947758707544,0.9999995665021423,0.9999966185206555,0.9999939850851641,0.9999999446208601,0.999992511260272,0.9999950215780097,0.9999998843419279,0.9999824827978824,0.9999906165253688,0.9999991989788888,0.9999959424126849,0.9999956580580082
1.0,1.0,0.9999999999999996,1.0,6.296614806370797e-17,0.9999999999999998,1.0,0.9999999999999999,0.9999999999999999,0.9999999999999998,1.0,0.9999999999999997,0.9999999999999998,1.0,1.0,1.0,0.9999999999999999,1.0,1.0,1.0,1.0,1.0,1.0,0.9999999999999999,0.9999999999999999,0.9999999999999999,1.0,0.9999999999999999,1.0,1.0,0.9999999999999999,0.9999999999999999,0.9999999999999999,1.0,1.0,0.9999999999999997,1.0,1.0,1.0,1.0,1.0,1.0,0.9999999999999998,1.0,1.0,1.0,1.0,1.0,1.0,0.9999999999999999,1.0,1.0,0.9999999999999999,0.9999999999999999,0.9999999999999999,1.0,0.9999999999999997,1.0,1.0,1.0,1.0,0.9999999999999999,1.0,1.0,0.9999999999999999,0.9999999999999999,1.0,1.0,1.0,1.0,1.0,1.0,1.0,1.0,0.9999999999999998,1.0,1.0,0.9999999999999999,0.9999999999999999,1.0,1.0,1.0,1.0,1.0,1.0,1.0,1.0,1.0,1.0,1.0,1.0,1.0,1.0,1.0,0.9999999999999999,0.9999999999999999,0.9999999999999999,0.9999999999999999,1.0,0.9999999999999999,0.9999999999999999,1.0,1.0,0.9999999999999997,0.9999999999999999,0.9999999999999999,1.0,1.0,1.0,0.9999999999999999,1.0,0.9999999999999998,1.0,1.0,0.9999999999999999,1.0,1.0,1.0,1.0,1.0,1.0,0.9999999999999996,1.0,1.0,0.9999999999999997,0.9999999999999999,0.9999999999999999,1.0,1.0,1.0,0.9999999999999999,1.0,1.0
